match_id,date,team_a,team_b,elo_a_pre_original,elo_b_pre_original,elo_a_pre_rederived,elo_b_pre_rederived,elo_delta_a,elo_delta_b,elo_source_status
19500624_Brazil_vs_Mexico,1950-06-24,Brazil,Mexico,1776.493,1652.38,1776.492703676277,1652.3796087118835,0.0002963237229778315,0.00039128811658883933,comparado
19500625_Chile_vs_England,1950-06-25,Chile,England,1489.726,1726.578,1489.7256139384056,1726.5782326806273,0.00038606159455412126,-0.00023268062727765937,comparado
19500625_Italy_vs_Sweden,1950-06-25,Italy,Sweden,1778.604,1666.652,1778.6041588368273,1666.6523367900334,-0.00015883682726780535,-0.00033679003331599233,comparado
19500625_Spain_vs_United_States,1950-06-25,Spain,United States,1623.231,1436.628,1623.2308198849291,1436.6283854968215,0.00018011507086157508,-0.00038549682153643516,comparado
19500625_Switzerland_vs_Yugoslavia,1950-06-25,Switzerland,Yugoslavia,1514.404,1598.035,1514.4041213224755,1598.0351846576007,-0.00012132247547924635,-0.00018465760058461456,comparado
19500628_Brazil_vs_Switzerland,1950-06-28,Brazil,Switzerland,1797.52,1492.982,1797.519704921042,1492.981600724718,0.00029507895806091256,0.00039927528200678353,comparado
19500628_Mexico_vs_Yugoslavia,1950-06-28,Mexico,Yugoslavia,1631.353,1619.458,1631.3526074671186,1619.4577052553582,0.00039253288150575827,0.0002947446419057087,comparado
19500629_Chile_vs_Spain,1950-06-29,Chile,Spain,1481.241,1634.06,1481.2408127578747,1634.0604420925433,0.0001872421253210632,-0.0004420925433805678,comparado
19500629_England_vs_United_States,1950-06-29,England,United States,1735.063,1425.799,1735.0630338611581,1425.7987632892073,-3.3861158044601325e-05,0.00023671079270570772,comparado
19500629_Paraguay_vs_Sweden,1950-06-29,Paraguay,Sweden,1641.192,1694.194,1641.1919134099307,1694.1941687266028,8.65900692588184e-05,-0.0001687266028511658,comparado
19500701_Brazil_vs_Yugoslavia,1950-07-01,Brazil,Yugoslavia,1782.721,1649.404,1782.721482682158,1649.404276092148,-0.00048268215800817416,-0.00027609214794210857,comparado
19500702_Bolivia_vs_Uruguay,1950-07-02,Bolivia,Uruguay,1350.835,1569.234,1350.8352206617014,1569.2344841872084,-0.0002206617014053336,-0.0004841872084853094,comparado
19500702_Chile_vs_United_States,1950-07-02,Chile,United States,1468.589,1461.739,1468.5890577890011,1461.7394226989745,-5.7789001175478916e-05,-0.0004226989744893217,comparado
19500702_England_vs_Spain,1950-07-02,England,Spain,1699.122,1646.712,1699.122374451391,1646.7121970614169,-0.00037445139082592505,-0.00019706141688402568,comparado
19500702_Italy_vs_Paraguay,1950-07-02,Italy,Paraguay,1751.062,1644.371,1751.0623269002579,1644.370898603803,-0.00032690025796000555,0.00010139619712390413,comparado
19500702_Mexico_vs_Switzerland,1950-07-02,Mexico,Switzerland,1601.406,1507.78,1601.4060366303288,1507.7798229636019,-3.663032885015127e-05,0.0001770363980995171,comparado
19500709_Brazil_vs_Sweden,1950-07-09,Brazil,Sweden,1796.514,1691.015,1796.514161889731,1691.0151835327306,-0.00016188973108910432,-0.00018353273048887786,comparado
19500709_Spain_vs_Uruguay,1950-07-09,Spain,Uruguay,1670.856,1587.826,1670.856206475349,1587.8255360725643,-0.0002064753489321447,0.00046392743570322637,comparado
19500713_Brazil_vs_Spain,1950-07-13,Brazil,Spain,1824.019,1665.931,1824.0187194349405,1665.9310033046688,0.00028056505948370614,-3.3046687804016983e-06,comparado
19500713_Sweden_vs_Uruguay,1950-07-13,Sweden,Uruguay,1663.511,1592.751,1663.510625987521,1592.7507392432444,0.0003740124789146648,0.00026075675555148337,comparado
19500716_Brazil_vs_Uruguay,1950-07-16,Brazil,Uruguay,1844.168,1617.97,1844.1682674513308,1617.9695000977456,-0.0002674513309557369,0.0004999022544325271,comparado
19500716_Spain_vs_Sweden,1950-07-16,Spain,Sweden,1645.781,1638.292,1645.7814552882785,1638.2918651330199,-0.00045528827854468545,0.00013486698003362108,comparado
19530222_Peru_vs_Bolivia,1953-02-22,Peru,Bolivia,1580.279,1332.244,1580.2791916387018,1332.2441687763455,-0.0001916387018354726,-0.0001687763456175162,comparado
19530225_Bolivia_vs_Uruguay,1953-02-25,Bolivia,Uruguay,1366.12,1659.197,1366.1196459334635,1659.1970206634335,0.0003540665363743756,-2.0663433588197222e-05,comparado
19530225_Chile_vs_Paraguay,1953-02-25,Chile,Paraguay,1560.762,1628.919,1560.7622982782373,1628.9194331854148,-0.0002982782373237569,-0.0004331854147494596,comparado
19530228_Peru_vs_Ecuador,1953-02-28,Peru,Ecuador,1546.404,1232.194,1546.4037144815838,1232.194441777898,0.00028551841614898876,-0.0004417778980041476,comparado
19530301_Bolivia_vs_Brazil,1953-03-01,Bolivia,Brazil,1359.761,1824.564,1359.7612462135,1824.5640904716129,-0.00024621350007691944,-9.047161279340799e-05,comparado
19530301_Chile_vs_Uruguay,1953-03-01,Chile,Uruguay,1537.994,1665.555,1537.9943260194127,1665.555420383397,-0.0003260194127960858,-0.00042038339688588167,comparado
19530304_Ecuador_vs_Paraguay,1953-03-04,Ecuador,Paraguay,1226.281,1651.687,1226.2812110959342,1651.6874054442394,-0.00021109593421897443,-0.00040544423950450437,comparado
19530304_Peru_vs_Chile,1953-03-04,Peru,Chile,1552.317,1566.376,1552.3169451635476,1566.3757553781052,5.4836452363815624e-05,0.0002446218948080059,comparado
19530308_Bolivia_vs_Ecuador,1953-03-08,Bolivia,Ecuador,1355.116,1243.941,1355.1158367363212,1243.9412118250036,0.00016326367881447368,-0.00021182500358918332,comparado
19530308_Peru_vs_Paraguay,1953-03-08,Peru,Paraguay,1553.166,1634.027,1553.1662363568355,1634.02740471517,-0.00023635683555767173,-0.0004047151699069218,comparado
19530312_Brazil_vs_Ecuador,1953-03-12,Brazil,Ecuador,1829.209,1250.441,1829.2094999487917,1250.4405968879894,-0.0004999487916848011,0.0004031120106446906,comparado
19530312_Paraguay_vs_Uruguay,1953-03-12,Paraguay,Uruguay,1629.226,1637.174,1629.2262995984668,1637.1739910247045,-0.00029959846665406076,8.975295486379764e-06,comparado
19530315_Brazil_vs_Uruguay,1953-03-15,Brazil,Uruguay,1830.47,1636.694,1830.4698571213169,1636.6936936085203,0.00014287868316387176,0.000306391479625745,comparado
19530316_Bolivia_vs_Paraguay,1953-03-16,Bolivia,Paraguay,1348.616,1629.707,1348.6164516733354,1629.706597014651,-0.00045167333541940025,0.00040298534918292717,comparado
19530319_Chile_vs_Ecuador,1953-03-19,Chile,Ecuador,1565.526,1249.18,1565.5264641848173,1249.1802397154643,-0.0004641848172468599,-0.00023971546420398226,comparado
19530319_Peru_vs_Brazil,1953-03-19,Peru,Brazil,1557.967,1840.838,1557.9673414735387,1840.8376998815218,-0.0003414735385831591,0.00030011847820787807,comparado
19530323_Brazil_vs_Chile,1953-03-23,Brazil,Chile,1805.728,1572.618,1805.7281735091176,1572.6179686560683,-0.00017350911753055698,3.134393159598403e-05,comparado
19530323_Ecuador_vs_Uruguay,1953-03-23,Ecuador,Uruguay,1242.089,1626.326,1242.0887352442132,1626.3258508483154,0.0002647557867021533,0.00014915168458173866,comparado
19530327_Brazil_vs_Paraguay,1953-03-27,Brazil,Paraguay,1814.431,1636.656,1814.430547746139,1636.6563012678423,0.0004522538611126947,-0.00030126784236017556,comparado
19530328_Bolivia_vs_Chile,1953-03-28,Bolivia,Chile,1341.667,1563.916,1341.666747420144,1563.915594419047,0.0002525798558963288,0.00040558095292908547,comparado
19530328_Peru_vs_Uruguay,1953-03-28,Peru,Uruguay,1593.077,1633.192,1593.0768678459428,1633.19247032363,0.00013215405715527595,-0.0004703236299974378,comparado
19530401_Brazil_vs_Paraguay,1953-04-01,Brazil,Paraguay,1783.534,1667.553,1783.5343067602853,1667.552542253696,-0.0003067602851842821,0.00045774630416417494,comparado
19540616_Austria_vs_Scotland,1954-06-16,Austria,Scotland,1647.017,1621.229,1647.0167212571157,1621.2287541367741,0.00027874288434759364,0.0002458632259276783,comparado
19540616_Brazil_vs_Mexico,1954-06-16,Brazil,Mexico,1795.806,1603.436,1795.8062270884975,1603.4364357907393,-0.0002270884974677756,-0.0004357907394023641,comparado
19540616_Czechoslovakia_vs_Uruguay,1954-06-16,Czechoslovakia,Uruguay,1588.08,1661.778,1588.079586667554,1661.7781435851691,0.0004133324459871801,-0.0001435851690985146,comparado
19540616_France_vs_Yugoslavia,1954-06-16,France,Yugoslavia,1574.521,1684.87,1574.5213609327436,1684.8699813732665,-0.0003609327436606691,1.862673343566712e-05,comparado
19540617_Belgium_vs_England,1954-06-17,Belgium,England,1529.938,1693.841,1529.9375742097443,1693.8408556005684,0.00042579025580380403,0.00014439943151955958,comparado
19540617_Germany_vs_Turkey,1954-06-17,Germany,Turkey,1715.119,1517.005,1715.1190819808394,1517.0054272393638,-8.198083946808765e-05,-0.00042723936371658056,comparado
19540617_Hungary_vs_South_Korea,1954-06-17,Hungary,South Korea,1784.1,1531.809,1784.1002178414865,1531.8093749733819,-0.0002178414865738887,-0.00037497338189496077,comparado
19540617_Switzerland_vs_Italy,1954-06-17,Switzerland,Italy,1502.562,1748.774,1502.5622411816878,1748.7742535109855,-0.00024118168789755146,-0.0002535109856580675,comparado
19540619_Austria_vs_Czechoslovakia,1954-06-19,Austria,Czechoslovakia,1666.461,1570.422,1666.460878885444,1570.4219695315576,0.00012111455612284772,3.0468442446363042e-05,comparado
19540619_Brazil_vs_Yugoslavia,1954-06-19,Brazil,Yugoslavia,1812.994,1699.416,1812.9935344219468,1699.4157732762535,0.0004655780530811171,0.00022672374643661897,comparado
19540619_France_vs_Mexico,1954-06-19,France,Mexico,1559.976,1586.249,1559.9755690297566,1586.24912845729,0.0004309702435421059,-0.0001284572899749037,comparado
19540619_Scotland_vs_Uruguay,1954-06-19,Scotland,Uruguay,1601.785,1679.436,1601.784596508446,1679.4357607211655,0.0004034915541524242,0.00023927883444230247,comparado
19540620_Belgium_vs_Italy,1954-06-20,Belgium,Italy,1539.169,1714.968,1539.1694568756227,1714.9677644682272,-0.0004568756226035475,0.0002355317728870432,comparado
19540620_Germany_vs_Hungary,1954-06-20,Germany,Hungary,1728.058,1800.554,1728.0582036943608,1800.5538809410575,-0.00020369436083456094,0.0001190589425732469,comparado
19540620_South_Korea_vs_Turkey,1954-06-20,South Korea,Turkey,1515.356,1504.066,1515.3557118738108,1504.0663055258424,0.00028812618916163046,-0.00030552584235010727,comparado
19540620_Switzerland_vs_England,1954-06-20,Switzerland,England,1536.369,1684.609,1536.3687302244462,1684.60897293469,0.00026977555376106466,2.7065309950558003e-05,comparado
19540623_Germany_vs_Turkey,1954-06-23,Germany,Turkey,1699.124,1548.923,1699.1239338158234,1548.9228313295255,6.61841766032012e-05,0.00016867047452251427,comparado
19540623_Switzerland_vs_Italy,1954-06-23,Switzerland,Italy,1523.455,1729.341,1523.4548482197663,1729.341412204936,0.00015178023363660031,-0.0004122049360830715,comparado
19540626_England_vs_Uruguay,1954-06-26,England,Uruguay,1697.523,1712.342,1697.5228549393698,1712.3421205542502,0.00014506063007502235,-0.00012055425008838938,comparado
19540626_Switzerland_vs_Austria,1954-06-26,Switzerland,Austria,1564.232,1692.794,1564.2315083229605,1692.7943942898103,0.0004916770394629566,-0.0003942898101740866,comparado
19540627_Brazil_vs_Hungary,1954-06-27,Brazil,Hungary,1806.363,1829.488,1806.3630928524913,1829.488150819595,-9.285249120694061e-05,-0.00015081959486451524,comparado
19540627_Germany_vs_Yugoslavia,1954-06-27,Germany,Yugoslavia,1720.002,1706.046,1720.0017979351032,1706.046214845709,0.0002020648967118177,-0.00021484570902430278,comparado
19540630_Austria_vs_Germany,1954-06-30,Austria,Germany,1706.875,1742.007,1706.874850019453,1742.0068697409706,0.00014998054689385754,0.00013025902944718837,comparado
19540630_Hungary_vs_Uruguay,1954-06-30,Hungary,Uruguay,1850.802,1734.282,1850.8016584820766,1734.2817413461248,0.00034151792328884767,0.00025865387510748405,comparado
19540703_Austria_vs_Uruguay,1954-07-03,Austria,Uruguay,1673.572,1719.456,1673.5715744473189,1719.455821425202,0.00042555268100841204,0.00017857479792837694,comparado
19540704_Germany_vs_Hungary,1954-07-04,Germany,Hungary,1775.31,1865.628,1775.3101453131048,1865.6275784029995,-0.0001453131048947398,0.0004215970004679548,comparado
19550227_Chile_vs_Ecuador,1955-02-27,Chile,Ecuador,1506.898,1235.222,1506.8982553509427,1235.2221157688987,-0.0002553509427798417,-0.00011576889869502338,comparado
19550302_Argentina_vs_Paraguay,1955-03-02,Argentina,Paraguay,1852.59,1694.293,1852.5902715594575,1694.2926112966331,-0.0002715594575875002,0.000388703366752452,comparado
19550306_Chile_vs_Peru,1955-03-06,Chile,Peru,1519.49,1572.765,1519.4895907062012,1572.765319947436,0.0004092937988389167,-0.0003199474358552834,comparado
19550309_Argentina_vs_Ecuador,1955-03-09,Argentina,Ecuador,1864.933,1222.631,1864.9331682958236,1222.6307804136402,-0.00016829582364152884,0.00021958635988994502,comparado
19550309_Paraguay_vs_Uruguay,1955-03-09,Paraguay,Uruguay,1681.95,1693.889,1681.949714560267,1693.8889258198242,0.0002854397330338543,7.418017571581004e-05,comparado
19550313_Chile_vs_Uruguay,1955-03-13,Chile,Uruguay,1543.685,1716.047,1543.6847247275807,1716.0470429629322,0.00027527241923053225,-4.2962932184309466e-05,comparado
19550313_Ecuador_vs_Peru,1955-03-13,Ecuador,Peru,1221.365,1548.57,1221.365211332039,1548.5701859260564,-0.0002113320390435547,-0.00018592605647427263,comparado
19550316_Argentina_vs_Peru,1955-03-16,Argentina,Peru,1866.199,1553.872,1866.1987373774248,1553.8716038359264,0.00026262257529197086,0.00039616407366338535,comparado
19550316_Ecuador_vs_Paraguay,1955-03-16,Ecuador,Paraguay,1216.064,1659.792,1216.063793422169,1659.791597417159,0.00020657783102251415,0.0004025828409339738,comparado
19550320_Chile_vs_Paraguay,1955-03-20,Chile,Paraguay,1553.325,1662.561,1553.3246362994753,1662.5614941619126,0.0003637005247583147,-0.0004941619126839214,comparado
19550323_Ecuador_vs_Uruguay,1955-03-23,Ecuador,Uruguay,1213.294,1706.407,1213.2938966774154,1706.4071313910376,0.0001033225846640562,-0.00013139103771209193,comparado
19550323_Paraguay_vs_Peru,1955-03-23,Paraguay,Peru,1615.801,1568.903,1615.801093079692,1568.9031119683516,-9.307969207839051e-05,-0.00011196835157534224,comparado
19550327_Argentina_vs_Uruguay,1955-03-27,Argentina,Uruguay,1851.167,1709.459,1851.1672292449996,1709.4593403397007,-0.00022924499967302836,-0.00034033970064228924,comparado
19550330_Chile_vs_Argentina,1955-03-30,Chile,Argentina,1600.085,1872.849,1600.0850373816959,1872.8487402009894,-3.738169584721618e-05,0.00025979901056416566,comparado
19550330_Peru_vs_Uruguay,1955-03-30,Peru,Uruguay,1571.721,1687.778,1571.7206683585725,1687.777829383711,0.00033164142746500147,0.00017061628909686988,comparado
19560121_Uruguay_vs_Paraguay,1956-01-21,Uruguay,Paraguay,1660.013,1610.752,1660.012770961335,1610.7522529270252,0.0002290386648837739,-0.0002529270252580318,comparado
19560122_Argentina_vs_Peru,1956-01-22,Argentina,Peru,1880.081,1599.486,1880.0809060966822,1599.4857267809484,9.390331774739025e-05,0.00027321905167809746,comparado
19560124_Brazil_vs_Chile,1956-01-24,Brazil,Chile,1787.483,1592.651,1787.4828299322896,1592.6509105061689,0.00017006771031446988,8.949383118306287e-05,comparado
19560128_Uruguay_vs_Peru,1956-01-28,Uruguay,Peru,1679.4,1592.519,1679.4002067594647,1592.5194818361665,-0.0002067594646177895,-0.00048183616650021577,comparado
19560129_Argentina_vs_Chile,1956-01-29,Argentina,Chile,1887.047,1632.995,1887.047151041464,1632.9951899318212,-0.00015104146405064967,-0.00018993182129634079,comparado
19560129_Brazil_vs_Paraguay,1956-01-29,Brazil,Paraguay,1747.139,1591.365,1747.1385505066373,1591.3648171288955,0.00044949336256649985,0.00018287110447090527,comparado
19560201_Argentina_vs_Paraguay,1956-02-01,Argentina,Paraguay,1894.828,1600.196,1894.8276660970457,1600.1962432675118,0.0003339029542530625,-0.0002432675119052874,comparado
19560201_Brazil_vs_Peru,1956-02-01,Brazil,Peru,1738.307,1575.762,1738.307124368021,1575.762234444171,-0.00012436802103366063,-0.00023444417115570104,comparado
19560205_Argentina_vs_Brazil,1956-02-05,Argentina,Brazil,1901.337,1750.142,1901.3369878868189,1750.1415928467984,1.2113181128370343e-05,0.00040715320164963487,comparado
19560205_Paraguay_vs_Peru,1956-02-05,Paraguay,Peru,1593.687,1563.928,1593.6869214777387,1563.9277659653937,7.852226121940475e-05,0.00023403460636473028,comparado
19560206_Uruguay_vs_Chile,1956-02-06,Uruguay,Chile,1696.157,1625.215,1696.1574541514601,1625.2146748762395,-0.0004541514601896779,0.0003251237603763002,comparado
19560209_Chile_vs_Peru,1956-02-09,Chile,Peru,1608.444,1565.722,1608.4440430143693,1565.7221084397554,-4.301436933928926e-05,-0.000108439755422296,comparado
19560210_Uruguay_vs_Brazil,1956-02-10,Uruguay,Brazil,1712.928,1779.744,1712.9280860133304,1779.7439764475248,-8.601333024671476e-05,2.3552475113319815e-05,comparado
19560212_Chile_vs_Paraguay,1956-02-12,Chile,Paraguay,1626.875,1591.893,1626.8747434382876,1591.892579003377,0.0002565617123764241,0.00042099662300643104,comparado
19560215_Uruguay_vs_Argentina,1956-02-15,Uruguay,Argentina,1716.918,1871.735,1716.9175682714224,1871.7346042860925,0.00043172857749596005,0.0003957139074373117,comparado
19570307_Ecuador_vs_Uruguay,1957-03-07,Ecuador,Uruguay,1210.242,1728.47,1210.2416877287524,1728.4699710026694,0.0003122712475942535,2.8997330673519173e-05,comparado
19570310_Peru_vs_Ecuador,1957-03-10,Peru,Ecuador,1556.827,1207.971,1556.826522870486,1207.970672923262,0.00047712951391076786,0.0003270767379035533,comparado
19570313_Argentina_vs_Colombia,1957-03-13,Argentina,Colombia,1857.037,1299.706,1857.0371372892307,1299.7061003468898,-0.00013728923067901633,-0.00010034688989435381,comparado
19570313_Brazil_vs_Chile,1957-03-13,Brazil,Chile,1810.289,1630.125,1810.2894885254466,1630.1249209015339,-0.0004885254465989419,7.909846613074478e-05,comparado
19570316_Peru_vs_Chile,1957-03-16,Peru,Chile,1561.797,1618.963,1561.7971050576855,1618.9633262049106,-0.00010505768545954197,-0.0003262049106069753,comparado
19570317_Argentina_vs_Ecuador,1957-03-17,Argentina,Ecuador,1859.571,1203.0,1859.5709038717532,1203.0000907360627,9.61282466960256e-05,-9.073606270249002e-05,comparado
19570317_Colombia_vs_Uruguay,1957-03-17,Colombia,Uruguay,1297.172,1730.741,1297.1723337643673,1730.7409858081596,-0.00033376436726939573,1.4191840364219388e-05,comparado
19570320_Argentina_vs_Uruguay,1957-03-20,Argentina,Uruguay,1860.572,1691.939,1860.571941600527,1691.9393533366463,5.839947289132397e-05,-0.00035333664618519833,comparado
19570321_Brazil_vs_Ecuador,1957-03-21,Brazil,Ecuador,1821.451,1201.999,1821.4510832220699,1201.999053007289,-8.322206986122183e-05,-5.3007288897788385e-05,comparado
19570321_Chile_vs_Colombia,1957-03-21,Chile,Colombia,1594.539,1335.974,1594.5388836304464,1335.9739662358807,0.00011636955355243117,3.376411928002199e-05,comparado
19570323_Peru_vs_Uruguay,1957-03-23,Peru,Uruguay,1586.222,1674.69,1586.2215476321496,1674.6903740071468,0.0004523678503574047,-0.000374007146774602,comparado
19570324_Brazil_vs_Colombia,1957-03-24,Brazil,Colombia,1823.205,1328.239,1823.2045259716758,1328.239284088591,0.00047402832410625706,-0.0002840885908881319,comparado
19570324_Chile_vs_Ecuador,1957-03-24,Chile,Ecuador,1602.274,1200.246,1602.2735657777362,1200.245610257683,0.00043422226372058503,0.00038974231711108587,comparado
19570327_Peru_vs_Colombia,1957-03-27,Peru,Colombia,1569.571,1323.919,1569.5711160714882,1323.9193035889828,-0.00011607148826442426,-0.0003035889826605853,comparado
19570328_Argentina_vs_Chile,1957-03-28,Argentina,Chile,1877.821,1585.051,1877.8209209300264,1585.0514198428314,7.906997348072764e-05,-0.0004198428314339253,comparado
19570328_Brazil_vs_Uruguay,1957-03-28,Brazil,Uruguay,1827.525,1691.341,1827.524506471284,1691.3408055678083,0.0004935287161060842,0.00019443219161985326,comparado
19570331_Peru_vs_Brazil,1957-03-31,Peru,Brazil,1579.815,1798.69,1579.815373422979,1798.690335623913,-0.0003734229790097743,-0.00033562391286068305,comparado
19570401_Chile_vs_Uruguay,1957-04-01,Chile,Uruguay,1575.721,1720.175,1575.7214414658986,1720.1749764151793,-0.0004414658985751885,2.3584820610267343e-05,comparado
19570401_Colombia_vs_Ecuador,1957-04-01,Colombia,Ecuador,1313.675,1217.468,1313.6750462374919,1217.4677561925878,-4.6237491915235296e-05,0.00024380741228924308,comparado
19570403_Argentina_vs_Brazil,1957-04-03,Argentina,Brazil,1887.151,1807.972,1887.1508993069592,1807.9716326863652,0.00010069304084936448,0.0003673136347970285,comparado
19570406_Peru_vs_Argentina,1957-04-06,Peru,Argentina,1570.534,1908.956,1570.5340763605268,1908.9562584528178,-7.636052669113269e-05,-0.0002584528178886103,comparado
19580608_Argentina_vs_Germany,1958-06-08,Argentina,Germany,1838.897,1718.115,1838.8972002688968,1718.1150543530334,-0.00020026889683322224,-5.4353033419829444e-05,comparado
19580608_Austria_vs_Brazil,1958-06-08,Austria,Brazil,1687.861,1780.432,1687.8612186630771,1780.4323177850436,-0.00021866307702111953,-0.0003177850435349683,comparado
19580608_Czechoslovakia_vs_Northern_Ireland,1958-06-08,Czechoslovakia,Northern Ireland,1640.215,1458.309,1640.2151302847124,1458.3091311587941,-0.00013028471244069806,-0.00013115879414726805,comparado
19580608_England_vs_Russia,1958-06-08,England,Russia,1719.786,1603.066,1719.7864243180798,1603.0664512197252,-0.0004243180796947854,-0.0004512197251642647,comparado
19580608_France_vs_Paraguay,1958-06-08,France,Paraguay,1633.028,1574.016,1633.0278803949284,1574.0162023734783,0.00011960507163166767,-0.00020237347825968754,comparado
19580608_Hungary_vs_Wales,1958-06-08,Hungary,Wales,1814.153,1499.191,1814.1532715235335,1499.1908401418636,-0.0002715235334562749,0.00015985813638508262,comparado
19580608_Scotland_vs_Yugoslavia,1958-06-08,Scotland,Yugoslavia,1589.737,1691.633,1589.7369839282246,1691.6328879341725,1.60717754624784e-05,0.00011206582757949946,comparado
19580608_Sweden_vs_Mexico,1958-06-08,Sweden,Mexico,1621.724,1638.311,1621.7244659912972,1638.310617675394,-0.0004659912972329039,0.0003823246058800578,comparado
19580611_Argentina_vs_Northern_Ireland,1958-06-11,Argentina,Northern Ireland,1809.716,1489.399,1809.7162770849043,1489.3985551732828,-0.0002770849043827184,0.0004448267170573672,comparado
19580611_Austria_vs_Russia,1958-06-11,Austria,Russia,1667.197,1609.867,1667.19674751186,1609.867392229486,0.0002524881399494916,-0.0003922294861240516,comparado
19580611_Brazil_vs_England,1958-06-11,Brazil,England,1801.097,1712.985,1801.0967889362607,1712.9854833083189,0.00021106373924340005,-0.00048330831896237214,comparado
19580611_Czechoslovakia_vs_Germany,1958-06-11,Czechoslovakia,Germany,1609.126,1747.296,1609.1257062702236,1747.295977537026,0.0002937297763310198,2.246297412966669e-05,comparado
19580611_France_vs_Yugoslavia,1958-06-11,France,Yugoslavia,1660.406,1685.645,1660.405683053299,1685.6447188110476,0.0003169467008774518,0.0002811889523854916,comparado
19580611_Mexico_vs_Wales,1958-06-11,Mexico,Wales,1608.038,1514.3,1608.0379413511905,1514.2996026997419,5.864880949957296e-05,0.0003973002581005858,comparado
19580611_Paraguay_vs_Scotland,1958-06-11,Paraguay,Scotland,1546.638,1595.725,1546.6383997151077,1595.7251530513495,-0.00039971510773284535,-0.0001530513495708874,comparado
19580612_Sweden_vs_Hungary,1958-06-12,Sweden,Hungary,1651.997,1799.045,1651.9971423155007,1799.0445089656553,-0.0001423155006250454,0.0004910343448045751,comparado
19580615_Argentina_vs_Czechoslovakia,1958-06-15,Argentina,Czechoslovakia,1815.218,1617.063,1815.2178056501307,1617.0630192078916,0.0001943498693890433,-1.9207891455153003e-05,comparado
19580615_Austria_vs_England,1958-06-15,Austria,England,1641.035,1718.2,1641.0349558204475,1718.1998705108701,4.4179552560308366e-05,0.0001294891299039591,comparado
19580615_Brazil_vs_Russia,1958-06-15,Brazil,Russia,1795.882,1636.029,1795.8824017337095,1636.0291839208985,-0.0004017337093955575,-0.0001839208985074947,comparado
19580615_France_vs_Scotland,1958-06-15,France,Scotland,1640.929,1571.778,1640.9285247279138,1571.7777939512364,0.0004752720863052673,0.00020604876362995128,comparado
19580615_Germany_vs_Northern_Ireland,1958-06-15,Germany,Northern Ireland,1739.359,1483.897,1739.358664599358,1483.8970266080564,0.0003354006419158395,-2.6608056487020804e-05,comparado
19580615_Hungary_vs_Mexico,1958-06-15,Hungary,Mexico,1769.652,1602.506,1769.651788204386,1602.5057158765148,0.00021179561395001656,0.0002841234852439811,comparado
19580615_Paraguay_vs_Yugoslavia,1958-06-15,Paraguay,Yugoslavia,1570.586,1705.122,1570.5857588152207,1705.1218771364329,0.00024118477927004278,0.00012286356718504976,comparado
19580615_Sweden_vs_Wales,1958-06-15,Sweden,Wales,1681.39,1519.832,1681.3898630767699,1519.8318281744175,0.00013692323022951314,0.0001718255825835513,comparado
19580617_Czechoslovakia_vs_Northern_Ireland,1958-06-17,Czechoslovakia,Northern Ireland,1669.379,1497.049,1669.3785510810665,1497.0489817551652,0.00044891893344356504,1.8244834791403264e-05,comparado
19580617_England_vs_Russia,1958-06-17,England,Russia,1713.611,1623.773,1713.6110082345047,1623.7730526412709,-8.234504548454424e-06,-5.2641270940512186e-05,comparado
19580617_Hungary_vs_Wales,1958-06-17,Hungary,Wales,1787.019,1528.949,1787.0189225601314,1528.9490140836613,7.743986861896701e-05,-1.4083661199038033e-05,comparado
19580619_Brazil_vs_Wales,1958-06-19,Brazil,Wales,1808.139,1563.196,1808.138533013337,1563.196334634204,0.0004669866627864394,-0.0003346342041368189,comparado
19580619_France_vs_Northern_Ireland,1958-06-19,France,Northern Ireland,1657.803,1527.687,1657.8031868031871,1527.6873309305522,-0.00018680318703445664,-0.00033093055230892787,comparado
19580619_Germany_vs_Yugoslavia,1958-06-19,Germany,Yugoslavia,1726.207,1697.374,1726.2067094522492,1697.3735829205714,0.0002905477508647891,0.000417079428643774,comparado
19580619_Sweden_vs_Russia,1958-06-19,Sweden,Russia,1672.273,1650.085,1672.2726771675261,1650.0852474677329,0.0003228324737847288,-0.00024746773283368384,comparado
19580624_Brazil_vs_France,1958-06-24,Brazil,France,1816.38,1678.292,1816.3803591636586,1678.2923729902043,-0.0003591636584587832,-0.0003729902043687616,comparado
19580624_Sweden_vs_Germany,1958-06-24,Sweden,Germany,1693.657,1745.468,1693.656556357842,1745.467942701097,0.00044364215796122153,5.729890312977659e-05,comparado
19580628_France_vs_Germany,1958-06-28,France,Germany,1661.248,1719.591,1661.247587805599,1719.5913282746574,0.00041219440095119353,-0.000328274657476868,comparado
19580629_Sweden_vs_Brazil,1958-06-29,Sweden,Brazil,1719.533,1833.425,1719.5331707842815,1833.4251443482638,-0.00017078428163586068,-0.0001443482638023852,comparado
19590307_Argentina_vs_Chile,1959-03-07,Argentina,Chile,1762.902,1551.566,1762.9022737769558,1551.5662979626748,-0.0002737769557370484,-0.00029796267472192994,comparado
19590308_Bolivia_vs_Uruguay,1959-03-08,Bolivia,Uruguay,1431.561,1711.81,1431.5606739869668,1711.8102666332513,0.00032601303314550023,-0.0002666332513854286,comparado
19590310_Brazil_vs_Peru,1959-03-10,Brazil,Peru,1852.343,1603.541,1852.3425486332044,1603.540794641996,0.0004513667956871359,0.00020535800399557047,comparado
19590311_Argentina_vs_Bolivia,1959-03-11,Argentina,Bolivia,1778.594,1418.69,1778.593788048339,1418.6902368368314,0.0002119516609582206,-0.0002368368313909741,comparado
19590311_Chile_vs_Paraguay,1959-03-11,Chile,Paraguay,1535.875,1578.334,1535.8747836912914,1578.3340530310822,0.00021630870855915418,-5.3031082188681467e-05,comparado
19590314_Peru_vs_Uruguay,1959-03-14,Peru,Uruguay,1616.445,1724.681,1616.445154969375,1724.6807037833867,-0.00015496937498937768,0.0002962166133784194,comparado
19590315_Bolivia_vs_Paraguay,1959-03-15,Bolivia,Paraguay,1414.254,1596.78,1414.2540479143622,1596.7803934859664,-4.791436231244006e-05,-0.00039348596646959777,comparado
19590315_Brazil_vs_Chile,1959-03-15,Brazil,Chile,1839.438,1517.428,1839.4381883058254,1517.4284432364072,-0.0001883058253042691,-0.00044323640713628265,comparado
19590318_Argentina_vs_Peru,1959-03-18,Argentina,Peru,1783.03,1645.071,1783.0299769708083,1645.0710520276527,2.3029191652312875e-05,-5.202765282774635e-05,comparado
19590318_Paraguay_vs_Uruguay,1959-03-18,Paraguay,Uruguay,1614.784,1696.055,1614.7841791765013,1696.0548067251088,-0.0001791765012058022,0.0001932748912167881,comparado
19590321_Bolivia_vs_Brazil,1959-03-21,Bolivia,Brazil,1396.25,1846.318,1396.2502622238273,1846.3175511378038,-0.00026222382734886196,0.00044886219620821066,comparado
19590321_Chile_vs_Peru,1959-03-21,Chile,Peru,1510.549,1631.556,1510.5490804044289,1631.5557191778441,-8.040442889978294e-05,0.00028082215590075066,comparado
19590322_Argentina_vs_Paraguay,1959-03-22,Argentina,Paraguay,1796.545,1597.647,1796.545309820617,1597.6467139406552,-0.00030982061684881046,0.0002860593447167048,comparado
19590326_Bolivia_vs_Chile,1959-03-26,Bolivia,Chile,1393.579,1517.581,1393.579108744106,1517.5810103989952,-0.00010874410600081319,-1.039899530042021e-05,comparado
19590326_Brazil_vs_Uruguay,1959-03-26,Brazil,Uruguay,1848.989,1713.192,1848.9887046175252,1713.192271960955,0.0002953824748601619,-0.0002719609549330926,comparado
19590329_Bolivia_vs_Peru,1959-03-29,Bolivia,Peru,1375.459,1624.524,1375.4587846032068,1624.5237891832778,0.0002153967932372325,0.00021081672207401425,comparado
19590329_Brazil_vs_Paraguay,1959-03-29,Brazil,Paraguay,1862.633,1587.431,1862.6328017191556,1587.431114364512,0.0001982808444154216,-0.00011436451200097508,comparado
19590330_Argentina_vs_Uruguay,1959-03-30,Argentina,Uruguay,1806.761,1699.548,1806.76090939676,1699.5481748593245,9.060323986886942e-05,-0.00017485932448835229,comparado
19590402_Chile_vs_Uruguay,1959-04-02,Chile,Uruguay,1535.701,1680.093,1535.7013345398943,1680.0929426743753,-0.0003345398943110922,5.7325624766235705e-05,comparado
19590402_Paraguay_vs_Peru,1959-04-02,Paraguay,Peru,1578.623,1611.61,1578.6229704049786,1611.6095301085402,2.9595021487693884e-05,0.0004698914597156545,comparado
19590404_Argentina_vs_Brazil,1959-04-04,Argentina,Brazil,1826.216,1871.441,1826.2161415817093,1871.440945678689,-0.00014158170938571857,5.432131092675263e-05,comparado
19591205_Brazil_vs_Paraguay,1959-12-05,Brazil,Paraguay,1880.872,1608.966,1880.872158417806,1608.9656236277701,-0.0001584178060056729,0.00037637222976627527,comparado
19591206_Ecuador_vs_Uruguay,1959-12-06,Ecuador,Uruguay,1197.107,1643.481,1197.1073951796593,1643.4806947025247,-0.0003951796593355539,0.000305297475279076,comparado
19591209_Argentina_vs_Paraguay,1959-12-09,Argentina,Paraguay,1819.224,1601.704,1819.2243366018683,1601.7038693965428,-0.0003366018684118899,0.00013060345713711285,comparado
19591212_Brazil_vs_Uruguay,1959-12-12,Brazil,Uruguay,1888.134,1647.478,1888.1339126490334,1647.4775552330834,8.735096662348951e-05,0.00044476691664385726,comparado
19591212_Ecuador_vs_Argentina,1959-12-12,Ecuador,Argentina,1193.111,1828.56,1193.1105346491006,1828.5599166406057,0.0004653508995033917,8.335939423886884e-05,comparado
19591216_Argentina_vs_Uruguay,1959-12-16,Argentina,Uruguay,1808.616,1689.456,1808.615686488778,1689.4560563500615,0.00031351122197520453,-5.6350061640841886e-05,comparado
19591219_Ecuador_vs_Brazil,1959-12-19,Ecuador,Brazil,1213.055,1846.155,1213.0547648009283,1846.1554115320553,0.000235199071767056,-0.00041153205529553816,comparado
19591222_Argentina_vs_Brazil,1959-12-22,Argentina,Brazil,1761.139,1847.068,1761.138647230361,1847.0680476319474,0.00035276963899377733,-4.7631947381887585e-05,comparado
19591222_Paraguay_vs_Uruguay,1959-12-22,Paraguay,Uruguay,1592.368,1736.933,1592.3682893578055,1736.9330956084787,-0.00028935780551364587,-9.560847865941469e-05,comparado
19591225_Ecuador_vs_Paraguay,1959-12-25,Ecuador,Paraguay,1212.142,1600.635,1212.1421287010362,1600.634565032594,-0.00012870103614659456,0.00043496740590853733,comparado
19600706_Czechoslovakia_vs_Russia,1960-07-06,Czechoslovakia,Russia,1659.783,1679.957,1659.783130883884,1679.9568330661843,-0.00013088388413962093,0.00016693381576260435,comparado
19600706_France_vs_Yugoslavia,1960-07-06,France,Yugoslavia,1718.141,1682.051,1718.1412502881813,1682.0508285357837,-0.0002502881811778934,0.00017146421623692731,comparado
19600709_France_vs_Czechoslovakia,1960-07-09,France,Czechoslovakia,1694.968,1632.609,1694.9676543577455,1632.6086253516532,0.00034564225461508613,0.00037464834667844116,comparado
19600710_Russia_vs_Yugoslavia,1960-07-10,Russia,Yugoslavia,1707.131,1705.224,1707.1313385984151,1705.2244244662195,-0.00033859841505545774,-0.00042446621955605224,comparado
19620530_Argentina_vs_Bulgaria,1962-05-30,Argentina,Bulgaria,1790.202,1544.217,1790.2023186832669,1544.2167049460247,-0.00031868326686890214,0.00029505397537832323,comparado
19620530_Brazil_vs_Mexico,1962-05-30,Brazil,Mexico,1862.809,1633.498,1862.8087574267797,1633.497544420573,0.00024257322024823225,0.0004555794271254854,comparado
19620530_Chile_vs_Switzerland,1962-05-30,Chile,Switzerland,1562.374,1530.873,1562.3735339385344,1530.8731847876725,0.00046606146565864037,-0.00018478767242413596,comparado
19620530_Colombia_vs_Uruguay,1962-05-30,Colombia,Uruguay,1364.629,1704.838,1364.628758718836,1704.8383221380204,0.00024128116388055787,-0.0003221380204649904,comparado
19620531_Czechoslovakia_vs_Spain,1962-05-31,Czechoslovakia,Spain,1710.846,1702.312,1710.8464262044824,1702.3124138939759,-0.0004262044824372424,-0.00041389397597413335,comparado
19620531_England_vs_Hungary,1962-05-31,England,Hungary,1698.54,1735.707,1698.5398560578506,1735.7069834432402,0.00014394214940693928,1.6556759874220006e-05,comparado
19620531_Germany_vs_Italy,1962-05-31,Germany,Italy,1699.275,1665.939,1699.2746709241032,1665.939020956681,0.0003290758968432783,-2.095668082802149e-05,comparado
19620531_Russia_vs_Yugoslavia,1962-05-31,Russia,Yugoslavia,1765.196,1736.528,1765.196493006529,1736.5280983887596,-0.0004930065290409402,-9.838875962486782e-05,comparado
19620602_Argentina_vs_England,1962-06-02,Argentina,England,1798.404,1679.778,1798.4044281424087,1679.7778130982697,-0.00042814240873667586,0.0001869017303306464,comparado
19620602_Brazil_vs_Czechoslovakia,1962-06-02,Brazil,Czechoslovakia,1871.618,1731.331,1871.6179115865998,1731.3307098166013,8.841340013532317e-05,0.0002901833986470592,comparado
19620602_Chile_vs_Italy,1962-06-02,Chile,Italy,1583.062,1667.948,1583.0621519010017,1667.9477625826814,-0.00015190100180006993,0.00023741731865811744,comparado
19620602_Uruguay_vs_Yugoslavia,1962-06-02,Uruguay,Yugoslavia,1710.031,1715.629,1710.0311983840334,1715.6289453865984,-0.000198384033410548,5.461340151668992e-05,comparado
19620603_Bulgaria_vs_Hungary,1962-06-03,Bulgaria,Hungary,1536.015,1754.469,1536.0145954868829,1754.469026402821,0.00040451311724609695,-2.6402821049487102e-05,comparado
19620603_Colombia_vs_Russia,1962-06-03,Colombia,Russia,1359.436,1786.096,1359.435882472823,1786.0956460086902,0.00011752717682611546,0.0003539913097938552,comparado
19620603_Germany_vs_Switzerland,1962-06-03,Germany,Switzerland,1697.266,1510.185,1697.2659292981027,1510.1845668252051,7.070189735713939e-05,0.00043317479480720067,comparado
19620603_Mexico_vs_Spain,1962-06-03,Mexico,Spain,1624.688,1681.828,1624.6883902607528,1681.828130281857,-0.0003902607527379587,-0.00013028185708208184,comparado
19620606_Argentina_vs_Hungary,1962-06-06,Argentina,Hungary,1769.317,1769.625,1769.3172610449567,1769.6252825602671,-0.0002610449566873285,-0.0002825602671236993,comparado
19620606_Brazil_vs_Spain,1962-06-06,Brazil,Spain,1863.571,1699.405,1863.571177982318,1699.4052457596595,-0.00017798231806409603,-0.00024575965949225065,comparado
19620606_Chile_vs_Germany,1962-06-06,Chile,Germany,1610.598,1707.938,1610.5977087344424,1707.9376259034893,0.0002912655575073586,0.00037409651076814043,comparado
19620606_Russia_vs_Uruguay,1962-06-06,Russia,Uruguay,1768.414,1687.39,1768.4135273067104,1687.3896267571467,0.0004726932895664504,0.0003732428533567145,comparado
19620607_Bulgaria_vs_England,1962-06-07,Bulgaria,England,1520.858,1708.865,1520.8583393294368,1708.8649801957217,-0.00033932943688341766,1.9804278281299048e-05,comparado
19620607_Colombia_vs_Yugoslavia,1962-06-07,Colombia,Yugoslavia,1377.118,1738.271,1377.1180011748029,1738.270517013485,-1.1748029464797582e-06,0.00048298651495315426,comparado
19620607_Czechoslovakia_vs_Mexico,1962-06-07,Czechoslovakia,Mexico,1739.377,1607.111,1739.377443420883,1607.1112747829504,-0.0004434208831298747,-0.0002747829503277899,comparado
19620607_Italy_vs_Switzerland,1962-06-07,Italy,Switzerland,1640.412,1499.513,1640.4122057492407,1499.5128702198185,-0.0002057492406493111,0.00012978018139619962,comparado
19620610_Brazil_vs_England,1962-06-10,Brazil,England,1875.326,1698.494,1875.3264922800163,1698.494333990902,-0.000492280016260338,-0.00033399090216335026,comparado
19620610_Chile_vs_Russia,1962-06-10,Chile,Russia,1594.537,1784.603,1594.537171718212,1784.6031013073664,-0.00017171821195915982,-0.00010130736632163462,comparado
19620610_Czechoslovakia_vs_Hungary,1962-06-10,Czechoslovakia,Hungary,1709.708,1769.607,1709.7084669980495,1769.606664864221,-0.00046699804943273193,0.0003351357788687892,comparado
19620610_Germany_vs_Yugoslavia,1962-06-10,Germany,Yugoslavia,1723.998,1745.456,1723.9981629197198,1745.4560540567302,-0.00016291971974169428,-5.405673027780722e-05,comparado
19620613_Chile_vs_Brazil,1962-06-13,Chile,Brazil,1626.002,1886.663,1626.0016561000061,1886.6627565544984,0.00034389999382256065,0.00024344550161004008,comparado
19620613_Czechoslovakia_vs_Yugoslavia,1962-06-13,Czechoslovakia,Yugoslavia,1734.293,1765.161,1734.293437911657,1765.1607243219842,-0.00043791165717266267,0.0002756780158961192,comparado
19620616_Chile_vs_Yugoslavia,1962-06-16,Chile,Yugoslavia,1618.479,1740.393,1618.4788878488318,1740.393058262002,0.00011215116819585091,-5.826200185765629e-05,comparado
19620617_Brazil_vs_Czechoslovakia,1962-06-17,Brazil,Czechoslovakia,1894.186,1759.061,1894.1855248056727,1759.0611039716393,0.0004751943272367498,-0.00010397163941888721,comparado
19630310_Argentina_vs_Colombia,1963-03-10,Argentina,Colombia,1781.009,1369.932,1781.0093624841388,1369.9324641315577,-0.0003624841388045752,-0.0004641315576918714,comparado
19630310_Bolivia_vs_Ecuador,1963-03-10,Bolivia,Ecuador,1399.117,1244.357,1399.1168264504993,1244.3569353811351,0.00017354950068693142,6.46188648261159e-05,comparado
19630310_Brazil_vs_Peru,1963-03-10,Brazil,Peru,1902.964,1546.708,1902.963979289538,1546.7081859785328,2.0710461967610172e-05,-0.0001859785327269492,comparado
19630313_Argentina_vs_Peru,1963-03-13,Argentina,Peru,1784.344,1541.921,1784.3440688483965,1541.9212663322105,-6.884839649501373e-05,-0.00026633221045813116,comparado
19630314_Brazil_vs_Colombia,1963-03-14,Brazil,Colombia,1907.751,1366.598,1907.7508989358603,1366.5977577673,0.00010106413969879213,0.00024223269997492025,comparado
19630314_Ecuador_vs_Paraguay,1963-03-14,Ecuador,Paraguay,1253.138,1513.349,1253.1378578930726,1513.3485036943596,0.00014210692734195618,0.0004963056403539667,comparado
19630317_Bolivia_vs_Colombia,1963-03-17,Bolivia,Colombia,1390.336,1364.293,1390.3359039385618,1364.2927389190659,9.606143817109114e-05,0.0002610809340239939,comparado
19630317_Brazil_vs_Paraguay,1963-03-17,Brazil,Paraguay,1910.056,1520.889,1910.0559177840944,1520.8886150133283,8.221590564971848e-05,0.0003849866716336692,comparado
19630317_Ecuador_vs_Peru,1963-03-17,Ecuador,Peru,1245.598,1575.583,1245.597746574104,1575.582942904073,0.00025342589606225374,5.709592710445577e-05,comparado
19630320_Argentina_vs_Ecuador,1963-03-20,Argentina,Ecuador,1750.682,1240.131,1750.682392276534,1240.1310392283954,-0.00039227653405760066,-3.92283952805883e-05,comparado
19630320_Colombia_vs_Paraguay,1963-03-20,Colombia,Paraguay,1344.864,1556.323,1344.8639206766834,1556.3234705275227,7.932331664051162e-05,-0.00047052752256604435,comparado
19630321_Bolivia_vs_Peru,1963-03-21,Bolivia,Peru,1409.765,1581.05,1409.7647221809443,1581.0496502497815,0.0002778190557819471,0.0003497502184472978,comparado
19630324_Argentina_vs_Brazil,1963-03-24,Argentina,Brazil,1752.565,1874.621,1752.5646753500241,1874.6210622699,0.0003246499759370636,-6.226989989954745e-05,comparado
19630324_Bolivia_vs_Paraguay,1963-03-24,Bolivia,Paraguay,1440.353,1565.917,1440.3531623634703,1565.917075757393,-0.00016236347028097953,-7.575739300591522e-05,comparado
19630324_Colombia_vs_Peru,1963-03-24,Colombia,Peru,1335.27,1550.461,1335.2703154468131,1550.4612100672555,-0.0003154468131469912,-0.0002100672554661287,comparado
19630327_Brazil_vs_Ecuador,1963-03-27,Brazil,Ecuador,1837.729,1238.249,1837.7292991016152,1238.2487561549053,-0.0002991016151554504,0.0002438450947011006,comparado
19630327_Paraguay_vs_Peru,1963-03-27,Paraguay,Peru,1536.531,1538.897,1536.530576884454,1538.8967481176041,0.0004231155460274749,0.00025188239578710636,comparado
19630328_Bolivia_vs_Argentina,1963-03-28,Bolivia,Argentina,1469.74,1789.456,1469.7396612364093,1789.456438518309,0.00033876359066198347,-0.0004385183090107603,comparado
19630331_Argentina_vs_Paraguay,1963-03-31,Argentina,Paraguay,1753.21,1565.81,1753.2104189131585,1565.8095302001632,-0.0004189131584553252,0.00046979983676465054,comparado
19630331_Bolivia_vs_Brazil,1963-03-31,Bolivia,Brazil,1505.986,1818.02,1505.9856808415598,1818.020480157017,0.00031915844033392204,-0.00048015701690928836,comparado
19630331_Colombia_vs_Ecuador,1963-03-31,Colombia,Ecuador,1346.835,1257.958,1346.8347773964645,1257.9575750995036,0.0002226035355761269,0.00042490049645493855,comparado
19640617_Denmark_vs_Russia,1964-06-17,Denmark,Russia,1527.334,1769.77,1527.3340188688123,1769.7696935005706,-1.8868812276195968e-05,0.0003064994293708878,comparado
19640617_Spain_vs_Hungary,1964-06-17,Spain,Hungary,1677.771,1751.476,1677.7706203677112,1751.47574800536,0.0003796322887410497,0.00025199464016623097,comparado
19640620_Hungary_vs_Denmark,1964-06-20,Hungary,Denmark,1726.086,1516.923,1726.0864473924755,1516.9226472627397,-0.00044739247550751315,0.0003527372603002732,comparado
19640621_Spain_vs_Russia,1964-06-21,Spain,Russia,1703.16,1780.181,1703.1599209805956,1780.1810651066432,7.901940443844069e-05,-6.510664320558135e-05,comparado
19660711_England_vs_Uruguay,1966-07-11,England,Uruguay,1729.1,1665.079,1729.100425986004,1665.0786509893612,-0.00042598600407472986,0.00034901063872894156,comparado
19660712_Brazil_vs_Bulgaria,1966-07-12,Brazil,Bulgaria,1794.584,1591.08,1794.5839522137996,1591.0795445644296,4.778620041179238e-05,0.0004554355703021429,comparado
19660712_Germany_vs_Switzerland,1966-07-12,Germany,Switzerland,1732.303,1497.461,1732.303306104747,1497.4605631644688,-0.00030610474686909583,0.0004368355312180938,comparado
19660712_North_Korea_vs_Russia,1966-07-12,North Korea,Russia,1635.9,1752.074,1635.900071813271,1752.0740162048298,-7.181327100624912e-05,-1.6204829762500594e-05,comparado
19660713_Argentina_vs_Spain,1966-07-13,Argentina,Spain,1758.829,1704.944,1758.828645663166,1704.9439664984125,0.00035433683387964265,3.3501587495265994e-05,comparado
19660713_Chile_vs_Italy,1966-07-13,Chile,Italy,1610.119,1738.641,1610.1188479218035,1738.6412413403261,0.0001520781963790796,-0.00024134032605616085,comparado
19660713_France_vs_Mexico,1966-07-13,France,Mexico,1611.936,1710.594,1611.9360628848544,1710.593955467574,-6.288485451477754e-05,4.453242604540719e-05,comparado
19660713_Hungary_vs_Portugal,1966-07-13,Hungary,Portugal,1745.597,1592.134,1745.5970114762008,1592.133801104533,-1.1476200825200067e-05,0.00019889546706508554,comparado
19660715_Brazil_vs_Hungary,1966-07-15,Brazil,Hungary,1804.576,1715.079,1804.5763156587338,1715.0792792387876,-0.0003156587338253303,-0.0002792387876979774,comparado
19660715_Chile_vs_North_Korea,1966-07-15,Chile,North Korea,1596.036,1617.164,1596.0359252109165,1617.1643846116012,7.478908355551539e-05,-0.00038461160124825255,comparado
19660715_France_vs_Uruguay,1966-07-15,France,Uruguay,1617.744,1668.905,1617.7439572375922,1668.9050984947207,4.276240770195727e-05,-9.849472075984522e-05,comparado
19660715_Spain_vs_Switzerland,1966-07-15,Spain,Switzerland,1687.175,1483.483,1687.1750455195543,1483.4829893752108,-4.5519554305428755e-05,1.0624789183566463e-05,comparado
19660716_Argentina_vs_Germany,1966-07-16,Argentina,Germany,1776.598,1746.281,1776.5975666420243,1746.280879894005,0.0004333579756803374,0.00012010599493805785,comparado
19660716_Bulgaria_vs_Portugal,1966-07-16,Bulgaria,Portugal,1581.087,1622.652,1581.0871811194954,1622.651533341946,-0.0001811194954370876,0.00046665805393786286,comparado
19660716_England_vs_Mexico,1966-07-16,England,Mexico,1725.274,1704.786,1725.2739784806445,1704.7860611148362,2.1519355414056918e-05,-6.111483617132762e-05,comparado
19660716_Italy_vs_Russia,1966-07-16,Italy,Russia,1752.724,1770.81,1752.7241640512132,1770.8097034064997,-0.00016405121323259664,0.00029659350025212916,comparado
19660719_Argentina_vs_Switzerland,1966-07-19,Argentina,Switzerland,1774.77,1473.554,1774.7697760298695,1473.5543934999343,0.00022397013049157977,-0.0003934999342618539,comparado
19660719_Brazil_vs_Portugal,1966-07-19,Brazil,Portugal,1776.82,1647.822,1776.8197596502155,1647.821949923453,0.00024034978446252353,5.007654681321583e-05,comparado
19660719_Italy_vs_North_Korea,1966-07-19,Italy,North Korea,1732.816,1615.889,1732.8163194734082,1615.8888920682964,-0.00031947340812621405,0.00010793170349643333,comparado
19660719_Mexico_vs_Uruguay,1966-07-19,Mexico,Uruguay,1683.274,1686.835,1683.274424164655,1686.8349316313374,-0.00042416465521455393,6.836866259618546e-05,comparado
19660720_Bulgaria_vs_Hungary,1966-07-20,Bulgaria,Hungary,1555.917,1742.836,1555.9167645379885,1742.835835247306,0.00023546201146018575,0.00016475269399052195,comparado
19660720_Chile_vs_Russia,1966-07-20,Chile,Russia,1597.311,1790.718,1597.3114177542213,1790.7175479843047,-0.00041775422141654417,0.00045201569537312025,comparado
19660720_England_vs_France,1966-07-20,England,France,1746.786,1599.814,1746.7856154308256,1599.8141241009755,0.0003845691744572832,-0.00012410097542669973,comparado
19660720_Germany_vs_Spain,1966-07-20,Germany,Spain,1748.109,1697.104,1748.1086705061598,1697.1036413948307,0.0003294938401268155,0.0003586051693673653,comparado
19660723_England_vs_Argentina,1966-07-23,England,Argentina,1759.773,1780.861,1759.7727527183679,1780.8609697035395,0.00024728163202780706,3.029646063623659e-05,comparado
19660723_Germany_vs_Uruguay,1966-07-23,Germany,Uruguay,1766.048,1686.62,1766.0477384312017,1686.6197319150874,0.0002615687983507087,0.00026808491247720667,comparado
19660723_Hungary_vs_Russia,1966-07-23,Hungary,Russia,1753.649,1801.102,1753.649315995048,1801.1020324751698,-0.0003159950481403939,-3.2475169746248866e-05,comparado
19660723_North_Korea_vs_Portugal,1966-07-23,North Korea,Portugal,1643.701,1677.354,1643.7010549135332,1677.3540076901158,-5.491353317665926e-05,-7.690115808145492e-06,comparado
19660725_Germany_vs_Russia,1966-07-25,Germany,Russia,1791.338,1819.252,1791.3380356326252,1819.2515569571226,-3.563262521311117e-05,0.0004430428773503081,comparado
19660726_England_vs_Portugal,1966-07-26,England,Portugal,1782.046,1697.883,1782.0458218511787,1697.8831323415443,0.00017814882130551268,-0.0001323415442584519,comparado
19660728_Portugal_vs_Russia,1966-07-28,Portugal,Russia,1681.873,1796.568,1681.8729447393432,1796.568004687615,5.5260656836253474e-05,-4.687615046350402e-06,comparado
19660730_England_vs_Germany,1966-07-30,England,Germany,1798.056,1814.022,1798.0560094533798,1814.0215879021328,-9.453379789192695e-06,0.00041209786718354735,comparado
19670117_Uruguay_vs_Bolivia,1967-01-17,Uruguay,Bolivia,1659.795,1532.941,1659.7950760502229,1532.941495351418,-7.605022278767137e-05,-0.0004953514180670027,comparado
19670118_Argentina_vs_Paraguay,1967-01-18,Argentina,Paraguay,1758.588,1572.108,1758.5879005707286,1572.108013908982,9.942927135853097e-05,-1.3908982054999797e-05,comparado
19670118_Chile_vs_Venezuela,1967-01-18,Chile,Venezuela,1583.249,1412.844,1583.2488502805975,1412.8441969040853,0.0001497194025432691,-0.00019690408521455538,comparado
19670121_Uruguay_vs_Venezuela,1967-01-21,Uruguay,Venezuela,1680.575,1401.166,1680.5754732153162,1401.1655829953595,-0.0004732153161057795,0.00041700464043969987,comparado
19670122_Bolivia_vs_Argentina,1967-01-22,Bolivia,Argentina,1512.161,1772.261,1512.1610981863248,1772.261251345165,-9.818632474889455e-05,-0.00025134516499747406,comparado
19670122_Chile_vs_Paraguay,1967-01-22,Chile,Paraguay,1594.927,1558.435,1594.9274641893232,1558.4346631345456,-0.00046418932333835983,0.00033686545430100523,comparado
19670125_Argentina_vs_Venezuela,1967-01-25,Argentina,Venezuela,1779.94,1391.161,1779.9403218955201,1391.1605700932264,-0.0003218955200736673,0.00042990677366105956,comparado
19670125_Paraguay_vs_Bolivia,1967-01-25,Paraguay,Bolivia,1538.115,1504.482,1538.1152255943114,1504.4820276359696,-0.0002255943113596004,-2.763596967270132e-05,comparado
19670126_Uruguay_vs_Chile,1967-01-26,Uruguay,Chile,1690.58,1615.247,1690.5804861174493,1615.2469017295575,-0.0004861174493271392,9.827044254961947e-05,comparado
19670128_Argentina_vs_Chile,1967-01-28,Argentina,Chile,1785.477,1619.73,1785.4774271176282,1619.7302380636488,-0.0004271176280781219,-0.00023806364879419561,comparado
19670128_Bolivia_vs_Venezuela,1967-01-28,Bolivia,Venezuela,1485.509,1385.623,1485.5085878938974,1385.6234648711184,0.0004121061026580719,-0.00046487111831083894,comparado
19670129_Uruguay_vs_Paraguay,1967-01-29,Uruguay,Paraguay,1686.097,1557.089,1686.097149783358,1557.0886653363837,-0.0001497833579833241,0.0003346636162859795,comparado
19670201_Bolivia_vs_Chile,1967-02-01,Bolivia,Chile,1449.868,1607.799,1449.8682370075417,1607.7990766518396,-0.0002370075417275075,-7.665183966309996e-05,comparado
19670201_Venezuela_vs_Paraguay,1967-02-01,Venezuela,Paraguay,1421.264,1543.035,1421.263815757474,1543.0353396109897,0.00018424252584736678,-0.00033961098961299285,comparado
19670202_Uruguay_vs_Argentina,1967-02-02,Uruguay,Argentina,1700.15,1797.409,1700.150475508752,1797.4085885294373,-0.0004755087518333312,0.00041147056276713556,comparado
19680605_England_vs_Yugoslavia,1968-06-05,England,Yugoslavia,1829.26,1666.554,1829.2601470711697,1666.5543830545557,-0.00014707116974932433,-0.000383054555641138,comparado
19680605_Italy_vs_Russia,1968-06-05,Italy,Russia,1732.882,1760.364,1732.8816208924836,1760.363884939653,0.00037910751643721596,0.00011506034707053914,comparado
19680608_England_vs_Russia,1968-06-08,England,Russia,1799.087,1758.706,1799.0867457359634,1758.7062341256496,0.00025426403658457275,-0.00023412564974023553,comparado
19680608_Italy_vs_Yugoslavia,1968-06-08,Italy,Yugoslavia,1734.539,1696.728,1734.539271706487,1696.727784389762,-0.0002717064869557362,0.00021561023800131807,comparado
19680610_Italy_vs_Yugoslavia,1968-06-10,Italy,Yugoslavia,1732.263,1699.004,1732.2628176845628,1699.0042384116862,0.00018231543708679965,-0.00023841168626859144,comparado
19700531_Mexico_vs_Russia,1970-05-31,Mexico,Russia,1627.58,1745.092,1627.5800735479008,1745.0920056721375,-7.354790091085306e-05,-5.6721373766777106e-06,comparado
19700602_Bulgaria_vs_Peru,1970-06-02,Bulgaria,Peru,1615.186,1569.111,1615.185724268228,1569.1107453941192,0.0002757317720352148,0.00025460588085479685,comparado
19700602_England_vs_Romania,1970-06-02,England,Romania,1819.658,1581.31,1819.6580385619318,1581.3100874972524,-3.856193188767065e-05,-8.749725247980678e-05,comparado
19700602_Israel_vs_Uruguay,1970-06-02,Israel,Uruguay,1525.586,1704.676,1525.5861611575274,1704.6760572165776,-0.00016115752737277944,-5.7216577715735184e-05,comparado
19700603_Belgium_vs_El_Salvador,1970-06-03,Belgium,El Salvador,1594.794,1574.279,1594.7944607735708,1574.2792386258275,-0.000460773570694073,-0.0002386258274782449,comparado
19700603_Brazil_vs_Czechoslovakia,1970-06-03,Brazil,Czechoslovakia,1817.385,1710.123,1817.3853769963496,1710.1227212373005,-0.0003769963495869888,0.00027876269950866117,comparado
19700603_Germany_vs_Morocco,1970-06-03,Germany,Morocco,1783.23,1555.338,1783.2304197212402,1555.3378937335112,-0.0004197212401777506,0.00010626648872857913,comparado
19700603_Italy_vs_Sweden,1970-06-03,Italy,Sweden,1776.571,1651.662,1776.5707427853931,1651.6623853951432,0.00025721460679051233,-0.0003853951432120084,comparado
19700606_Belgium_vs_Russia,1970-06-06,Belgium,Russia,1621.937,1738.248,1621.9365316876074,1738.2482485780688,0.0004683123925133259,-0.00024857806874933885,comparado
19700606_Czechoslovakia_vs_Romania,1970-06-06,Czechoslovakia,Romania,1690.672,1572.814,1690.6715414269645,1572.8138958820082,0.00045857303553020756,0.00010411799189569138,comparado
19700606_Italy_vs_Uruguay,1970-06-06,Italy,Uruguay,1790.33,1715.894,1790.3302179806367,1715.8937703052527,-0.00021798063676214952,0.0002296947473041655,comparado
19700606_Morocco_vs_Peru,1970-06-06,Morocco,Peru,1546.426,1592.879,1546.4264753159005,1592.879437211043,-0.0004753159005304042,-0.00043721104316318815,comparado
19700607_Brazil_vs_England,1970-06-07,Brazil,England,1836.837,1828.154,1836.8365568066856,1828.154230177176,0.00044319331436781795,-0.00023017717603579513,comparado
19700607_Bulgaria_vs_Germany,1970-06-07,Bulgaria,Germany,1591.417,1792.142,1591.417032451304,1792.141838138851,-3.2451304150526994e-05,0.00016186114908123272,comparado
19700607_Israel_vs_Sweden,1970-06-07,Israel,Sweden,1514.368,1637.903,1514.3684480688523,1637.9029101998997,-0.00044806885239268013,8.980010034065344e-05,comparado
19700607_Mexico_vs_El_Salvador,1970-06-07,Mexico,El Salvador,1634.424,1547.137,1634.4238306419695,1547.1371677117909,0.00016935803046180808,-0.00016771179093666433,comparado
19700610_Brazil_vs_Romania,1970-06-10,Brazil,Romania,1857.312,1600.676,1857.3118813782837,1600.6763235443289,0.00011862171618304274,-0.00032354432892134355,comparado
19700610_El_Salvador_vs_Russia,1970-06-10,El Salvador,Russia,1522.628,1756.973,1522.6282934171177,1756.9729981560024,-0.0002934171177457756,1.8439975519868312e-06,comparado
19700610_Germany_vs_Peru,1970-06-10,Germany,Peru,1804.92,1617.6,1804.9202428349904,1617.6002995691967,-0.0002428349903311755,-0.00029956919684082095,comparado
19700610_Sweden_vs_Uruguay,1970-06-10,Sweden,Uruguay,1630.736,1720.325,1630.735655182016,1720.3253242408657,0.00034481798411434283,-0.00032424086566607,comparado
19700611_Bulgaria_vs_Morocco,1970-06-11,Bulgaria,Morocco,1578.639,1521.706,1578.6386277551646,1521.7056129577468,0.00037224483526188124,0.00038704225312358176,comparado
19700611_Czechoslovakia_vs_England,1970-06-11,Czechoslovakia,England,1662.809,1807.679,1662.8091137646438,1807.678905605578,-0.00011376464385648433,9.439442214898008e-05,comparado
19700611_Israel_vs_Italy,1970-06-11,Israel,Italy,1521.536,1785.899,1521.535703086736,1785.8986640450237,0.0002969132640373573,0.000335954976208086,comparado
19700611_Mexico_vs_Belgium,1970-06-11,Mexico,Belgium,1658.933,1603.212,1658.9327049366427,1603.2117821096738,0.00029506335727091937,0.00021789032621200022,comparado
19700614_Brazil_vs_Peru,1970-06-14,Brazil,Peru,1865.117,1606.807,1865.1168931728887,1606.80722944252,0.00010682711126719369,-0.0002294425200943806,comparado
19700614_England_vs_Germany,1970-06-14,England,Germany,1820.397,1815.713,1820.3970574257728,1815.713312961667,-5.742577286582673e-05,-0.00031296166707761586,comparado
19700614_Mexico_vs_Italy,1970-06-14,Mexico,Italy,1676.593,1772.425,1676.5933545853627,1772.4249493960122,-0.0003545853626292228,5.060398780187825e-05,comparado
19700614_Russia_vs_Uruguay,1970-06-14,Russia,Uruguay,1765.565,1694.027,1765.5646018291884,1694.0271787982726,0.0003981708116498339,-0.00017879827260003367,comparado
19700617_Brazil_vs_Uruguay,1970-06-17,Brazil,Uruguay,1872.731,1719.291,1872.7305546276968,1719.291019134019,0.000445372303147451,-1.913401911224355e-05,comparado
19700617_Germany_vs_Italy,1970-06-17,Germany,Italy,1836.996,1792.817,1836.996394718074,1792.8166167011345,-0.00039471807394875214,0.0003832988654721703,comparado
19700620_Germany_vs_Uruguay,1970-06-20,Germany,Uruguay,1813.34,1706.674,1813.340342968113,1706.6744730941564,-0.00034296811304557195,-0.00047309415640484076,comparado
19700621_Brazil_vs_Italy,1970-06-21,Brazil,Italy,1885.347,1816.473,1885.3471006675595,1816.4726684510956,-0.00010066755953630491,0.00033154890434161643,comparado
19720614_Belgium_vs_Germany,1972-06-14,Belgium,Germany,1663.148,1845.733,1663.1477247542177,1845.7332269766905,0.0002752457821770804,-0.00022697669055560254,comparado
19720614_Hungary_vs_Russia,1972-06-14,Hungary,Russia,1720.804,1770.573,1720.8044853840508,1770.5732880409612,-0.00048538405076214985,-0.00028804096109524835,comparado
19720617_Belgium_vs_Hungary,1972-06-17,Belgium,Hungary,1652.269,1702.792,1652.2687096961513,1702.7922462510996,0.0002903038487147569,-0.0002462510997247591,comparado
19720618_Germany_vs_Russia,1972-06-18,Germany,Russia,1856.612,1788.586,1856.612242034757,1788.5855271739124,-0.00024203475686590536,0.0004728260876163404,comparado
19740613_Brazil_vs_Yugoslavia,1974-06-13,Brazil,Yugoslavia,1897.696,1714.274,1897.6961665129534,1714.2735264758553,-0.00016651295345582184,0.00047352414458146086,comparado
19740614_DR_Congo_vs_Scotland,1974-06-14,DR Congo,Scotland,1711.636,1610.292,1711.6363509156838,1610.291534718051,-0.00035091568383904814,0.0004652819488910609,comparado
19740614_German_DR_vs_Australia,1974-06-14,German DR,Australia,1712.452,1662.748,1712.4517263339508,1662.7480075828892,0.0002736660492246301,-7.582889111290569e-06,comparado
19740614_Germany_vs_Chile,1974-06-14,Germany,Chile,1872.877,1649.226,1872.8773528108397,1649.2262408198173,-0.0003528108397858887,-0.00024081981723611534,comparado
19740615_Italy_vs_Haiti,1974-06-15,Italy,Haiti,1782.912,1596.207,1782.9123191459848,1596.2073410887092,-0.00031914598480398126,-0.0003410887090922188,comparado
19740615_Poland_vs_Argentina,1974-06-15,Poland,Argentina,1648.658,1718.878,1648.658143680512,1718.8783931904761,-0.00014368051211022248,-0.00039319047618846525,comparado
19740615_Sweden_vs_Bulgaria,1974-06-15,Sweden,Bulgaria,1689.257,1653.785,1689.256527827163,1653.7854400419724,0.0004721728371350764,-0.0004400419722969673,comparado
19740615_Uruguay_vs_Netherlands,1974-06-15,Uruguay,Netherlands,1629.085,1643.33,1629.084820179272,1643.3304747395323,0.00017982072813538252,-0.0004747395323647652,comparado
19740618_Chile_vs_German_DR,1974-06-18,Chile,German DR,1640.142,1731.807,1640.142205606161,1731.8071389236734,-0.00020560616098919127,-0.00013892367337575706,comparado
19740618_Germany_vs_Australia,1974-06-18,Germany,Australia,1881.961,1643.393,1881.961388024496,1643.3925949931665,-0.00038802449603281275,0.0004050068334890966,comparado
19740618_Scotland_vs_Brazil,1974-06-18,Scotland,Brazil,1638.603,1887.536,1638.6032334732472,1887.5363807061156,-0.0002334732471354073,-0.0003807061154930125,comparado
19740618_Yugoslavia_vs_DR_Congo,1974-06-18,Yugoslavia,DR Congo,1724.433,1683.325,1724.4333122826931,1683.3246521604876,-0.00031228269313032797,0.0003478395124147937,comparado
19740619_Argentina_vs_Italy,1974-06-19,Argentina,Italy,1693.691,1793.737,1693.690942927202,1793.7367119808057,5.7072797972068656e-05,0.0002880191943859245,comparado
19740619_Bulgaria_vs_Uruguay,1974-06-19,Bulgaria,Uruguay,1655.922,1607.102,1655.9219959032139,1607.1017373721377,4.096786142326891e-06,0.00026262786241204594,comparado
19740619_Haiti_vs_Poland,1974-06-19,Haiti,Poland,1585.383,1673.846,1585.3829482538883,1673.845593943786,5.17461116942286e-05,0.0004060562139329704,comparado
19740619_Netherlands_vs_Sweden,1974-06-19,Netherlands,Sweden,1665.314,1687.12,1665.3135575466665,1687.1199719659214,0.0004424533335622982,2.8034078468408552e-05,comparado
19740622_Australia_vs_Chile,1974-06-22,Australia,Chile,1632.777,1645.558,1632.7774251264334,1645.5576237030357,-0.00042512643335612665,0.0003762969643048564,comparado
19740622_DR_Congo_vs_Brazil,1974-06-22,DR Congo,Brazil,1641.448,1874.627,1641.447609863386,1874.6270785780537,0.0003901366139871243,-7.857805371713766e-05,comparado
19740622_Germany_vs_German_DR,1974-06-22,Germany,German DR,1892.577,1726.392,1892.5765578912292,1726.3917208267987,0.0004421087708124105,0.00027917320130654844,comparado
19740622_Scotland_vs_Yugoslavia,1974-06-22,Scotland,Yugoslavia,1651.513,1766.31,1651.512535601309,1766.3103545797946,0.00046439869083769736,-0.00035457979470265855,comparado
19740623_Argentina_vs_Haiti,1974-06-23,Argentina,Haiti,1699.576,1553.866,1699.5762221490984,1553.866404686664,-0.00022214909836293373,-0.0004046866640692315,comparado
19740623_Bulgaria_vs_Netherlands,1974-06-23,Bulgaria,Netherlands,1652.99,1666.63,1652.9904289143687,1666.6298715703192,-0.000428914368740152,0.00012842968089898932,comparado
19740623_Poland_vs_Italy,1974-06-23,Poland,Italy,1705.362,1787.851,1705.3621375110104,1787.8514327589094,-0.00013751101027992263,-0.00043275890925542626,comparado
19740623_Sweden_vs_Uruguay,1974-06-23,Sweden,Uruguay,1685.804,1610.033,1685.8036579422687,1610.0333043609828,0.0003420577313590911,-0.000304360982909202,comparado
19740626_Brazil_vs_German_DR,1974-06-26,Brazil,German DR,1885.532,1756.735,1885.5315461004454,1756.7345341251685,0.00045389955448627006,0.000465874831434121,comparado
19740626_Germany_vs_Yugoslavia,1974-06-26,Germany,Yugoslavia,1862.234,1759.614,1862.2337445928595,1759.6135944580649,0.00025540714045746427,0.00040554193515163206,comparado
19740626_Netherlands_vs_Argentina,1974-06-26,Netherlands,Argentina,1694.427,1716.056,1694.42743143075,1716.056428629674,-0.00043143075004081766,-0.00042862967393375584,comparado
19740626_Sweden_vs_Poland,1974-06-26,Sweden,Poland,1707.905,1731.256,1707.9045182559478,1731.2564070593032,0.0004817440521946992,-0.0004070593031428871,comparado
19740630_Argentina_vs_Brazil,1974-06-30,Argentina,Brazil,1680.506,1899.085,1680.5064036649892,1899.0847258585798,-0.0004036649891077104,0.000274141420277374,comparado
19740630_German_DR_vs_Netherlands,1974-06-30,German DR,Netherlands,1743.181,1729.977,1743.1813543670341,1729.9774563954347,-0.0003543670341059624,-0.0004563954346394894,comparado
19740630_Germany_vs_Sweden,1974-06-30,Germany,Sweden,1877.949,1688.314,1877.9487368759126,1688.313851602128,0.00026312408749618044,0.00014839787218079437,comparado
19740630_Poland_vs_Yugoslavia,1974-06-30,Poland,Yugoslavia,1750.847,1743.899,1750.847073713123,1743.8986021750118,-7.371312312898226e-05,0.0003978249881129159,comparado
19740703_Argentina_vs_German_DR,1974-07-03,Argentina,German DR,1671.213,1719.377,1671.2127543049899,1719.3770044810208,0.0002456950101077382,-4.481020823732251e-06,comparado
19740703_Germany_vs_Poland,1974-07-03,Germany,Poland,1888.624,1771.427,1888.6244875964028,1771.4271442150625,-0.00048759640276330174,-0.00014421506261896866,comparado
19740703_Netherlands_vs_Brazil,1974-07-03,Netherlands,Brazil,1753.782,1908.378,1753.781806281448,1908.378375218579,0.00019371855182725994,-0.0003752185791654483,comparado
19740703_Sweden_vs_Yugoslavia,1974-07-03,Sweden,Yugoslavia,1677.638,1723.319,1677.6381008816377,1723.3185316730724,-0.00010088163776345027,0.0004683269276029023,comparado
19740706_Brazil_vs_Poland,1974-07-06,Brazil,Poland,1877.817,1757.254,1877.8172074416198,1757.2539011306694,-0.0002074416197501705,9.88693304861954e-05,comparado
19740707_Germany_vs_Netherlands,1974-07-07,Germany,Netherlands,1902.798,1784.343,1902.797730680796,1784.3429740584074,0.00026931920410788734,2.5941592639355804e-05,comparado
19750717_Chile_vs_Peru,1975-07-17,Chile,Peru,1615.439,1542.071,1615.4385616585835,1542.0707542279533,0.0004383414166113653,0.0002457720465827151,comparado
19750720_Bolivia_vs_Chile,1975-07-20,Bolivia,Chile,1413.59,1611.069,1413.5903910910092,1611.068762878331,-0.00039109100930545537,0.00023712166898803844,comparado
19750720_Colombia_vs_Paraguay,1975-07-20,Colombia,Paraguay,1362.344,1597.829,1362.343553383628,1597.82940691643,0.00044661637207354943,-0.00040691642993806454,comparado
19750724_Ecuador_vs_Paraguay,1975-07-24,Ecuador,Paraguay,1343.375,1564.438,1343.3746211602527,1564.4378093851703,0.0003788397473272198,0.00019061482976212574,comparado
19750727_Bolivia_vs_Peru,1975-07-27,Bolivia,Peru,1445.388,1546.441,1445.388061064596,1546.4405530082058,-6.106459613874904e-05,0.00044699179420604196,comparado
19750727_Ecuador_vs_Colombia,1975-07-27,Ecuador,Colombia,1355.184,1395.735,1355.1840797980456,1395.7351509148875,-7.979804558999604e-05,-0.00015091488762664085,comparado
19750730_Paraguay_vs_Colombia,1975-07-30,Paraguay,Colombia,1552.628,1415.756,1552.6283507473775,1415.7564083640455,-0.00035074737752438523,-0.00040836404537003546,comparado
19750731_Venezuela_vs_Brazil,1975-07-31,Venezuela,Brazil,1344.05,1852.674,1344.0496304063247,1852.6736163709013,0.0003695936752592388,0.0003836290986782842,comparado
19750803_Venezuela_vs_Argentina,1975-08-03,Venezuela,Argentina,1341.261,1694.523,1341.2609509761999,1694.5231288980208,4.9023800102077075e-05,-0.00012889802087556745,comparado
19750806_Brazil_vs_Argentina,1975-08-06,Brazil,Argentina,1855.462,1701.263,1855.4622958010261,1701.2634741666166,-0.0002958010261409072,-0.0004741666166410141,comparado
19750807_Colombia_vs_Ecuador,1975-08-07,Colombia,Ecuador,1444.626,1335.163,1444.6263626065042,1335.1628223488876,-0.0003626065042681148,0.00017765111238077225,comparado
19750807_Peru_vs_Bolivia,1975-08-07,Peru,Bolivia,1561.499,1430.329,1561.4992493765783,1430.3293646962236,-0.0002493765782674018,-0.00036469622364165843,comparado
19750810_Argentina_vs_Venezuela,1975-08-10,Argentina,Venezuela,1689.016,1334.521,1689.016394452276,1334.520605707604,-0.0003944522759411484,0.00039429239586752374,comparado
19750810_Paraguay_vs_Ecuador,1975-08-10,Paraguay,Ecuador,1523.758,1319.889,1523.7583965049187,1319.889324929315,-0.0003965049186263059,-0.00032492931518390833,comparado
19750813_Brazil_vs_Venezuela,1975-08-13,Brazil,Venezuela,1867.709,1324.184,1867.7093755153667,1324.1839518807294,-0.00037551536661339924,4.81192705592548e-05,comparado
19750813_Chile_vs_Bolivia,1975-08-13,Chile,Bolivia,1579.271,1416.407,1579.2710929047441,1416.407171075641,-9.29047441786679e-05,-0.00017107564099205774,comparado
19750816_Argentina_vs_Brazil,1975-08-16,Argentina,Brazil,1699.353,1870.458,1699.3530482791507,1870.4576935080343,-4.8279150632879464e-05,0.0003064919658299914,comparado
19750820_Peru_vs_Chile,1975-08-20,Peru,Chile,1575.421,1596.982,1575.421442997161,1596.9817209800224,-0.0004429971609170025,0.00027901997759727237,comparado
19750921_Colombia_vs_Uruguay,1975-09-21,Colombia,Uruguay,1459.9,1604.161,1459.8998600260768,1604.160854034731,0.00013997392329656577,0.0001459652689845825,comparado
19750930_Brazil_vs_Peru,1975-09-30,Brazil,Peru,1881.878,1599.684,1881.8778804488675,1599.684359407293,0.0001195511324567633,-0.0003594072929899994,comparado
19751001_Uruguay_vs_Colombia,1975-10-01,Uruguay,Colombia,1566.106,1497.955,1566.1060738707574,1497.9546401900504,-7.387075743281457e-05,0.0003598099494865892,comparado
19751004_Peru_vs_Brazil,1975-10-04,Peru,Brazil,1633.849,1847.713,1633.8491223081044,1847.713117548056,-0.00012230810443725204,-0.00011754805609598407,comparado
19751016_Colombia_vs_Peru,1975-10-16,Colombia,Peru,1481.022,1624.345,1481.0218759541385,1624.3454641459964,0.00012404586141201435,-0.0004641459963750094,comparado
19751022_Peru_vs_Colombia,1975-10-22,Peru,Colombia,1595.143,1510.225,1595.1426757487468,1510.2246643513881,0.00032425125323243265,0.0003356486117809254,comparado
19751028_Colombia_vs_Peru,1975-10-28,Colombia,Peru,1493.335,1612.032,1493.334904574897,1612.0324355252378,9.54251029270381e-05,-0.00043552523789003317,comparado
19760616_Czechoslovakia_vs_Netherlands,1976-06-16,Czechoslovakia,Netherlands,1709.163,1805.572,1709.1625105367707,1805.5723158865947,0.0004894632293144241,-0.00031588659476256,comparado
19760617_Yugoslavia_vs_Germany,1976-06-17,Yugoslavia,Germany,1728.187,1886.887,1728.1868282739122,1886.8869719489546,0.00017172608772852982,2.80510453194438e-05,comparado
19760619_Yugoslavia_vs_Netherlands,1976-06-19,Yugoslavia,Netherlands,1715.866,1777.49,1715.8664210442998,1777.4895997022534,-0.00042104429985556635,0.0004002977466370794,comparado
19760620_Czechoslovakia_vs_Germany,1976-06-20,Czechoslovakia,Germany,1737.245,1899.207,1737.245226721112,1899.207379178567,-0.00022672111208521528,-0.0003791785668454395,comparado
19780601_Germany_vs_Poland,1978-06-01,Germany,Poland,1882.214,1743.717,1882.214492846495,1743.7166021253975,-0.0004928464950353373,0.00039787460264051333,comparado
19780602_Argentina_vs_Hungary,1978-06-02,Argentina,Hungary,1750.961,1707.821,1750.9614954517215,1707.8210713885514,-0.000495451721462814,-7.13885515324364e-05,comparado
19780602_France_vs_Italy,1978-06-02,France,Italy,1663.699,1746.541,1663.6991672140928,1746.5412192747535,-0.00016721409269848664,-0.00021927475359007076,comparado
19780602_Mexico_vs_Tunisia,1978-06-02,Mexico,Tunisia,1696.739,1658.36,1696.739195338856,1658.3598071370604,-0.00019533885597411427,0.00019286293945697253,comparado
19780603_Austria_vs_Spain,1978-06-03,Austria,Spain,1657.071,1740.497,1657.0714365961735,1740.4974555048275,-0.0004365961735857127,-0.0004555048274141882,comparado
19780603_Brazil_vs_Sweden,1978-06-03,Brazil,Sweden,1881.771,1618.479,1881.7714466188156,1618.4791522363028,-0.0004466188156584394,-0.00015223630271066213,comparado
19780603_Iran_vs_Netherlands,1978-06-03,Iran,Netherlands,1741.075,1830.156,1741.0753070527646,1830.156410540524,-0.0003070527645832044,-0.00041054052394429164,comparado
19780603_Peru_vs_Scotland,1978-06-03,Peru,Scotland,1622.286,1721.467,1622.2858230155782,1721.4672326950051,0.00017698442184155283,-0.00023269500502465235,comparado
19780606_Argentina_vs_France,1978-06-06,Argentina,France,1769.367,1647.614,1769.3672834927106,1647.613595484758,-0.0002834927106505347,0.00040451524205309397,comparado
19780606_Germany_vs_Mexico,1978-06-06,Germany,Mexico,1874.26,1671.569,1874.2602126406039,1671.5692306897565,-0.00021264060387693462,-0.0002306897565631516,comparado
19780606_Hungary_vs_Italy,1978-06-06,Hungary,Italy,1689.415,1762.627,1689.4152833475623,1762.6267910040883,-0.0002833475623447157,0.00020899591163470177,comparado
19780606_Poland_vs_Tunisia,1978-06-06,Poland,Tunisia,1751.671,1683.53,1751.6708823312886,1683.52977178616,0.00011766871148211067,0.00022821384004600986,comparado
19780607_Austria_vs_Sweden,1978-06-07,Austria,Sweden,1683.019,1631.915,1683.0192153041287,1631.9147174978655,-0.00021530412868742133,0.00028250213449609873,comparado
19780607_Brazil_vs_Spain,1978-06-07,Brazil,Spain,1868.336,1714.55,1868.335881357253,1714.5496767968723,0.00011864274711115286,0.0003232031276638736,comparado
19780607_Iran_vs_Scotland,1978-06-07,Iran,Scotland,1720.117,1693.256,1720.116644614172,1693.255513361175,0.0003553858280156419,0.00048663882512300916,comparado
19780607_Netherlands_vs_Peru,1978-06-07,Netherlands,Peru,1851.115,1650.498,1851.1150729791166,1650.4975423494084,-7.29791165667848e-05,0.00045765059167024447,comparado
19780610_Argentina_vs_Italy,1978-06-10,Argentina,Italy,1783.295,1780.318,1783.2952915754763,1780.3181330352108,-0.0002915754762398137,-0.00013303521086527326,comparado
19780610_France_vs_Hungary,1978-06-10,France,Hungary,1633.686,1671.724,1633.6855874019923,1671.7239413164398,0.000412598007642373,5.868356015525933e-05,comparado
19780610_Germany_vs_Tunisia,1978-06-10,Germany,Tunisia,1892.028,1666.596,1892.028482411536,1666.596406992403,-0.0004824115360406722,-0.0004069924029863614,comparado
19780610_Mexico_vs_Poland,1978-06-10,Mexico,Poland,1653.801,1768.604,1653.8009609188243,1768.6042471250455,3.908117560058599e-05,-0.0002471250454618712,comparado
19780611_Austria_vs_Brazil,1978-06-11,Austria,Brazil,1700.952,1859.604,1700.9523990347523,1859.603578313694,-0.0003990347522631055,0.0004216863060264586,comparado
19780611_Iran_vs_Peru,1978-06-11,Iran,Peru,1718.496,1661.434,1718.4963081426872,1661.4341402891728,-0.0003081426871176518,-0.00014028917280484166,comparado
19780611_Netherlands_vs_Scotland,1978-06-11,Netherlands,Scotland,1840.178,1694.876,1840.1784750393522,1694.8758498326597,-0.0004750393520680518,0.0001501673402799497,comparado
19780611_Spain_vs_Sweden,1978-06-11,Spain,Sweden,1723.282,1613.982,1723.2819798404312,1613.981533767242,2.0159568748567835e-05,0.0004662327580717829,comparado
19780614_Argentina_vs_Poland,1978-06-14,Argentina,Poland,1762.115,1783.538,1762.1153480067387,1783.5383263855583,-0.0003480067387044983,-0.00032638555830999394,comparado
19780614_Austria_vs_Netherlands,1978-06-14,Austria,Netherlands,1688.926,1810.875,1688.926486871681,1810.8745449776122,-0.000486871681005141,0.00045502238776862214,comparado
19780614_Brazil_vs_Peru,1978-06-14,Brazil,Peru,1871.629,1694.429,1871.6294904767653,1694.4293126414834,-0.0004904767654352327,-0.0003126414833332092,comparado
19780614_Germany_vs_Italy,1978-06-14,Germany,Italy,1880.04,1801.498,1880.0397427215617,1801.4980766039484,0.0002572784383119142,-7.66039484005887e-05,comparado
19780618_Argentina_vs_Brazil,1978-06-18,Argentina,Brazil,1786.371,1885.91,1786.3707692794057,1885.909802522833,0.00023072059434525727,0.0001974771671484632,comparado
19780618_Austria_vs_Italy,1978-06-18,Austria,Italy,1667.703,1806.166,1667.7033988755422,1806.1661112139182,-0.00039887554225970234,-0.0001112139182168903,comparado
19780618_Germany_vs_Netherlands,1978-06-18,Germany,Netherlands,1875.372,1832.098,1875.371708111592,1832.097632973751,0.0002918884081282158,0.0003670262490231835,comparado
19780618_Peru_vs_Poland,1978-06-18,Peru,Poland,1680.149,1759.283,1680.1490005954158,1759.2829051128913,-5.954159405519022e-07,9.488710861660365e-05,comparado
19780621_Argentina_vs_Peru,1978-06-21,Argentina,Peru,1792.228,1663.851,1792.22781401256,1663.8510500967977,0.00018598744009068469,-5.0096797622245504e-05,comparado
19780621_Austria_vs_Germany,1978-06-21,Austria,Germany,1654.656,1872.77,1654.655857788719,1872.7695415571536,0.0001422112809450482,0.00045844284636586963,comparado
19780621_Brazil_vs_Poland,1978-06-21,Brazil,Poland,1880.053,1775.581,1880.0527577896787,1775.5808556115094,0.00024221032140303578,0.00014438849052567093,comparado
19780621_Italy_vs_Netherlands,1978-06-21,Italy,Netherlands,1819.214,1834.7,1819.2136523007414,1834.6997995281893,0.0003476992585547123,0.00020047181078552967,comparado
19780624_Brazil_vs_Italy,1978-06-24,Brazil,Italy,1895.648,1799.149,1895.6475734406924,1799.1490599248166,0.00042655930747059756,-5.992481669636618e-05,comparado
19780625_Argentina_vs_Netherlands,1978-06-25,Argentina,Netherlands,1817.188,1854.764,1817.1878219205116,1854.764391904114,0.00017807948847803345,-0.0003919041141671187,comparado
19790718_Bolivia_vs_Argentina,1979-07-18,Bolivia,Argentina,1430.418,1841.767,1430.417889021468,1841.7667333114996,0.00011097853189312445,0.0002666885004600772,comparado
19790726_Bolivia_vs_Brazil,1979-07-26,Bolivia,Brazil,1468.82,1915.232,1468.8204906295387,1915.2319413869484,-0.0004906295387172577,5.861305157850438e-05,comparado
19790801_Venezuela_vs_Colombia,1979-08-01,Venezuela,Colombia,1305.451,1458.805,1305.4505988455808,1458.8052265012284,0.0004011544192508154,-0.00022650122832601483,comparado
19790802_Brazil_vs_Argentina,1979-08-02,Brazil,Argentina,1876.219,1803.364,1876.21859321148,1803.364131703429,0.00040678851996744925,-0.00013170342890589382,comparado
19790808_Argentina_vs_Bolivia,1979-08-08,Argentina,Bolivia,1786.704,1497.179,1786.7042367861868,1497.1786502019904,-0.0002367861868606269,0.0003497980096653919,comparado
19790808_Venezuela_vs_Chile,1979-08-08,Venezuela,Chile,1314.161,1537.539,1314.161315482581,1537.538982482813,-0.0003154825808451278,1.7517186961413245e-05,comparado
19790815_Colombia_vs_Chile,1979-08-15,Colombia,Chile,1450.095,1525.634,1450.0945098642283,1525.6342289889014,0.0004901357717699284,-0.00022898890142641903,comparado
19790816_Brazil_vs_Bolivia,1979-08-16,Brazil,Bolivia,1892.878,1489.004,1892.8784881287222,1489.004194651129,-0.00048812872228154447,-0.00019465112904981652,comparado
19790822_Colombia_vs_Venezuela,1979-08-22,Colombia,Venezuela,1475.59,1326.066,1475.5897361788568,1326.0660689764925,0.00026382114310763427,-6.897649245729554e-05,comparado
19790823_Argentina_vs_Brazil,1979-08-23,Argentina,Brazil,1794.879,1896.351,1794.8786923370483,1896.351367031836,0.0003076629516272078,-0.0003670318358217628,comparado
19790829_Chile_vs_Venezuela,1979-08-29,Chile,Venezuela,1500.139,1307.256,1500.139002674273,1307.255724370239,-2.674272991498583e-06,0.0002756297610631009,comparado
19790829_Ecuador_vs_Paraguay,1979-08-29,Ecuador,Paraguay,1345.534,1554.679,1345.5339037673223,1554.679461430104,9.623267783354095e-05,-0.000461430103996463,comparado
19790905_Chile_vs_Colombia,1979-09-05,Chile,Colombia,1520.037,1494.4,1520.037322178267,1494.4000807851103,-0.0003221782669697859,-8.078511018538848e-05,comparado
19790905_Ecuador_vs_Uruguay,1979-09-05,Ecuador,Uruguay,1335.841,1546.447,1335.8413411204253,1546.447055451501,-0.00034112042544620635,-5.545150111174735e-05,comparado
19790913_Paraguay_vs_Ecuador,1979-09-13,Paraguay,Ecuador,1564.372,1368.211,1564.372024077001,1368.2113047798996,-2.4077000944089377e-05,-0.00030477989957944374,comparado
19790916_Uruguay_vs_Ecuador,1979-09-16,Uruguay,Ecuador,1514.077,1357.861,1514.0770917920267,1357.8612606464465,-9.179202675113629e-05,-0.00026064644634971046,comparado
19790920_Paraguay_vs_Uruguay,1979-09-20,Paraguay,Uruguay,1574.722,1526.224,1574.7220682104542,1526.2236816970367,-6.821045417382265e-05,0.0003183029632509715,comparado
19790926_Uruguay_vs_Paraguay,1979-09-26,Uruguay,Paraguay,1529.136,1571.81,1529.1361704901137,1571.809579417377,-0.00017049011376002454,0.0004205826228371734,comparado
19791017_Peru_vs_Chile,1979-10-17,Peru,Chile,1623.652,1541.163,1623.6520954878881,1541.1626867220753,-9.548788807478559e-05,0.00031327792476076866,comparado
19791024_Chile_vs_Peru,1979-10-24,Chile,Peru,1567.057,1597.758,1567.056962759026,1597.7578194509374,3.724097405211069e-05,0.00018054906263387238,comparado
19791024_Paraguay_vs_Brazil,1979-10-24,Paraguay,Brazil,1576.294,1890.387,1576.293600764116,1890.386707219492,0.0003992358840605448,0.00029278050783432263,comparado
19791031_Brazil_vs_Paraguay,1979-10-31,Brazil,Paraguay,1854.303,1612.377,1854.3033362155127,1612.3769717680955,-0.0003362155125614663,2.8231904479980585e-05,comparado
19791128_Paraguay_vs_Chile,1979-11-28,Paraguay,Chile,1625.02,1568.908,1625.0195339703102,1568.9077955670186,0.00046602968973274983,0.0002044329812633805,comparado
19791205_Chile_vs_Paraguay,1979-12-05,Chile,Paraguay,1545.065,1648.862,1545.0649691224787,1648.8623604148502,3.087752133978938e-05,-0.0003604148500926385,comparado
19791211_Chile_vs_Paraguay,1979-12-11,Chile,Paraguay,1572.159,1621.769,1572.1585588142402,1621.7687707230887,0.00044118575988250086,0.00022927691134100314,comparado
19800611_Czechoslovakia_vs_Germany,1980-06-11,Czechoslovakia,Germany,1714.86,1863.672,1714.8604086508087,1863.6721065581908,-0.0004086508088221308,-0.00010655819073690509,comparado
19800611_Netherlands_vs_Greece,1980-06-11,Netherlands,Greece,1821.045,1524.175,1821.0445019679942,1524.1746643526171,0.0004980320059075893,0.00033564738282620965,comparado
19800612_Belgium_vs_England,1980-06-12,Belgium,England,1699.048,1799.463,1699.0484272364563,1799.4634804669654,-0.00042723645628939266,-0.00048046696542769496,comparado
19800612_Italy_vs_Spain,1980-06-12,Italy,Spain,1792.164,1705.882,1792.1636489878267,1705.8818641057974,0.0003510121732688276,0.00013589420268544927,comparado
19800614_Germany_vs_Netherlands,1980-06-14,Germany,Netherlands,1876.19,1827.483,1876.1899598674975,1827.4832627805888,4.013250259049528e-05,-0.0002627805888550938,comparado
19800614_Greece_vs_Czechoslovakia,1980-06-14,Greece,Czechoslovakia,1517.736,1702.343,1517.7359035400225,1702.342555341502,9.645997761253966e-05,0.00044465849805419566,comparado
19800615_Belgium_vs_Spain,1980-06-15,Belgium,Spain,1704.954,1710.992,1704.954267839162,1710.9923528507122,-0.00026783916200656677,-0.0003528507122609881,comparado
19800615_Italy_vs_England,1980-06-15,Italy,England,1787.053,1793.558,1787.0531602429119,1793.5576398642597,-0.00016024291176108818,0.0003601357402658323,comparado
19800617_Greece_vs_Germany,1980-06-17,Greece,Germany,1506.804,1894.265,1506.8041389297953,1894.265123400544,-0.0001389297951845947,-0.0001234005439982866,comparado
19800617_Netherlands_vs_Czechoslovakia,1980-06-17,Netherlands,Czechoslovakia,1809.408,1713.274,1809.4080992475422,1713.2743199517292,-9.924754226631194e-05,-0.0003199517293523968,comparado
19800618_Italy_vs_Belgium,1980-06-18,Italy,Belgium,1808.446,1726.319,1808.4462636602311,1726.3191902198705,-0.00026366023121227045,-0.00019021987054657075,comparado
19800618_Spain_vs_England,1980-06-18,Spain,England,1689.627,1772.165,1689.6274304700037,1772.1645364469405,-0.0004304700037209841,0.0004635530594896409,comparado
19800621_Italy_vs_Czechoslovakia,1980-06-21,Italy,Czechoslovakia,1803.573,1718.941,1803.5727036528326,1718.9410380182678,0.00029634716747750645,-3.801826778726536e-05,comparado
19800622_Belgium_vs_Germany,1980-06-22,Belgium,Germany,1731.193,1877.341,1731.192750227269,1877.3413564673822,0.0002497727309673792,-0.0003564673822893383,comparado
19820613_Argentina_vs_Belgium,1982-06-13,Argentina,Belgium,1810.41,1710.802,1810.410386428961,1710.801839431732,-0.00038642896083729283,0.00016056826780186384,comparado
19820614_Brazil_vs_Russia,1982-06-14,Brazil,Russia,1874.936,1761.504,1874.935666001516,1761.5040217284877,0.0003339984839385579,-2.172848780901404e-05,comparado
19820614_Italy_vs_Poland,1982-06-14,Italy,Poland,1750.439,1770.955,1750.4394230528103,1770.9545066529836,-0.000423052810219815,0.0004933470163450693,comparado
19820615_Hungary_vs_El_Salvador,1982-06-15,Hungary,El Salvador,1648.724,1578.509,1648.7236251433146,1578.5092251157362,0.0003748566853118973,-0.00022511573615702218,comparado
19820615_Peru_vs_Cameroon,1982-06-15,Peru,Cameroon,1618.672,1638.385,1618.672383882813,1638.3847516445119,-0.0003838828129119065,0.00024835548811097397,comparado
19820615_Scotland_vs_New_Zealand,1982-06-15,Scotland,New Zealand,1669.654,1664.133,1669.6537112139818,1664.1331393623025,0.00028878601824544603,-0.00013936230243416503,comparado
19820616_England_vs_France,1982-06-16,England,France,1747.269,1682.029,1747.2691838656622,1682.0285453338022,-0.00018386566216577194,0.0004546661978110933,comparado
19820616_Germany_vs_Algeria,1982-06-16,Germany,Algeria,1892.722,1644.837,1892.721909832414,1644.837165115784,9.016758599500463e-05,-0.00016511578405697946,comparado
19820616_Spain_vs_Honduras,1982-06-16,Spain,Honduras,1689.109,1605.689,1689.1093602103585,1605.6885369653176,-0.00036021035862177087,0.0004630346825251763,comparado
19820617_Chile_vs_Austria,1982-06-17,Chile,Austria,1621.589,1725.664,1621.5893677237461,1725.664068724512,-0.000367723746194315,-6.872451194794849e-05,comparado
19820617_Czechoslovakia_vs_Kuwait,1982-06-17,Czechoslovakia,Kuwait,1693.501,1701.278,1693.501092332997,1701.2783810675419,-9.233299692823493e-05,-0.0003810675418662868,comparado
19820617_Yugoslavia_vs_Northern_Ireland,1982-06-17,Yugoslavia,Northern Ireland,1726.411,1570.996,1726.411253308535,1570.9963186467596,-0.00025330853486593696,-0.0003186467595241993,comparado
19820618_Argentina_vs_Hungary,1982-06-18,Argentina,Hungary,1783.549,1686.239,1783.54946714134,1686.2393936498925,-0.0004671413400956226,-0.00039364989243040327,comparado
19820618_Brazil_vs_Scotland,1982-06-18,Brazil,Scotland,1889.313,1698.232,1889.3131767854234,1698.2316421521705,-0.00017678542326393654,0.0003578478294912202,comparado
19820618_Italy_vs_Peru,1982-06-18,Italy,Peru,1751.678,1619.863,1751.6779742558729,1619.862578913058,2.5744127242433024e-05,0.0004210869419694063,comparado
19820619_Belgium_vs_El_Salvador,1982-06-19,Belgium,El Salvador,1737.663,1540.993,1737.662758719353,1540.9934566091583,0.0002412806470601936,-0.00045660915839107474,comparado
19820619_Poland_vs_Cameroon,1982-06-19,Poland,Cameroon,1769.716,1637.195,1769.715955449921,1637.1945566142667,4.4550078882821254e-05,0.00044338573320601427,comparado
19820619_Russia_vs_New_Zealand,1982-06-19,Russia,New Zealand,1747.127,1635.555,1747.1265109445803,1635.5552084241137,0.0004890554196208541,-0.00020842411367993918,comparado
19820620_England_vs_Czechoslovakia,1982-06-20,England,Czechoslovakia,1765.517,1693.971,1765.5169268281668,1693.9710953964152,7.317183326449594e-05,-9.539641519040742e-05,comparado
19820620_Germany_vs_Chile,1982-06-20,Germany,Chile,1858.852,1606.698,1858.8521029053682,1606.6983039541528,-0.00010290536806678574,-0.0003039541527414258,comparado
19820620_Spain_vs_Yugoslavia,1982-06-20,Spain,Yugoslavia,1684.162,1717.598,1684.161878111377,1717.5976862664845,0.0001218886229708005,0.00031373351544061734,comparado
19820621_Algeria_vs_Austria,1982-06-21,Algeria,Austria,1678.707,1740.555,1678.7069720428299,1740.5551324941052,2.795717023218458e-05,-0.00013249410517346405,comparado
19820621_France_vs_Kuwait,1982-06-21,France,Kuwait,1663.781,1700.808,1663.7808023712976,1700.8083780041236,0.00019762870238082542,-0.0003780041236041143,comparado
19820621_Honduras_vs_Northern_Ireland,1982-06-21,Honduras,Northern Ireland,1610.636,1579.81,1610.636019064299,1579.80988568881,-1.906429906739504e-05,0.00011431118991822586,comparado
19820622_Belgium_vs_Hungary,1982-06-22,Belgium,Hungary,1747.901,1665.971,1747.9011056620836,1665.9707728308406,-0.00010566208356976858,0.00022716915941600746,comparado
19820622_Poland_vs_Peru,1982-06-22,Poland,Peru,1762.073,1627.468,1762.073082974429,1627.468403487912,-8.297442900584429e-05,-0.0004034879118535173,comparado
19820622_Russia_vs_Scotland,1982-06-22,Russia,Scotland,1766.23,1684.852,1766.2297802681903,1684.8522605297517,0.00021973180969325767,-0.0002605297515856364,comparado
19820623_Argentina_vs_El_Salvador,1982-06-23,Argentina,El Salvador,1803.818,1530.755,1803.818087960392,1530.7551096664276,-8.796039196568017e-05,-0.0001096664275337389,comparado
19820623_Brazil_vs_New_Zealand,1982-06-23,Brazil,New Zealand,1902.693,1616.452,1902.6925584078422,1616.4519391005038,0.00044159215781292005,6.0899496247657225e-05,comparado
19820623_Italy_vs_Cameroon,1982-06-23,Italy,Cameroon,1744.072,1644.837,1744.072149681019,1644.8374290897586,-0.00014968101913837017,-0.00042908975865429966,comparado
19820624_Algeria_vs_Chile,1982-06-24,Algeria,Chile,1660.22,1596.785,1660.219918624428,1596.7853234203562,8.137557210829982e-05,-0.00032342035615329223,comparado
19820624_France_vs_Czechoslovakia,1982-06-24,France,Czechoslovakia,1695.451,1676.164,1695.4508604634204,1676.1641758947903,0.00013953657958154508,-0.00017589479034541,comparado
19820624_Honduras_vs_Yugoslavia,1982-06-24,Honduras,Yugoslavia,1608.778,1694.583,1608.7776732326133,1694.5829463501002,0.0003267673866957921,5.364989988265734e-05,comparado
19820625_England_vs_Kuwait,1982-06-25,England,Kuwait,1783.324,1669.138,1783.3238463297916,1669.1383199120007,0.00015367020841949852,-0.00031991200080483395,comparado
19820625_Germany_vs_Austria,1982-06-25,Germany,Austria,1868.765,1759.042,1868.7650834391648,1759.0421859125072,-8.34391646549193e-05,-0.00018591250727695297,comparado
19820625_Spain_vs_Northern_Ireland,1982-06-25,Spain,Northern Ireland,1707.177,1581.668,1707.1766180277614,1581.6682315204957,0.0003819722385287605,-0.00023152049584496126,comparado
19820628_Austria_vs_France,1982-06-28,Austria,France,1744.462,1694.286,1744.4621271153146,1694.286314063077,-0.00012711531462628045,-0.000314063076984894,comparado
19820628_Poland_vs_Belgium,1982-06-28,Poland,Belgium,1782.166,1743.039,1782.1657696518532,1743.0387982355437,0.00023034814671518689,0.00020176445627839712,comparado
19820629_Germany_vs_England,1982-06-29,Germany,England,1883.345,1797.66,1883.3451422363573,1797.6603500547574,-0.0001422363573055918,-0.00035005475729121827,comparado
19820629_Italy_vs_Argentina,1982-06-29,Italy,Argentina,1738.232,1810.876,1738.2320717999396,1810.876075549635,-7.179993963291054e-05,-7.554963508482615e-05,comparado
19820701_Austria_vs_Northern_Ireland,1982-07-01,Austria,Northern Ireland,1720.45,1609.941,1720.4502673744978,1609.9406933465514,-0.00026737449775282585,0.00030665344866065425,comparado
19820701_Belgium_vs_Russia,1982-07-01,Belgium,Russia,1717.643,1761.399,1717.6430019465097,1761.3991067676727,-1.9465096556814387e-06,-0.00010676767283257504,comparado
19820702_Argentina_vs_Brazil,1982-07-02,Argentina,Brazil,1785.548,1912.347,1785.5481493184154,1912.3474703291536,-0.00014931841542420443,-0.00047032915358613536,comparado
19820702_Spain_vs_Germany,1982-07-02,Spain,Germany,1678.904,1878.269,1678.9041562017057,1878.268614625262,-0.00015620170574948133,0.0003853747380162531,comparado
19820704_France_vs_Northern_Ireland,1982-07-04,France,Northern Ireland,1718.298,1616.404,1718.2981738038939,1616.4037097313917,-0.0001738038938583486,0.0002902686082961736,comparado
19820704_Poland_vs_Russia,1982-07-04,Poland,Russia,1807.562,1779.768,1807.5615659408872,1779.768257263668,0.00043405911264926544,-0.00025726366789058375,comparado
19820705_Italy_vs_Brazil,1982-07-05,Italy,Brazil,1763.56,1926.536,1763.5599980311592,1926.5356191494286,1.968840706467745e-06,0.00038085057144598977,comparado
19820705_Spain_vs_England,1982-07-05,Spain,England,1668.785,1802.737,1668.7854534457972,1802.7368776658527,-0.0004534457971203665,0.00012233414736328996,comparado
19820708_Germany_vs_France,1982-07-08,Germany,France,1888.387,1738.188,1888.3873173811705,1738.187895448196,-0.0003173811705892149,0.00010455180404278508,comparado
19820708_Poland_vs_Italy,1982-07-08,Poland,Italy,1805.885,1793.747,1805.8852331681658,1793.7465933813585,-0.00023316816577789723,0.0004066186415911943,comparado
19820710_Poland_vs_France,1982-07-10,Poland,France,1782.14,1746.74,1782.13967519495,1746.7401224604928,0.0003248050500133104,-0.00012246049277564452,comparado
19820711_Italy_vs_Germany,1982-07-11,Italy,Germany,1817.492,1879.835,1817.4921513545742,1879.8350903688738,-0.0001513545742000133,-9.036887377078529e-05,comparado
19830810_Ecuador_vs_Argentina,1983-08-10,Ecuador,Argentina,1364.548,1748.617,1364.5483326802077,1748.6174716353196,-0.0003326802077481261,-0.00047163531962723937,comparado
19830814_Bolivia_vs_Colombia,1983-08-14,Bolivia,Colombia,1442.048,1465.098,1442.0480433082698,1465.097749377794,-4.3308269823683077e-05,0.00025062220606741903,comparado
19830817_Ecuador_vs_Brazil,1983-08-17,Ecuador,Brazil,1381.4,1889.928,1381.3996677952484,1889.9277722603542,0.00033220475165762764,0.0002277396458794101,comparado
19830817_Peru_vs_Colombia,1983-08-17,Peru,Colombia,1584.623,1484.707,1584.6234213332712,1484.7065996138806,-0.00042133327110605023,0.00040038611950876657,comparado
19830821_Bolivia_vs_Peru,1983-08-21,Bolivia,Peru,1422.439,1599.745,1422.4391930721831,1599.7453246605753,-0.00019307218303765694,-0.0003246605754156917,comparado
19830824_Argentina_vs_Brazil,1983-08-24,Argentina,Brazil,1731.766,1892.062,1731.766136520279,1892.0621826698668,-0.00013652027882926632,-0.00018266986694470688,comparado
19830828_Colombia_vs_Peru,1983-08-28,Colombia,Peru,1469.585,1589.871,1469.5846962865764,1589.871108380084,0.00030371342359103437,-0.00010838008392966003,comparado
19830831_Colombia_vs_Bolivia,1983-08-31,Colombia,Bolivia,1476.578,1429.047,1476.5779481073441,1429.0472926421658,5.189265584704117e-05,-0.00029264216573210433,comparado
19830901_Brazil_vs_Ecuador,1983-09-01,Brazil,Ecuador,1862.007,1379.265,1862.0069949604415,1379.2652573857358,5.039558573116665e-06,-0.0002573857357219822,comparado
19830901_Uruguay_vs_Chile,1983-09-01,Uruguay,Chile,1634.142,1610.612,1634.1420149523742,1610.6118057552312,-1.4952374158383464e-05,0.00019424476886342745,comparado
19830904_Peru_vs_Bolivia,1983-09-04,Peru,Bolivia,1582.878,1431.902,1582.8778565593163,1431.9023920791851,0.0001434406835869595,-0.0003920791850759997,comparado
19830904_Uruguay_vs_Venezuela,1983-09-04,Uruguay,Venezuela,1653.722,1307.891,1653.7219523262625,1307.8914673451486,4.7673737526565674e-05,-0.0004673451485359692,comparado
19830907_Argentina_vs_Ecuador,1983-09-07,Argentina,Ecuador,1761.821,1375.657,1761.8213242297043,1375.6565646945085,-0.00032422970434708986,0.0004353054914645327,comparado
19830908_Chile_vs_Venezuela,1983-09-08,Chile,Venezuela,1591.032,1301.845,1591.031868381343,1301.8447827542195,0.00013161865695110464,0.00021724578050452692,comparado
19830911_Chile_vs_Uruguay,1983-09-11,Chile,Uruguay,1601.616,1659.769,1601.615966067322,1659.7686369171915,3.393267797946464e-05,0.0003630828084624227,comparado
19830914_Brazil_vs_Argentina,1983-09-14,Brazil,Argentina,1865.616,1744.925,1865.6156876516688,1744.9251035776756,0.00031234833113558125,-0.00010357767564528331,comparado
19830918_Venezuela_vs_Uruguay,1983-09-18,Venezuela,Uruguay,1291.261,1633.565,1291.2606850682405,1633.564565255587,0.0003149317594761669,0.00043474441304169886,comparado
19830921_Venezuela_vs_Chile,1983-09-21,Venezuela,Chile,1286.122,1627.82,1286.1224244976256,1627.8200377289265,-0.00042449762554497283,-3.772892659981153e-05,comparado
19831013_Paraguay_vs_Brazil,1983-10-13,Paraguay,Brazil,1582.899,1858.601,1582.8994911312993,1858.6007240786223,-0.0004911312994408945,0.00027592137780629855,comparado
19831013_Peru_vs_Uruguay,1983-10-13,Peru,Uruguay,1579.657,1632.408,1579.6569548024759,1632.4075801418946,4.5197524059403804e-05,0.0004198581052605732,comparado
19831020_Brazil_vs_Paraguay,1983-10-20,Brazil,Paraguay,1844.732,1596.768,1844.732214481943,1596.7680007279787,-0.00021448194297590817,-7.27978658687789e-07,comparado
19831020_Uruguay_vs_Peru,1983-10-20,Uruguay,Peru,1650.243,1561.821,1650.243457275525,1561.8210776688454,-0.00045727552515018033,-7.76688455061958e-05,comparado
19831027_Uruguay_vs_Brazil,1983-10-27,Uruguay,Brazil,1645.011,1831.859,1645.011431047384,1831.859408688914,-0.0004310473839268525,-0.00040868891414902464,comparado
19831104_Brazil_vs_Uruguay,1983-11-04,Brazil,Uruguay,1800.147,1676.724,1800.146876179484,1676.723963556814,0.00012382051590975607,3.644318599071994e-05,comparado
19840612_France_vs_Denmark,1984-06-12,France,Denmark,1761.135,1606.415,1761.134530948721,1606.4151676134325,0.00046905127896934573,-0.00016761343249527272,comparado
19840613_Belgium_vs_Yugoslavia,1984-06-13,Belgium,Yugoslavia,1726.779,1712.86,1726.7785147912987,1712.8595611155158,0.0004852087013205164,0.0004388844840832462,comparado
19840614_Germany_vs_Portugal,1984-06-14,Germany,Portugal,1828.928,1659.956,1828.927767321002,1659.9556126918737,0.00023267899814527482,0.0003873081261644984,comparado
19840614_Romania_vs_Spain,1984-06-14,Romania,Spain,1634.439,1699.158,1634.4387033546018,1699.157958727581,0.0002966453982935491,4.1272418911830755e-05,comparado
19840616_Denmark_vs_Yugoslavia,1984-06-16,Denmark,Yugoslavia,1594.194,1690.852,1594.19406870575,1690.8517120990275,-6.870574998174561e-05,0.00028790097258024616,comparado
19840616_France_vs_Belgium,1984-06-16,France,Belgium,1773.356,1748.786,1773.3556298564035,1748.786363807787,0.0003701435964558186,-0.000363807786925463,comparado
19840617_Germany_vs_Romania,1984-06-17,Germany,Romania,1819.45,1638.306,1819.4503103811571,1638.3058939258226,-0.0003103811570781545,0.0001060741774381313,comparado
19840617_Portugal_vs_Spain,1984-06-17,Portugal,Spain,1669.433,1695.291,1669.4330696317186,1695.2907681563602,-6.963171858842543e-05,0.00023184363976724853,comparado
19840619_Denmark_vs_Belgium,1984-06-19,Denmark,Belgium,1640.014,1714.202,1640.0138876076549,1714.202049323014,0.00011239234504500928,-4.9323014081892325e-05,comparado
19840619_France_vs_Yugoslavia,1984-06-19,France,Yugoslavia,1807.94,1645.032,1807.9399443411764,1645.0318931971226,5.565882361224794e-05,0.0001068028773261176,comparado
19840620_Germany_vs_Spain,1984-06-20,Germany,Spain,1830.396,1693.731,1830.396330204116,1693.730734216469,-0.0003302041161532543,0.00026578353094919294,comparado
19840620_Portugal_vs_Romania,1984-06-20,Portugal,Romania,1670.993,1627.36,1670.9931035716097,1627.3598741028636,-0.00010357160977036983,0.00012589713628585741,comparado
19840623_France_vs_Portugal,1984-06-23,France,Portugal,1819.757,1689.37,1819.75665182172,1689.369564765109,0.0003481782800918154,0.0004352348908014392,comparado
19840624_Denmark_vs_Spain,1984-06-24,Denmark,Spain,1665.431,1722.59,1665.4311005685756,1722.5899655590224,-0.00010056857558993215,3.4440977515259874e-05,comparado
19840627_France_vs_Spain,1984-06-27,France,Spain,1833.226,1719.166,1833.2259451545451,1719.1659557899393,5.4845454997121124e-05,4.421006065058464e-05,comparado
19860531_Bulgaria_vs_Italy,1986-05-31,Bulgaria,Italy,1625.307,1728.701,1625.3073761976095,1728.7011982601305,-0.00037619760951201897,-0.00019826013044621504,comparado
19860601_Canada_vs_France,1986-06-01,Canada,France,1568.106,1826.37,1568.1056220936466,1826.3702259277316,0.00037790635337842104,-0.000225927731662523,comparado
19860601_Spain_vs_Brazil,1986-06-01,Spain,Brazil,1725.736,1767.22,1725.7359455581818,1767.219700219604,5.444181829261652e-05,0.00029978039606248785,comparado
19860602_Argentina_vs_South_Korea,1986-06-02,Argentina,South Korea,1704.212,1721.186,1704.2124306619708,1721.185868916006,-0.0004306619707676873,0.00013108399389238912,comparado
19860602_Morocco_vs_Poland,1986-06-02,Morocco,Poland,1662.347,1672.842,1662.3468818003007,1672.8418816422206,0.00011819969927273632,0.00011835777945634618,comparado
19860602_Russia_vs_Hungary,1986-06-02,Russia,Hungary,1771.352,1714.388,1771.3519859716498,1714.3884599966073,1.4028350278749713e-05,-0.00045999660733286873,comparado
19860603_Algeria_vs_Northern_Ireland,1986-06-03,Algeria,Northern Ireland,1675.967,1660.703,1675.9666529525098,1660.702552242589,0.00034704749032243853,0.00044775741093872057,comparado
19860603_Mexico_vs_Belgium,1986-06-03,Mexico,Belgium,1711.345,1675.444,1711.3446221136287,1675.4442000947977,0.00037788637132507574,-0.00020009479771943006,comparado
19860603_Portugal_vs_England,1986-06-03,Portugal,England,1661.225,1783.411,1661.225422404609,1783.4109451507593,-0.0004224046090257616,5.4849240768817253e-05,comparado
19860604_Paraguay_vs_Iraq,1986-06-04,Paraguay,Iraq,1643.298,1680.736,1643.2977564050773,1680.736078282676,0.00024359492272196803,-7.828267598597449e-05,comparado
19860604_Scotland_vs_Denmark,1986-06-04,Scotland,Denmark,1700.977,1688.465,1700.9773199807278,1688.4652865200173,-0.0003199807276814681,-0.0002865200174255733,comparado
19860604_Uruguay_vs_Germany,1986-06-04,Uruguay,Germany,1708.145,1784.962,1708.14494962841,1784.9624041456898,5.037159007770242e-05,-0.0004041456897994067,comparado
19860605_France_vs_Russia,1986-06-05,France,Russia,1834.116,1804.712,1834.1158228722215,1804.7118786560604,0.00017712777844280936,0.00012134393955420819,comparado
19860605_Italy_vs_Argentina,1986-06-05,Italy,Argentina,1722.63,1728.224,1722.6299551080583,1728.2242288678183,4.489194179768674e-05,-0.00022886781835040892,comparado
19860605_South_Korea_vs_Bulgaria,1986-06-05,South Korea,Bulgaria,1697.174,1631.379,1697.1740707101585,1631.3786193496817,-7.071015852488927e-05,0.0003806503182204324,comparado
19860606_Brazil_vs_Algeria,1986-06-06,Brazil,Algeria,1785.724,1675.045,1785.724151359382,1675.044640205377,-0.00015135938201638055,0.00035979462313662225,comparado
19860606_England_vs_Morocco,1986-06-06,England,Morocco,1755.316,1662.981,1755.3158217090586,1662.9810367230234,0.00017829094144872215,-3.672302341328759e-05,comparado
19860606_Hungary_vs_Canada,1986-06-06,Hungary,Canada,1681.029,1560.36,1681.0285673121966,1560.3600251491566,0.0004326878033680259,-2.5149156726911315e-05,comparado
19860607_Mexico_vs_Paraguay,1986-06-07,Mexico,Paraguay,1730.182,1666.552,1730.1823879205147,1666.5519177027602,-0.00038792051464042743,8.229723971453495e-05,comparado
19860607_Northern_Ireland_vs_Spain,1986-06-07,Northern Ireland,Spain,1661.625,1707.231,1661.6245649897219,1707.2314944184038,0.00043501027812453685,-0.0004944184038322419,comparado
19860607_Poland_vs_Portugal,1986-06-07,Poland,Portugal,1672.208,1689.321,1672.207726719498,1689.3205458463096,0.0002732805021423701,0.00045415369027068664,comparado
19860608_Denmark_vs_Uruguay,1986-06-08,Denmark,Uruguay,1710.221,1712.714,1710.2212228268745,1712.7138088705149,-0.00022282687450569938,0.00019112948507427063,comparado
19860608_Germany_vs_Scotland,1986-06-08,Germany,Scotland,1780.394,1679.221,1780.3935449035848,1679.2213836738706,0.00045509641518037824,-0.00038367387060134206,comparado
19860608_Iraq_vs_Belgium,1986-06-08,Iraq,Belgium,1657.482,1656.606,1657.4819169849932,1656.6064342879117,8.301500679408491e-05,-0.00043428791173028003,comparado
19860609_Hungary_vs_France,1986-06-09,Hungary,France,1695.595,1832.343,1695.5950392150742,1832.342795489975,-3.921507413906511e-05,0.00020451002501431503,comparado
19860609_Russia_vs_Canada,1986-06-09,Russia,Canada,1806.485,1545.794,1806.484906038307,1545.793553246279,9.396169298270252e-05,0.0004467537210075534,comparado
19860610_Argentina_vs_Bulgaria,1986-06-10,Argentina,Bulgaria,1727.886,1635.309,1727.8861241882023,1635.3086163403434,-0.00012418820233506267,0.0003836596565633954,comparado
19860610_South_Korea_vs_Italy,1986-06-10,South Korea,Italy,1693.244,1722.968,1693.2440737194968,1722.9680597876743,-7.371949686785229e-05,-5.9787674217659514e-05,comparado
19860611_England_vs_Poland,1986-06-11,England,Poland,1749.863,1694.241,1749.862627149695,1694.2412387889958,0.0003728503049842402,-0.00023878899582996382,comparado
19860611_Mexico_vs_Iraq,1986-06-11,Mexico,Iraq,1726.379,1636.429,1726.378811419221,1636.4290004200466,0.0001885807789676619,-4.200464900350198e-07,comparado
19860611_Paraguay_vs_Belgium,1986-06-11,Paraguay,Belgium,1670.355,1677.659,1670.355494204054,1677.6593508528583,-0.0004942040538935544,-0.0003508528582187864,comparado
19860611_Portugal_vs_Morocco,1986-06-11,Portugal,Morocco,1667.287,1668.434,1667.2870337768118,1668.434231282387,-3.377681173333258e-05,-0.00023128238694880565,comparado
19860612_Algeria_vs_Spain,1986-06-12,Algeria,Spain,1660.517,1725.491,1660.5169537823942,1725.4906060159706,4.621760581358103e-05,0.00039398402941515087,comparado
19860612_Northern_Ireland_vs_Brazil,1986-06-12,Northern Ireland,Brazil,1643.365,1800.252,1643.3654533921551,1800.2518377823646,-0.0004533921551228559,0.00016221763530666067,comparado
19860613_Denmark_vs_Germany,1986-06-13,Denmark,Germany,1748.075,1795.446,1748.075223443353,1795.4455877322314,-0.0002234433529793023,0.0004122677685245435,comparado
19860613_Scotland_vs_Uruguay,1986-06-13,Scotland,Uruguay,1664.169,1674.86,1664.169340845224,1674.8598082540364,-0.0003408452239455073,0.00019174596354787354,comparado
19860615_Mexico_vs_Bulgaria,1986-06-15,Mexico,Bulgaria,1742.06,1618.933,1742.0602888725743,1618.932836884522,-0.0002888725744014664,0.00016311547801706183,comparado
19860615_Russia_vs_Belgium,1986-06-15,Russia,Belgium,1814.007,1677.218,1814.006510705826,1677.217949898753,0.0004892941740308743,5.010124709770025e-05,comparado
19860616_Argentina_vs_Uruguay,1986-06-16,Argentina,Uruguay,1744.262,1674.214,1744.2619036440237,1674.2138496884438,9.63559762112709e-05,0.00015031155612632574,comparado
19860616_Brazil_vs_Poland,1986-06-16,Brazil,Poland,1815.927,1670.354,1815.9266240867307,1670.3541736493914,0.00037591326918118284,-0.00017364939139952185,comparado
19860617_Italy_vs_France,1986-06-17,Italy,France,1742.176,1849.488,1742.1758275536279,1849.4881285690628,0.0001724463720620406,-0.00012856906278102542,comparado
19860617_Morocco_vs_Germany,1986-06-17,Morocco,Germany,1691.417,1769.801,1691.4169275532488,1769.8007150924846,7.244675111905963e-05,0.00028490751537901815,comparado
19860618_Denmark_vs_Spain,1986-06-18,Denmark,Spain,1773.72,1748.54,1773.7200960830999,1748.5403920995639,-9.608309983377694e-05,-0.00039209956389640865,comparado
19860618_England_vs_Paraguay,1986-06-18,England,Paraguay,1773.75,1670.797,1773.7496922892994,1670.7968951581593,0.00030771070055379823,0.00010484184076631209,comparado
19860621_Brazil_vs_France,1986-06-21,Brazil,France,1835.071,1864.9,1835.0712374858495,1864.8996305713372,-0.00023748584953864338,0.00036942866290701204,comparado
19860621_Mexico_vs_Germany,1986-06-21,Mexico,Germany,1756.474,1786.142,1756.474291800497,1786.141752513431,-0.00029180049705246347,0.0002474865691510786,comparado
19860622_Argentina_vs_England,1986-06-22,Argentina,England,1761.084,1793.553,1761.0844485238615,1793.5525143528885,-0.00044852386145066703,0.0004856471116454486,comparado
19860622_Spain_vs_Belgium,1986-06-22,Spain,Belgium,1784.374,1706.084,1784.3736429074952,1706.0835717477032,0.0003570925048279605,0.00042825229684240185,comparado
19860625_Argentina_vs_Belgium,1986-06-25,Argentina,Belgium,1784.041,1710.737,1784.0412183850153,1710.7371483235634,-0.0002183850153869571,-0.00014832356328042806,comparado
19860625_France_vs_Germany,1986-06-25,France,Germany,1863.101,1784.353,1863.1011338042745,1784.3529119954715,-0.0001338042743554979,8.800452860668884e-05,comparado
19860628_France_vs_Belgium,1986-06-28,France,Belgium,1835.864,1693.052,1835.863828736936,1693.0522180755715,0.00017126306397585722,-0.00021807557163810998,comparado
19860629_Argentina_vs_Germany,1986-06-29,Argentina,Germany,1801.726,1811.59,1801.7261486330071,1811.5902170628099,-0.00014863300702927518,-0.00021706280995203997,comparado
19870627_Argentina_vs_Peru,1987-06-27,Argentina,Peru,1806.774,1559.685,1806.774260853447,1559.684987227308,-0.0002608534471164603,1.2772691889040289e-05,comparado
19870628_Brazil_vs_Venezuela,1987-06-28,Brazil,Venezuela,1836.481,1282.637,1836.4813369428396,1282.6370325131713,-0.0003369428395672003,-3.251317139074672e-05,comparado
19870628_Paraguay_vs_Bolivia,1987-06-28,Paraguay,Bolivia,1662.17,1420.657,1662.1697000505005,1420.6566511604792,0.00029994949954925687,0.0003488395207114081,comparado
19870630_Venezuela_vs_Chile,1987-06-30,Venezuela,Chile,1280.256,1636.365,1280.2555472600852,1636.3646768165586,0.00045273991486283194,0.00032318344142368005,comparado
19870701_Bolivia_vs_Colombia,1987-07-01,Bolivia,Colombia,1433.283,1520.083,1433.283274353659,1520.082853934724,-0.000274353659051485,0.00014606527611249476,comparado
19870702_Argentina_vs_Ecuador,1987-07-02,Argentina,Ecuador,1793.935,1400.74,1793.9345183882583,1400.7398470308005,0.00048161174163396936,0.00015296919946194976,comparado
19870703_Chile_vs_Brazil,1987-07-03,Chile,Brazil,1640.894,1838.863,1640.8943694479426,1838.8628221959257,-0.0003694479426030739,0.00017780407438294787,comparado
19870704_Peru_vs_Ecuador,1987-07-04,Peru,Ecuador,1572.525,1396.087,1572.5247296924967,1396.0867892954882,0.00027030750334233744,0.00021070451180094096,comparado
19870705_Colombia_vs_Paraguay,1987-07-05,Colombia,Paraguay,1536.846,1649.543,1536.845568915703,1649.5430768573208,0.0004310842969061923,-7.685732089157682e-05,comparado
19870708_Chile_vs_Colombia,1987-07-08,Chile,Colombia,1687.878,1573.22,1687.8779423516519,1573.2197284587564,5.764834804722341e-05,0.00027154124359185516,comparado
19870709_Argentina_vs_Uruguay,1987-07-09,Argentina,Uruguay,1798.588,1662.104,1798.5875761235707,1662.1036415792942,0.00042387642929497815,0.0003584207058793254,comparado
19870711_Argentina_vs_Colombia,1987-07-11,Argentina,Colombia,1769.738,1558.909,1769.7377888608312,1558.9089075775094,0.00021113916886861261,9.242249075214204e-05,comparado
19870712_Chile_vs_Uruguay,1987-07-12,Chile,Uruguay,1702.189,1690.953,1702.188763232899,1690.9534288420336,0.0002367671011143102,-0.0004288420336706622,comparado
19880610_Germany_vs_Italy,1988-06-10,Germany,Italy,1798.589,1764.464,1798.588939018354,1764.4644817622757,6.0981645901847514e-05,-0.0004817622757400386,comparado
19880611_Denmark_vs_Spain,1988-06-11,Denmark,Spain,1713.408,1758.613,1713.408321020001,1758.6129252659907,-0.0003210200011380948,7.47340093312232e-05,comparado
19880612_England_vs_Republic_of_Ireland,1988-06-12,England,Republic of Ireland,1795.488,1646.539,1795.488057040869,1646.5391820530408,-5.704086902369454e-05,-0.00018205304081675422,comparado
19880612_Netherlands_vs_Russia,1988-06-12,Netherlands,Russia,1760.801,1785.41,1760.800706795146,1785.4104338736781,0.0002932048539605603,-0.0004338736780482577,comparado
19880614_Germany_vs_Denmark,1988-06-14,Germany,Denmark,1796.533,1695.125,1796.5329662032532,1695.1253023893203,3.3796746720327064e-05,-0.0003023893202680483,comparado
19880614_Italy_vs_Spain,1988-06-14,Italy,Spain,1766.52,1776.896,1766.5204545773765,1776.8959438966715,-0.00045457737655851815,5.6103328461176716e-05,comparado
19880615_England_vs_Netherlands,1988-06-15,England,Netherlands,1765.999,1741.286,1765.9989727758846,1741.2857063479316,2.722411545619252e-05,0.0002936520684215793,comparado
19880615_Republic_of_Ireland_vs_Russia,1988-06-15,Republic of Ireland,Russia,1676.028,1804.925,1676.0282663180253,1804.9254343208925,-0.0002663180252966413,-0.00043432089250927675,comparado
19880617_Germany_vs_Spain,1988-06-17,Germany,Spain,1812.327,1755.269,1812.3269313489477,1755.2690060190248,6.865105228825996e-05,-6.019024795023142e-06,comparado
19880617_Italy_vs_Denmark,1988-06-17,Italy,Denmark,1788.147,1679.331,1788.1473924550232,1679.3313372436257,-0.0003924550233023183,-0.0003372436258359812,comparado
19880618_England_vs_Russia,1988-06-18,England,Russia,1741.564,1797.473,1741.564317019902,1797.4733221498927,-0.00031701990201327135,-0.00032214989278145367,comparado
19880618_Republic_of_Ireland_vs_Netherlands,1988-06-18,Republic of Ireland,Netherlands,1683.48,1765.72,1683.480378489025,1765.720362103914,-0.00037848902502446435,-0.00036210391408530995,comparado
19880621_Germany_vs_Netherlands,1988-06-21,Germany,Netherlands,1831.154,1781.84,1831.154357820134,1781.8403455332548,-0.00035782013401330914,-0.0003455332548583101,comparado
19880622_Russia_vs_Italy,1988-06-22,Russia,Italy,1816.383,1803.462,1816.3828062554,1803.462351022122,0.0001937445999828924,-0.00035102212200399663,comparado
19880625_Russia_vs_Netherlands,1988-06-25,Russia,Netherlands,1838.466,1805.801,1838.466403647666,1805.8011689973684,-0.00040364766618949943,-0.00016899736851883063,comparado
19890701_Brazil_vs_Venezuela,1989-07-01,Brazil,Venezuela,1788.49,1289.014,1788.489767524463,1289.014476905709,0.0002324755369045306,-0.0004769057090925344,comparado
19890701_Paraguay_vs_Peru,1989-07-01,Paraguay,Peru,1640.693,1516.023,1640.6931651156483,1516.0231298935137,-0.00016511564831489522,-0.00012989351375836122,comparado
19890702_Argentina_vs_Chile,1989-07-02,Argentina,Chile,1706.157,1631.73,1706.1569836470492,1631.7300599316188,1.635295075175236e-05,-5.993161880724074e-05,comparado
19890702_Uruguay_vs_Ecuador,1989-07-02,Uruguay,Ecuador,1705.898,1436.515,1705.898499130049,1436.5151683384063,-0.0004991300490928552,-0.00016833840618346585,comparado
19890703_Brazil_vs_Peru,1989-07-03,Brazil,Peru,1790.498,1497.955,1790.497559452537,1497.9547499170155,0.00044054746308574977,0.00025008298439388454,comparado
19890703_Venezuela_vs_Colombia,1989-07-03,Venezuela,Colombia,1287.007,1644.046,1287.0066849776351,1644.0464774803706,0.00031502236492997326,-0.0004774803705913655,comparado
19890704_Argentina_vs_Ecuador,1989-07-04,Argentina,Ecuador,1722.726,1471.166,1722.7259797348227,1471.165760699728,2.0265177454348304e-05,0.00023930027191454428,comparado
19890704_Uruguay_vs_Bolivia,1989-07-04,Uruguay,Bolivia,1671.248,1419.638,1671.2479067687273,1419.6384131066143,9.323127278548782e-05,-0.00041310661436000373,comparado
19890705_Colombia_vs_Paraguay,1989-07-05,Colombia,Paraguay,1648.553,1658.762,1648.5530745455844,1658.7615450921464,-7.454558431163605e-05,0.00045490785350921215,comparado
19890705_Peru_vs_Venezuela,1989-07-05,Peru,Venezuela,1512.379,1282.5,1512.379021030782,1282.5000879124213,-2.1030782136222115e-05,-8.791242134975619e-05,comparado
19890706_Chile_vs_Uruguay,1989-07-06,Chile,Uruguay,1615.161,1681.188,1615.1610638438453,1681.1882840822625,-6.384384528246301e-05,-0.00028408226239662326,comparado
19890706_Ecuador_vs_Bolivia,1989-07-06,Ecuador,Bolivia,1484.173,1409.698,1484.173387148303,1409.698035793079,-0.0003871483029342926,-3.5793078950518975e-05,comparado
19890707_Brazil_vs_Colombia,1989-07-07,Brazil,Colombia,1776.073,1628.17,1776.0732883387705,1628.169926184653,-0.0002883387703604967,7.381534715023008e-05,comparado
19890707_Paraguay_vs_Venezuela,1989-07-07,Paraguay,Venezuela,1679.145,1294.669,1679.144693453078,1294.6686838579799,0.000306546922047346,0.00031614202021046367,comparado
19890708_Bolivia_vs_Chile,1989-07-08,Bolivia,Chile,1414.132,1592.205,1414.1318364101526,1592.2047268688357,0.00016358984748876537,0.00027313116424920736,comparado
19890708_Uruguay_vs_Argentina,1989-07-08,Uruguay,Argentina,1704.145,1709.718,1704.1446210572722,1709.7183532862477,0.00037894272782068583,-0.00035328624767316796,comparado
19890709_Brazil_vs_Paraguay,1989-07-09,Brazil,Paraguay,1767.637,1684.03,1767.6371354846485,1684.030060285584,-0.00013548464858104126,-6.028558414072904e-05,comparado
19890709_Colombia_vs_Peru,1989-07-09,Colombia,Peru,1636.606,1500.21,1636.6060790387749,1500.2104250852235,-7.903877485659905e-05,-0.0004250852234690683,comparado
19890710_Argentina_vs_Bolivia,1989-07-10,Argentina,Bolivia,1730.381,1395.75,1730.3814898748133,1395.7496187069344,-0.0004898748131836328,0.0003812930656295066,comparado
19890710_Chile_vs_Ecuador,1989-07-10,Chile,Ecuador,1610.587,1479.74,1610.5869445720539,1479.7395865312294,5.542794610846613e-05,0.0004134687706027762,comparado
19890712_Brazil_vs_Argentina,1989-07-12,Brazil,Argentina,1784.616,1714.722,1784.615708733943,1714.7222575699113,0.00029126605704732356,-0.000257569911354949,comparado
19890712_Paraguay_vs_Uruguay,1989-07-12,Paraguay,Uruguay,1667.051,1683.481,1667.0514870362897,1683.4814844687066,-0.00048703628976909386,-0.0004844687066452025,comparado
19890714_Argentina_vs_Uruguay,1989-07-14,Argentina,Uruguay,1696.8,1711.012,1696.8003178383199,1711.012389908817,-0.00031783831991560874,-0.00038990881716927106,comparado
19890714_Brazil_vs_Paraguay,1989-07-14,Brazil,Paraguay,1802.538,1639.521,1802.5376484655344,1639.5205815961795,0.0003515344656079833,0.0004184038205039542,comparado
19890716_Brazil_vs_Uruguay,1989-07-16,Brazil,Uruguay,1817.782,1732.998,1817.7821028952603,1732.9980180904365,-0.00010289526039741759,-1.809043646971986e-05,comparado
19890716_Paraguay_vs_Argentina,1989-07-16,Paraguay,Argentina,1624.276,1674.815,1624.2761271664535,1674.8146896567005,-0.00012716645346699806,0.0003103432995885669,comparado
19900608_Argentina_vs_Cameroon,1990-06-08,Argentina,Cameroon,1665.271,1684.664,1665.271135164867,1684.6639904046508,-0.00013516486706066644,9.595349183655344e-06,comparado
19900609_Italy_vs_Austria,1990-06-09,Italy,Austria,1796.245,1634.539,1796.2445690595134,1634.5391578892534,0.0004309404864670796,-0.00015788925338711124,comparado
19900609_Russia_vs_Romania,1990-06-09,Russia,Romania,1774.107,1702.125,1774.1068711938267,1702.1247591928307,0.00012880617327937216,0.00024080716934804514,comparado
19900609_United_Arab_Emirates_vs_Colombia,1990-06-09,United Arab Emirates,Colombia,1580.524,1640.788,1580.5238480778667,1640.7875775161413,0.0001519221332273446,0.0004224838587560953,comparado
19900610_Brazil_vs_Sweden,1990-06-10,Brazil,Sweden,1840.394,1743.958,1840.3939798228573,1743.9584570336099,2.0177142687316518e-05,-0.0004570336097913241,comparado
19900610_Germany_vs_Yugoslavia,1990-06-10,Germany,Yugoslavia,1823.521,1710.362,1823.5213427526871,1710.3615053557764,-0.00034275268717465224,0.0004946442236359871,comparado
19900610_United_States_vs_Czechoslovakia,1990-06-10,United States,Czechoslovakia,1542.675,1699.636,1542.6745227923939,1699.636423649532,0.00047720760608171986,-0.000423649531967385,comparado
19900611_Costa_Rica_vs_Scotland,1990-06-11,Costa Rica,Scotland,1570.241,1629.918,1570.2406793717623,1629.918049429651,0.0003206282376595482,-4.942965119880682e-05,comparado
19900611_England_vs_Republic_of_Ireland,1990-06-11,England,Republic of Ireland,1763.49,1714.209,1763.4896693739322,1714.2089251497325,0.00033062606780731585,7.485026753784041e-05,comparado
19900612_Belgium_vs_South_Korea,1990-06-12,Belgium,South Korea,1699.24,1750.062,1699.2404739006677,1750.0618026354448,-0.0004739006676572899,0.0001973645551061054,comparado
19900612_Netherlands_vs_Egypt,1990-06-12,Netherlands,Egypt,1829.457,1656.033,1829.4573731683865,1656.033017110603,-0.00037316838643164374,-1.7110603039327543e-05,comparado
19900613_Argentina_vs_Russia,1990-06-13,Argentina,Russia,1645.442,1747.204,1645.4420789810451,1747.2036518922755,-7.898104513515136e-05,0.00034810772444870963,comparado
19900613_Uruguay_vs_Spain,1990-06-13,Uruguay,Spain,1717.664,1766.831,1717.6644451383752,1766.831344995418,-0.00044513837519843946,-0.00034499541811783274,comparado
19900614_Cameroon_vs_Romania,1990-06-14,Cameroon,Romania,1704.493,1729.028,1704.4930465884727,1729.0279784943818,-4.658847274185973e-05,2.1505618178707664e-05,comparado
19900614_Italy_vs_United_States,1990-06-14,Italy,United States,1808.12,1524.483,1808.1201556576725,1524.4828709970584,-0.0001556576726216008,0.00012900294154860603,comparado
19900614_Yugoslavia_vs_Colombia,1990-06-14,Yugoslavia,Colombia,1691.386,1659.387,1691.3855792555698,1659.386897778228,0.0004207444301300711,0.00010222177184004977,comparado
19900615_Austria_vs_Czechoslovakia,1990-06-15,Austria,Czechoslovakia,1622.664,1717.828,1622.6635712910943,1717.8280754448674,0.00042870890570156917,-7.544486743427115e-05,comparado
19900615_Germany_vs_United_Arab_Emirates,1990-06-15,Germany,United Arab Emirates,1842.497,1561.925,1842.4972688528937,1561.9245278157798,-0.0002688528936687362,0.0004721842201433901,comparado
19900616_Brazil_vs_Costa_Rica,1990-06-16,Brazil,Costa Rica,1855.71,1594.813,1855.7103555122342,1594.8126904006394,-0.0003555122341367678,0.00030959936066210503,comparado
19900616_England_vs_Netherlands,1990-06-16,England,Netherlands,1760.531,1819.767,1760.5308167809492,1819.7668668662554,0.00018321905076845724,0.00013313374461176863,comparado
19900616_Sweden_vs_Scotland,1990-06-16,Sweden,Scotland,1728.642,1605.346,1728.642081344233,1605.346038400774,-8.13442329672398e-05,-3.840077397399e-05,comparado
19900617_Belgium_vs_Uruguay,1990-06-17,Belgium,Uruguay,1725.066,1720.617,1725.0655936276296,1720.6165529455857,0.00040637237043483765,0.0004470544142805011,comparado
19900617_Republic_of_Ireland_vs_Egypt,1990-06-17,Republic of Ireland,Egypt,1717.168,1665.724,1717.1677777427155,1665.723523412734,0.00022225728434932535,0.0004765872658936132,comparado
19900617_South_Korea_vs_Spain,1990-06-17,South Korea,Spain,1724.237,1763.879,1724.2366829084829,1763.8792371882075,0.0003170915172177047,-0.00023718820762042014,comparado
19900618_Argentina_vs_Romania,1990-06-18,Argentina,Romania,1673.773,1706.547,1673.7729650835881,1706.5474772375917,3.4916411777885514e-05,-0.00047723759166728996,comparado
19900618_Cameroon_vs_Russia,1990-06-18,Cameroon,Russia,1726.974,1718.873,1726.9735478452628,1718.8727657897325,0.0004521547371041379,0.00023421026753567276,comparado
19900619_Austria_vs_United_States,1990-06-19,Austria,United States,1607.276,1517.618,1607.2759287742194,1517.6177889493986,7.122578062990215e-05,0.00021105060136505926,comparado
19900619_Germany_vs_Colombia,1990-06-19,Germany,Colombia,1852.442,1640.316,1852.4419410749176,1640.3155395119552,5.892508238503069e-05,0.0004604880448368931,comparado
19900619_Italy_vs_Czechoslovakia,1990-06-19,Italy,Czechoslovakia,1814.985,1733.216,1814.9852377053323,1733.2157179617423,-0.00023770533243805403,0.00028203825763739587,comparado
19900619_Yugoslavia_vs_United_Arab_Emirates,1990-06-19,Yugoslavia,United Arab Emirates,1710.457,1551.98,1710.4569375218427,1551.979855593756,6.247815736060147e-05,0.00014440624408962321,comparado
19900620_Brazil_vs_Scotland,1990-06-20,Brazil,Scotland,1863.361,1633.501,1863.3606601175056,1633.500558324343,0.00033988249447247654,0.0004416756569298741,comparado
19900620_Sweden_vs_Costa_Rica,1990-06-20,Sweden,Costa Rica,1700.488,1587.162,1700.487561420664,1587.162385795368,0.00043857933610524924,-0.0003857953679471393,comparado
19900621_Belgium_vs_Spain,1990-06-21,Belgium,Spain,1747.795,1783.967,1747.7950713756072,1783.967094593265,-7.137560714909341e-05,-9.45932649756287e-05,comparado
19900621_England_vs_Egypt,1990-06-21,England,Egypt,1764.077,1668.81,1764.0769193511342,1668.810434686057,8.064886583269981e-05,-0.000434686057133149,comparado
19900621_Republic_of_Ireland_vs_Netherlands,1990-06-21,Republic of Ireland,Netherlands,1714.081,1816.221,1714.0808664693925,1816.2207642960705,0.00013353060739973444,0.00023570392954752606,comparado
19900621_South_Korea_vs_Uruguay,1990-06-21,South Korea,Uruguay,1704.149,1697.887,1704.1488255034253,1697.887075197608,0.00017449657457291323,-7.5197608111921e-05,comparado
19900623_Cameroon_vs_Colombia,1990-06-23,Cameroon,Colombia,1692.514,1651.75,1692.5143430232172,1651.7503196927705,-0.0003430232172831893,-0.0003196927705175767,comparado
19900623_Czechoslovakia_vs_Costa_Rica,1990-06-23,Czechoslovakia,Costa Rica,1716.112,1614.779,1716.1122447374823,1614.7790791683929,-0.00024473748226228054,-7.916839285826427e-05,comparado
19900624_Brazil_vs_Argentina,1990-06-24,Brazil,Argentina,1872.193,1675.748,1872.1928202345775,1675.748095102841,0.00017976542244468874,-9.510284098723787e-05,comparado
19900624_Germany_vs_Netherlands,1990-06-24,Germany,Netherlands,1841.007,1810.219,1841.0071608941023,1810.2190493532903,-0.00016089410223685263,-4.9353290251019644e-05,comparado
19900625_Republic_of_Ireland_vs_Romania,1990-06-25,Republic of Ireland,Romania,1720.083,1704.572,1720.0825814121727,1704.5723472183388,0.0004185878274256538,-0.0003472183389021666,comparado
19900625_Italy_vs_Uruguay,1990-06-25,Italy,Uruguay,1832.089,1719.266,1832.0887109295923,1719.2655123127283,0.00028907040768899606,0.0004876872717431979,comparado
19900626_England_vs_Belgium,1990-06-26,England,Belgium,1779.459,1728.974,1779.4588385885895,1728.9735465732722,0.0001614114105450426,0.0004534267277449544,comparado
19900626_Spain_vs_Yugoslavia,1990-06-26,Spain,Yugoslavia,1802.789,1726.019,1802.7886193956,1726.0192839790084,0.00038060439987930295,-0.0002839790083726257,comparado
19900630_Italy_vs_Republic_of_Ireland,1990-06-30,Italy,Republic of Ireland,1847.148,1719.146,1847.148129496281,1719.1457207961007,-0.00012949628103342548,0.0002792038992538437,comparado
19900630_Yugoslavia_vs_Argentina,1990-06-30,Yugoslavia,Argentina,1751.585,1707.5,1751.5853723516839,1707.4997355246953,-0.0003723516838363139,0.00026447530467521574,comparado
19900701_Cameroon_vs_England,1990-07-01,Cameroon,England,1711.062,1797.429,1711.0616929410955,1797.4286601748156,0.0003070589043545624,0.0003398251844828337,comparado
19900701_Germany_vs_Czechoslovakia,1990-07-01,Germany,Czechoslovakia,1860.151,1736.048,1860.1510952361832,1736.0481419349412,-9.523618314233318e-05,-0.0001419349412117299,comparado
19900703_Italy_vs_Argentina,1990-07-03,Italy,Argentina,1860.743,1710.15,1860.7433318900903,1710.1501879449381,-0.00033189009036505013,-0.00018794493803397927,comparado
19900704_Germany_vs_England,1990-07-04,Germany,England,1873.953,1813.313,1873.9534984997083,1813.3133279706212,-0.0004984997083283815,-0.0003279706211287703,comparado
19900707_Italy_vs_England,1990-07-07,Italy,England,1852.171,1816.942,1852.1712632449774,1816.941822929459,-0.0002632449773045664,0.000177070540985369,comparado
19900708_Germany_vs_Argentina,1990-07-08,Germany,Argentina,1870.325,1718.722,1870.3250035408705,1718.722256590051,-3.5408704661676893e-06,-0.000256590051094463,comparado
19910706_Chile_vs_Venezuela,1991-07-06,Chile,Venezuela,1635.295,1277.451,1635.2945223294876,1277.451226449485,0.00047767051250957593,-0.0002264494848986942,comparado
19910706_Paraguay_vs_Peru,1991-07-06,Paraguay,Peru,1616.838,1464.808,1616.837934046818,1464.807664335608,6.595318200197653e-05,0.00033566439196874853,comparado
19910707_Bolivia_vs_Uruguay,1991-07-07,Bolivia,Uruguay,1463.45,1688.201,1463.4499564998198,1688.2014630187282,4.35001802543411e-05,-0.0004630187281691178,comparado
19910707_Colombia_vs_Ecuador,1991-07-07,Colombia,Ecuador,1630.508,1488.753,1630.5080612232869,1488.7528222108588,-6.122328682067746e-05,0.0001777891411620658,comparado
19910708_Argentina_vs_Venezuela,1991-07-08,Argentina,Venezuela,1722.145,1272.964,1722.1450432379713,1272.9644845300172,-4.323797134020424e-05,-0.0004845300172746647,comparado
19910708_Chile_vs_Peru,1991-07-08,Chile,Peru,1639.781,1452.452,1639.7812642489553,1452.4520010742178,-0.0002642489553181804,-1.0742178346845321e-06,comparado
19910709_Bolivia_vs_Brazil,1991-07-09,Bolivia,Brazil,1475.411,1823.407,1475.4109364656636,1823.406857993831,6.353433650474472e-05,0.00014200616897142027,comparado
19910709_Ecuador_vs_Uruguay,1991-07-09,Ecuador,Uruguay,1475.875,1676.24,1475.875137212747,1676.2404830528844,-0.0001372127469494444,-0.00048305288441952143,comparado
19910710_Chile_vs_Argentina,1991-07-10,Chile,Argentina,1650.574,1725.533,1650.5738601805683,1725.5328377528845,0.00013981943175167544,0.00016224711544055026,comparado
19910710_Paraguay_vs_Venezuela,1991-07-10,Paraguay,Venezuela,1629.194,1269.577,1629.1935973082082,1269.576690015104,0.0004026917918054096,0.0003099848959209339,comparado
19910711_Bolivia_vs_Colombia,1991-07-11,Bolivia,Colombia,1470.419,1643.386,1470.4186201002076,1643.3857462213987,0.0003798997925059666,0.00025377860129083274,comparado
19910711_Brazil_vs_Uruguay,1991-07-11,Brazil,Uruguay,1828.399,1665.315,1828.399174359287,1665.3149978976783,-0.00017435928702980164,2.102321786878747e-06,comparado
19910712_Argentina_vs_Paraguay,1991-07-12,Argentina,Paraguay,1742.071,1636.44,1742.0711166808774,1636.4401308150334,-0.00011668087745420053,-0.00013081503334433364,comparado
19910712_Peru_vs_Venezuela,1991-07-12,Peru,Venezuela,1441.659,1262.33,1441.6594051426048,1262.3301565082788,-0.0004051426046771667,-0.00015650827890567598,comparado
19910713_Bolivia_vs_Ecuador,1991-07-13,Bolivia,Ecuador,1480.087,1486.801,1480.0873617443385,1486.800622367953,-0.00036174433853375376,0.00037763204682050855,comparado
19910713_Brazil_vs_Colombia,1991-07-13,Brazil,Colombia,1819.207,1633.717,1819.207273983839,1633.7170045772677,-0.00027398383895160805,-4.5772676458000205e-06,comparado
19910714_Argentina_vs_Peru,1991-07-14,Argentina,Peru,1761.655,1458.075,1761.6549999843212,1458.0747219310026,1.567877916386351e-08,0.00027806899743154645,comparado
19910714_Chile_vs_Paraguay,1991-07-14,Chile,Paraguay,1634.036,1616.856,1634.0355812525754,1616.8562475115896,0.0004187474246464262,-0.00024751158957769803,comparado
19910715_Brazil_vs_Ecuador,1991-07-15,Brazil,Ecuador,1787.54,1519.845,1787.5398885390464,1519.8450059751915,0.00011146095357617014,-5.975191470497521e-06,comparado
19910715_Colombia_vs_Uruguay,1991-07-15,Colombia,Uruguay,1665.384,1674.507,1665.3843900220604,1674.5068982731261,-0.0003900220604009519,0.00010172687393605884,comparado
19910717_Argentina_vs_Brazil,1991-07-17,Argentina,Brazil,1767.886,1794.796,1767.885979851151,1794.796059820217,2.014884898926539e-05,-5.982021684758365e-05,comparado
19910717_Chile_vs_Colombia,1991-07-17,Chile,Colombia,1665.915,1644.936,1665.9150094635975,1644.9356538220645,-9.463597507419763e-06,0.00034617793539837294,comparado
19910719_Brazil_vs_Colombia,1991-07-19,Brazil,Colombia,1772.173,1646.202,1772.1727823943986,1646.2021671213001,0.0002176056013922789,-0.0001671213001372962,comparado
19910719_Chile_vs_Argentina,1991-07-19,Chile,Argentina,1664.648,1790.509,1664.6484961643619,1790.5092572769693,-0.0004961643619481038,-0.0002572769692505972,comparado
19910721_Argentina_vs_Colombia,1991-07-21,Argentina,Colombia,1783.218,1631.963,1783.2180578218936,1631.9632371605826,-5.7821893506115885e-05,-0.0002371605826283485,comparado
19910721_Chile_vs_Brazil,1991-07-21,Chile,Brazil,1671.94,1786.412,1671.9396956194375,1786.4117123551162,0.00030438056251114176,0.0002876448838833312,comparado
19920610_Sweden_vs_France,1992-06-10,Sweden,France,1694.447,1805.7,1694.4470589735945,1805.6998243454016,-5.8973594605049584e-05,0.00017565459847901366,comparado
19920611_Denmark_vs_England,1992-06-11,Denmark,England,1725.643,1824.434,1725.6434876014196,1824.4338536510074,-0.0004876014195360767,0.00014634899252996547,comparado
19920612_Netherlands_vs_Scotland,1992-06-12,Netherlands,Scotland,1792.91,1658.518,1792.9100948900882,1658.518157303256,-9.489008812124666e-05,-0.00015730325594631722,comparado
19920612_Russia_vs_Germany,1992-06-12,Russia,Germany,1775.778,1878.202,1775.7782454529338,1878.2018736504576,-0.0002454529337683198,0.00012634954237000784,comparado
19920614_France_vs_England,1992-06-14,France,England,1799.196,1818.619,1799.196168951415,1818.618565456225,-0.00016895141516215517,0.00043454377487250895,comparado
19920614_Sweden_vs_Denmark,1992-06-14,Sweden,Denmark,1700.951,1731.459,1700.950714367581,1731.458775796202,0.00028563241903611924,0.00022420379809773294,comparado
19920615_Netherlands_vs_Russia,1992-06-15,Netherlands,Russia,1806.169,1781.796,1806.169330136882,1781.7957054346296,-0.0003301368819847994,0.00029456537049554754,comparado
19920615_Scotland_vs_Germany,1992-06-15,Scotland,Germany,1645.259,1872.184,1645.258922056462,1872.1844136687619,7.794353791723552e-05,-0.0004136687618938595,comparado
19920617_France_vs_Denmark,1992-06-17,France,Denmark,1800.369,1708.62,1800.3688927661924,1708.6195061309375,0.00010723380751187506,0.0004938690624385345,comparado
19920617_Sweden_vs_England,1992-06-17,Sweden,England,1723.79,1817.446,1723.7899840328455,1817.4458416414477,1.5967154467944056e-05,0.00015835855219847872,comparado
19920618_Netherlands_vs_Germany,1992-06-18,Netherlands,Germany,1804.699,1881.098,1804.6985306060992,1881.0981755899577,0.00046939390085753985,-0.00017558995773470087,comparado
19920618_Scotland_vs_Russia,1992-06-18,Scotland,Russia,1636.345,1783.267,1636.3451601352663,1783.2665049654124,-0.0001601352662419231,0.0004950345876295614,comparado
19920621_Sweden_vs_Germany,1992-06-21,Sweden,Germany,1750.318,1853.976,1750.317569814832,1853.9762174598825,0.0004301851679429092,-0.00021745988237853453,comparado
19920622_Netherlands_vs_Denmark,1992-06-22,Netherlands,Denmark,1831.82,1735.04,1831.8204887361744,1735.0396890701631,-0.0004887361744749796,0.0003109298368144664,comparado
19920626_Denmark_vs_Germany,1992-06-26,Denmark,Germany,1740.743,1868.89,1740.7426489869338,1868.8903086208645,0.0003510130661652511,-0.000308620864416298,comparado
19930615_Ecuador_vs_Venezuela,1993-06-15,Ecuador,Venezuela,1517.996,1255.744,1517.9964146093105,1255.7439067538462,-0.00041460931038272975,9.324615371042455e-05,comparado
19930616_Colombia_vs_Mexico,1993-06-16,Colombia,Mexico,1638.094,1790.331,1638.0939486190855,1790.3307361884815,5.1380914555920754e-05,0.00026381151837995276,comparado
19930616_Uruguay_vs_United_States,1993-06-16,Uruguay,United States,1710.945,1588.259,1710.9450776015212,1588.259073927164,-7.760152129776543e-05,-7.392716406684485e-05,comparado
19930617_Argentina_vs_Bolivia,1993-06-17,Argentina,Bolivia,1827.437,1454.419,1827.4368278616791,1454.4188958534764,0.0001721383207495819,0.0001041465236539807,comparado
19930618_Brazil_vs_Peru,1993-06-18,Brazil,Peru,1821.416,1457.892,1821.416156417897,1457.8919378647095,-0.0001564178969601926,6.21352905909589e-05,comparado
19930618_Paraguay_vs_Chile,1993-06-18,Paraguay,Chile,1573.762,1659.548,1573.7621538471103,1659.5484891463577,-0.0001538471103685879,-0.0004891463577223476,comparado
19930619_Ecuador_vs_United_States,1993-06-19,Ecuador,United States,1530.166,1574.381,1530.1660178321813,1574.3809816753271,-1.783218135642528e-05,1.8324672964808997e-05,comparado
19930619_Uruguay_vs_Venezuela,1993-06-19,Uruguay,Venezuela,1724.823,1243.574,1724.8231698533582,1243.5743035309754,-0.0001698533581020456,-0.0003035309753158799,comparado
19930620_Argentina_vs_Mexico,1993-06-20,Argentina,Mexico,1831.829,1760.676,1831.8294896466448,1760.6760345402356,-0.0004896466448371939,-3.4540235674285213e-05,comparado
19930620_Colombia_vs_Bolivia,1993-06-20,Colombia,Bolivia,1667.749,1450.026,1667.7486502673314,1450.0262340685108,0.0003497326686101587,-0.00023406851073559665,comparado
19930621_Brazil_vs_Chile,1993-06-21,Brazil,Chile,1805.028,1633.466,1805.0284626130206,1633.4661830535383,-0.0004626130205451773,-0.00018305353842151817,comparado
19930621_Paraguay_vs_Peru,1993-06-21,Paraguay,Peru,1599.844,1474.28,1599.8444599399297,1474.2796316695858,-0.0004599399296694173,0.0003683304141759436,comparado
19930622_Ecuador_vs_Uruguay,1993-06-22,Ecuador,Uruguay,1555.645,1706.299,1555.6450753050144,1706.299105926098,-7.530501443397952e-05,-0.00010592609805826214,comparado
19930622_United_States_vs_Venezuela,1993-06-22,United States,Venezuela,1548.902,1262.098,1548.901924202494,1262.0983674582355,7.579750604236324e-05,-0.00036745823558703705,comparado
19930623_Argentina_vs_Colombia,1993-06-23,Argentina,Colombia,1827.588,1656.078,1827.5879056544636,1656.078006085851,9.434553635401244e-05,-6.0858510551042855e-06,comparado
19930623_Mexico_vs_Bolivia,1993-06-23,Mexico,Bolivia,1764.918,1461.697,1764.9176185324168,1461.6968782499912,0.0003814675831108616,0.00012175000870229269,comparado
19930624_Brazil_vs_Paraguay,1993-06-24,Brazil,Paraguay,1774.427,1592.569,1774.4267582355956,1592.5689959193471,0.00024176440433620883,4.080652843185817e-06,comparado
19930624_Chile_vs_Peru,1993-06-24,Chile,Peru,1664.068,1481.555,1664.0678874309633,1481.5550956901684,0.00011256903667344886,-9.569016833665955e-05,comparado
19930626_Colombia_vs_Uruguay,1993-06-26,Colombia,Uruguay,1665.677,1676.724,1665.6772061578658,1676.7239705325467,-0.00020615786593225494,2.9467453259712784e-05,comparado
19930626_Ecuador_vs_Paraguay,1993-06-26,Ecuador,Paraguay,1585.22,1578.596,1585.2202106985658,1578.595687188423,-0.00021069856575195445,0.00031281157703233475,comparado
19930627_Brazil_vs_Argentina,1993-06-27,Brazil,Argentina,1788.4,1817.989,1788.4000669665197,1817.9887055824488,-6.696651962556643e-05,0.0002944175512311631,comparado
19930627_Peru_vs_Mexico,1993-06-27,Peru,Mexico,1512.673,1750.16,1512.6727062820064,1750.1595892257462,0.0002937179935997847,0.0004107742538508319,comparado
19930630_Ecuador_vs_Mexico,1993-06-30,Ecuador,Mexico,1613.692,1762.068,1613.6916484667374,1762.0680752697483,0.0003515332625738665,-7.526974832217093e-05,comparado
19930701_Colombia_vs_Argentina,1993-07-01,Colombia,Argentina,1666.345,1816.205,1666.3446792679931,1816.2045948188218,0.0003207320069122943,0.00040518117816645827,comparado
19930703_Ecuador_vs_Colombia,1993-07-03,Ecuador,Colombia,1600.786,1674.88,1600.7856132282818,1674.8797821332262,0.0003867717182401975,0.0002178667739372031,comparado
19930704_Argentina_vs_Mexico,1993-07-04,Argentina,Mexico,1807.669,1774.974,1807.6694919535887,1774.974110508204,-0.00049195358860743,-0.00011050820398850192,comparado
19940617_Germany_vs_Bolivia,1994-06-17,Germany,Bolivia,1860.832,1540.142,1860.8323005970465,1540.1420829448687,-0.00030059704636187234,-8.294486860904726e-05,comparado
19940617_Spain_vs_South_Korea,1994-06-17,Spain,South Korea,1768.448,1721.077,1768.4484727301967,1721.0768245929248,-0.0004727301966340747,0.00017540707517582632,comparado
19940618_Colombia_vs_Romania,1994-06-18,Colombia,Romania,1767.741,1735.597,1767.7407258720293,1735.5970255931811,0.00027412797066972416,-2.5593181135263876e-05,comparado
19940618_Italy_vs_Republic_of_Ireland,1994-06-18,Italy,Republic of Ireland,1834.06,1734.612,1834.0595787840482,1734.6117067824102,0.00042121595174648974,0.0002932175898422429,comparado
19940618_United_States_vs_Switzerland,1994-06-18,United States,Switzerland,1594.395,1706.288,1594.3951220744675,1706.2881029116345,-0.00012207446752654505,-0.00010291163448528096,comparado
19940619_Belgium_vs_Morocco,1994-06-19,Belgium,Morocco,1693.89,1681.044,1693.8897109198883,1681.0442675100414,0.0002890801117700903,-0.0002675100413398468,comparado
19940619_Cameroon_vs_Sweden,1994-06-19,Cameroon,Sweden,1675.251,1760.385,1675.2513859749565,1760.384880779757,-0.0003859749565435777,0.00011922024305022205,comparado
19940619_Norway_vs_Mexico,1994-06-19,Norway,Mexico,1695.441,1770.567,1695.4407585096997,1770.567281513147,0.00024149030036824115,-0.00028151314700153307,comparado
19940620_Brazil_vs_Russia,1994-06-20,Brazil,Russia,1806.877,1734.589,1806.8773264068152,1734.5892249823178,-0.00032640681524753745,-0.0002249823178317456,comparado
19940620_Netherlands_vs_Saudi_Arabia,1994-06-20,Netherlands,Saudi Arabia,1824.315,1699.855,1824.3152389866286,1699.8548172486694,-0.00023898662857391173,0.00018275133061251836,comparado
19940621_Argentina_vs_Greece,1994-06-21,Argentina,Greece,1781.328,1601.847,1781.3279999855044,1601.8472873601713,1.449552655685693e-08,-0.0002873601713417884,comparado
19940621_Germany_vs_Spain,1994-06-21,Germany,Spain,1866.559,1765.603,1866.5585119545915,1765.602807086629,0.0004880454084741359,0.0001929133711655595,comparado
19940621_Nigeria_vs_Bulgaria,1994-06-21,Nigeria,Bulgaria,1732.855,1655.336,1732.854739480008,1655.3358023367775,0.00026051999202536535,0.00019766322247960488,comparado
19940622_Romania_vs_Switzerland,1994-06-22,Romania,Switzerland,1760.433,1699.749,1760.4333829216832,1699.7494825421677,-0.00038292168324005615,-0.00048254216767418256,comparado
19940622_United_States_vs_Colombia,1994-06-22,United States,Colombia,1600.934,1742.904,1600.9337424439343,1742.9043685435272,0.00025755606566235656,-0.0003685435272018367,comparado
19940623_Italy_vs_Norway,1994-06-23,Italy,Norway,1807.208,1720.912,1807.2076158474488,1720.912148380818,0.0003841525513053057,-0.00014838081801826775,comparado
19940623_South_Korea_vs_Bolivia,1994-06-23,South Korea,Bolivia,1723.922,1534.416,1723.9224902364926,1534.4158715873236,-0.0004902364926238079,0.00012841267630392394,comparado
19940624_Brazil_vs_Cameroon,1994-06-24,Brazil,Cameroon,1824.633,1680.297,1824.6326956194935,1680.2965268520397,0.0003043805065772176,0.00047314796029240824,comparado
19940624_Mexico_vs_Republic_of_Ireland,1994-06-24,Mexico,Republic of Ireland,1745.096,1761.464,1745.0958916420286,1761.4636697190097,0.00010835797138497583,0.00033028099028342695,comparado
19940624_Sweden_vs_Russia,1994-06-24,Sweden,Russia,1755.34,1716.834,1755.3397399026737,1716.8338557696395,0.00026009732619058923,0.00014423036054722616,comparado
19940625_Argentina_vs_Nigeria,1994-06-25,Argentina,Nigeria,1797.732,1754.804,1797.7317212601067,1754.8037723144587,0.0002787398932468932,0.00022768554140384367,comparado
19940625_Belgium_vs_Netherlands,1994-06-25,Belgium,Netherlands,1714.114,1838.099,1714.1136491768923,1838.0985807253103,0.00035082310773759673,0.00041927468964786385,comparado
19940625_Saudi_Arabia_vs_Morocco,1994-06-25,Saudi Arabia,Morocco,1686.071,1660.82,1686.0714755099877,1660.8203292530375,-0.0004755099878366309,-0.0003292530375347269,comparado
19940626_Bulgaria_vs_Greece,1994-06-26,Bulgaria,Greece,1633.387,1585.444,1633.3867695023268,1585.443566085569,0.00023049767310112657,0.00043391443091422843,comparado
19940626_Switzerland_vs_Colombia,1994-06-26,Switzerland,Colombia,1732.979,1713.771,1732.9787971238375,1713.7709851227685,0.00020287616257519403,1.4877231478749309e-05,comparado
19940626_United_States_vs_Romania,1994-06-26,United States,Romania,1630.067,1727.204,1630.067125864693,1727.2040683400135,-0.00012586469301822945,-6.834001351307961e-05,comparado
19940627_Bolivia_vs_Spain,1994-06-27,Bolivia,Spain,1544.855,1771.539,1544.8549237482348,1771.5387284668864,7.625176522196853e-05,0.000271533113618716,comparado
19940627_Germany_vs_South_Korea,1994-06-27,Germany,South Korea,1860.623,1713.483,1860.622590574334,1713.4834380755815,0.0004094256660209794,-0.00043807558154185244,comparado
19940628_Brazil_vs_Sweden,1994-06-28,Brazil,Sweden,1841.214,1775.511,1841.2137410520684,1775.5110473317197,0.0002589479315702192,-4.733171977022721e-05,comparado
19940628_Republic_of_Ireland_vs_Norway,1994-06-28,Republic of Ireland,Norway,1739.475,1705.023,1739.4750856599642,1705.0234151549869,-8.565996427023492e-05,-0.0004151549869675364,comparado
19940628_Italy_vs_Mexico,1994-06-28,Italy,Mexico,1823.096,1767.084,1823.09634907328,1767.084475701074,-0.0003490732799491525,-0.00047570107403771544,comparado
19940628_Russia_vs_Cameroon,1994-06-28,Russia,Cameroon,1696.663,1663.715,1696.6625483405935,1663.7154814194648,0.0004516594065080426,-0.0004814194649043202,comparado
19940629_Belgium_vs_Saudi_Arabia,1994-06-29,Belgium,Saudi Arabia,1742.305,1705.548,1742.304949607394,1705.5479056932882,5.0392605999149964e-05,9.430671184418316e-05,comparado
19940629_Morocco_vs_Netherlands,1994-06-29,Morocco,Netherlands,1641.344,1809.907,1641.343899069737,1809.9072802948085,0.00010093026298818586,-0.0002802948085900425,comparado
19940630_Argentina_vs_Bulgaria,1994-06-30,Argentina,Bulgaria,1816.15,1661.928,1816.150156872357,1661.9284848330983,-0.0001568723569107533,-0.00048483309819857823,comparado
19940630_Greece_vs_Nigeria,1994-06-30,Greece,Nigeria,1556.902,1736.385,1556.9018507547976,1736.3853367022084,0.00014924520246495376,-0.000336702208414863,comparado
19940702_Germany_vs_Belgium,1994-07-02,Germany,Belgium,1873.225,1719.092,1873.2252086163196,1719.0915007532337,-0.00020861631969637529,0.0004992467663669231,comparado
19940702_Spain_vs_Switzerland,1994-07-02,Spain,Switzerland,1780.463,1708.844,1780.463141560957,1708.8444878294404,-0.00014156095699036086,-0.00048782944031700026,comparado
19940703_Romania_vs_Argentina,1994-07-03,Romania,Argentina,1742.481,1785.603,1742.481175253571,1785.6033347646903,-0.00017525357111480844,-0.00033476469025117694,comparado
19940703_Saudi_Arabia_vs_Sweden,1994-07-03,Saudi Arabia,Sweden,1728.761,1779.436,1728.7613545474485,1779.435633869606,-0.00035454744852359,0.00036613039401345304,comparado
19940704_Netherlands_vs_Republic_of_Ireland,1994-07-04,Netherlands,Republic of Ireland,1821.45,1737.4,1821.4495088603348,1737.3995265234998,0.0004911396652005351,0.00047347650024676113,comparado
19940704_United_States_vs_Brazil,1994-07-04,United States,Brazil,1614.79,1837.289,1614.7900189511354,1837.2891545141822,-1.895113541650062e-05,-0.00015451418221346103,comparado
19940705_Mexico_vs_Bulgaria,1994-07-05,Mexico,Bulgaria,1770.441,1692.475,1770.4409649667455,1692.475306940765,3.503325456222228e-05,-0.00030694076508552826,comparado
19940705_Nigeria_vs_Italy,1994-07-05,Nigeria,Italy,1747.582,1819.74,1747.5824735664578,1819.7398598076086,-0.00047356645768559247,0.00014019239142726292,comparado
19940709_Italy_vs_Spain,1994-07-09,Italy,Spain,1836.44,1802.927,1836.4401049801104,1802.9265863013125,-0.00010498011033632793,0.00041369868745277927,comparado
19940709_Netherlands_vs_Brazil,1994-07-09,Netherlands,Brazil,1838.398,1846.42,1838.3980487048755,1846.420488694272,-4.8704875553085e-05,-0.0004886942720077059,comparado
19940710_Bulgaria_vs_Germany,1994-07-10,Bulgaria,Germany,1697.11,1885.476,1697.1102341001856,1885.4755405162505,-0.0002341001857075753,0.0004594837496370019,comparado
19940710_Romania_vs_Sweden,1994-07-10,Romania,Sweden,1766.074,1798.721,1766.0743000909306,1798.7209990317783,-0.00030009093052285607,9.68221684161108e-07,comparado
19940713_Bulgaria_vs_Italy,1994-07-13,Bulgaria,Italy,1728.497,1855.421,1728.4972637375186,1855.4207113513457,-0.0002637375184804114,0.0002886486543047795,comparado
19940713_Sweden_vs_Brazil,1994-07-13,Sweden,Brazil,1796.754,1866.936,1796.7535263333318,1866.9356756468962,0.00047366666808557056,0.0003243531036787317,comparado
19940716_Sweden_vs_Bulgaria,1994-07-16,Sweden,Bulgaria,1779.939,1714.845,1779.9387652291987,1714.844891896493,0.00023477080139855389,0.00010810350704559823,comparado
19940717_Brazil_vs_Italy,1994-07-17,Brazil,Italy,1883.75,1869.073,1883.7504367510294,1869.0730831923713,-0.00043675102938323107,-8.319237122123013e-05,comparado
19950705_Uruguay_vs_Venezuela,1995-07-05,Uruguay,Venezuela,1671.662,1267.074,1671.6615411906816,1267.0744412230852,0.0004588093183883757,-0.00044122308509031427,comparado
19950706_Mexico_vs_Paraguay,1995-07-06,Mexico,Paraguay,1759.122,1586.868,1759.121891321228,1586.8675606401923,0.00010867877199416398,0.0004393598076148919,comparado
19950707_Brazil_vs_Ecuador,1995-07-07,Brazil,Ecuador,1896.411,1572.804,1896.4109479331607,1572.8036280644606,5.206683931646694e-05,0.00037193553953329683,comparado
19950707_Colombia_vs_Peru,1995-07-07,Colombia,Peru,1743.243,1487.351,1743.242807380134,1487.3510039783946,0.00019261986585661361,-3.978394488513004e-06,comparado
19950708_Argentina_vs_Bolivia,1995-07-08,Argentina,Bolivia,1781.837,1534.128,1781.8373851239378,1534.127671492912,-0.0003851239378036553,0.0003285070879428531,comparado
19950708_United_States_vs_Chile,1995-07-08,United States,Chile,1631.558,1623.904,1631.5578501910018,1623.9042838916998,0.0001498089982305828,-0.00028389169983711326,comparado
19950709_Mexico_vs_Venezuela,1995-07-09,Mexico,Venezuela,1728.487,1262.71,1728.4871321696749,1262.7097029460745,-0.00013216967477092112,0.0002970539255784388,comparado
19950709_Uruguay_vs_Paraguay,1995-07-09,Uruguay,Paraguay,1676.026,1617.502,1676.0262794676923,1617.5023197917455,-0.0002794676922803774,-0.00031979174559637613,comparado
19950710_Brazil_vs_Peru,1995-07-10,Brazil,Peru,1902.055,1500.519,1902.0546193461278,1500.5187491241416,0.00038065387229835324,0.0002508758584554016,comparado
19950710_Colombia_vs_Ecuador,1995-07-10,Colombia,Ecuador,1730.075,1567.16,1730.0750622343871,1567.1599566514935,-6.2234387087301e-05,4.334850655141054e-05,comparado
19950711_Argentina_vs_Chile,1995-07-11,Argentina,Chile,1789.974,1603.367,1789.974186184834,1603.3668125040933,-0.00018618483409227338,0.00018749590662991977,comparado
19950711_United_States_vs_Bolivia,1995-07-11,United States,Bolivia,1652.095,1525.991,1652.0953215786083,1525.9908704320158,-0.00032157860823645024,0.0001295679842314712,comparado
19950712_Paraguay_vs_Venezuela,1995-07-12,Paraguay,Venezuela,1600.007,1260.269,1600.0065944454989,1260.2691792077828,0.0004055545011851791,-0.00017920778282132233,comparado
19950713_Brazil_vs_Colombia,1995-07-13,Brazil,Colombia,1905.573,1741.891,1905.5734786834648,1741.8914248666056,-0.00047868346473478596,-0.00042486660549911903,comparado
19950713_Peru_vs_Ecuador,1995-07-13,Peru,Ecuador,1497.0,1555.344,1496.9998897868045,1555.343594019275,0.00011021319551218767,0.00040598072496322857,comparado
19950713_Uruguay_vs_Mexico,1995-07-13,Uruguay,Mexico,1693.522,1730.928,1693.522004813939,1730.9276559079665,-4.813939085579477e-06,0.00034409203362884,comparado
19950714_Argentina_vs_United_States,1995-07-14,Argentina,United States,1805.839,1623.791,1805.83892688934,1623.7911715448756,7.311065996873367e-05,-0.00017154487568404875,comparado
19950714_Chile_vs_Bolivia,1995-07-14,Chile,Bolivia,1587.502,1554.295,1587.5020717995874,1554.2950204657484,-7.179958743108728e-05,-2.0465748320930288e-05,comparado
19950716_Paraguay_vs_Colombia,1995-07-16,Paraguay,Colombia,1605.212,1726.693,1605.2118520639203,1726.69315676666,0.0001479360796565743,-0.00015676665998398676,comparado
19950716_Uruguay_vs_Bolivia,1995-07-16,Uruguay,Bolivia,1695.774,1556.296,1695.7742141292272,1556.296060070236,-0.0002141292272881401,-6.007023603160633e-05,comparado
19950717_Brazil_vs_Argentina,1995-07-17,Brazil,Argentina,1920.772,1766.025,1920.7717467834104,1766.02524117614,0.00025321658949906123,-0.00024117613997987064,comparado
19950717_United_States_vs_Mexico,1995-07-17,United States,Mexico,1663.605,1728.675,1663.6048572580755,1728.6754465926783,0.00014274192449192924,-0.0004465926783723262,comparado
19950719_Uruguay_vs_Colombia,1995-07-19,Uruguay,Colombia,1708.769,1719.636,1708.7692389430324,1719.6357652146328,-0.0002389430324001296,0.00023478536718357645,comparado
19950720_United_States_vs_Brazil,1995-07-20,United States,Brazil,1667.493,1911.991,1667.4925594904062,1911.9914918822476,0.000440509593772731,-0.0004918822476156492,comparado
19950722_Colombia_vs_United_States,1995-07-22,Colombia,United States,1695.961,1659.234,1695.9605093996258,1659.2338168706765,0.0004906003741780296,0.00018312932343178545,comparado
19950723_Uruguay_vs_Brazil,1995-07-23,Uruguay,Brazil,1732.444,1920.25,1732.4444947580394,1920.2502345019773,-0.0004947580393945827,-0.00023450197727470368,comparado
19960608_England_vs_Switzerland,1996-06-08,England,Switzerland,1777.178,1684.322,1777.1780006200897,1684.322452139086,-6.200896223162999e-07,-0.00045213908606456243,comparado
19960609_Denmark_vs_Portugal,1996-06-09,Denmark,Portugal,1796.675,1742.092,1796.675279545259,1742.0916033656947,-0.00027954525899076543,0.0003966343053889432,comparado
19960609_Germany_vs_Czech_Republic,1996-06-09,Germany,Czech Republic,1869.84,1618.707,1869.8398982425902,1618.7065349706584,0.00010175740976592351,0.0004650293417398643,comparado
19960609_Spain_vs_Bulgaria,1996-06-09,Spain,Bulgaria,1834.53,1708.609,1834.5298119458569,1708.6090737757136,0.00018805414310918422,-7.377571364486357e-05,comparado
19960610_Netherlands_vs_Scotland,1996-06-10,Netherlands,Scotland,1786.187,1668.554,1786.186588612231,1668.5543019934742,0.00041138776896332274,-0.00030199347406778543,comparado
19960610_Romania_vs_France,1996-06-10,Romania,France,1760.949,1815.715,1760.9490428870447,1815.7154672442327,-4.288704462851456e-05,-0.0004672442328228499,comparado
19960611_Italy_vs_Russia,1996-06-11,Italy,Russia,1841.229,1784.242,1841.2293842056713,1784.242344845254,-0.00038420567125285743,-0.00034484525394873344,comparado
19960611_Turkey_vs_Croatia,1996-06-11,Turkey,Croatia,1606.628,1664.347,1606.6280908905278,1664.3472330502568,-9.0890527872034e-05,-0.0002330502568383963,comparado
19960613_Bulgaria_vs_Romania,1996-06-13,Bulgaria,Romania,1715.903,1743.232,1715.9034612163612,1743.2321350198113,-0.0004612163611454889,-0.00013501981129593332,comparado
19960613_Switzerland_vs_Netherlands,1996-06-13,Switzerland,Netherlands,1689.805,1779.336,1689.8049891840635,1779.336330288329,1.0815936548169702e-05,-0.00033028832899617555,comparado
19960614_Czech_Republic_vs_Italy,1996-06-14,Czech Republic,Italy,1610.81,1858.815,1610.8099405543167,1858.8154847846104,5.944568329141475e-05,-0.0004847846103075426,comparado
19960614_Portugal_vs_Turkey,1996-06-14,Portugal,Turkey,1745.364,1589.085,1745.3639187672595,1589.0850564361017,8.123274051285989e-05,-5.643610165861901e-05,comparado
19960615_England_vs_Scotland,1996-06-15,England,Scotland,1771.695,1675.405,1771.6954635751122,1675.404560317376,-0.00046357511223504844,0.00043968262389171286,comparado
19960615_France_vs_Spain,1996-06-15,France,Spain,1833.432,1827.235,1833.4323751114662,1827.2354245052093,-0.0003751114661554311,-0.00042450520936654357,comparado
19960616_Croatia_vs_Denmark,1996-06-16,Croatia,Denmark,1681.89,1793.403,1681.890267504683,1793.4029641436941,-0.0002675046828244376,3.585630588531785e-05,comparado
19960616_Russia_vs_Germany,1996-06-16,Russia,Germany,1766.656,1877.736,1766.6562442663148,1877.7364926589319,-0.00024426631489404826,-0.0004926589317619801,comparado
19960618_England_vs_Netherlands,1996-06-18,England,Netherlands,1787.825,1795.916,1787.8251492565905,1795.9155004739137,-0.00014925659047548834,0.0004995260862870055,comparado
19960618_France_vs_Bulgaria,1996-06-18,France,Bulgaria,1833.058,1738.552,1833.0578534166034,1738.5518861193398,0.0001465833965994534,0.00011388066013751086,comparado
19960618_Romania_vs_Spain,1996-06-18,Romania,Spain,1720.584,1827.61,1720.5837101168327,1827.609946200072,0.00028988316739742004,5.3799927854925045e-05,comparado
19960618_Scotland_vs_Switzerland,1996-06-18,Scotland,Switzerland,1659.275,1673.226,1659.2748746358977,1673.2258189984789,0.00012536410235952644,0.00018100152124134183,comparado
19960619_Croatia_vs_Portugal,1996-06-19,Croatia,Portugal,1718.198,1757.507,1718.1977762952458,1757.507376273976,0.00022370475426214398,-0.00037627397591677436,comparado
19960619_Italy_vs_Germany,1996-06-19,Italy,Germany,1824.941,1896.879,1824.941119665448,1896.8792281800127,-0.00011966544798269751,-0.00022818001275481947,comparado
19960619_Russia_vs_Czech_Republic,1996-06-19,Russia,Czech Republic,1747.514,1644.684,1747.513508745234,1644.684305673479,0.0004912547658477706,-0.00030567347903343034,comparado
19960619_Turkey_vs_Denmark,1996-06-19,Turkey,Denmark,1576.942,1757.095,1576.9415989293852,1757.0954553531312,0.00040107061477101524,-0.00045535313120126375,comparado
19960622_England_vs_Spain,1996-06-22,England,Spain,1817.506,1842.338,1817.505962581604,1842.3381140521374,3.7418396004795795e-05,-0.0001140521374054515,comparado
19960622_France_vs_Netherlands,1996-06-22,France,Netherlands,1849.306,1766.235,1849.305575178972,1766.2346871489,0.0004248210279911291,0.0003128510998067213,comparado
19960623_Czech_Republic_vs_Portugal,1996-06-23,Czech Republic,Portugal,1650.724,1782.886,1650.7242594106547,1782.886257226441,-0.0002594106547348929,-0.0002572264411355718,comparado
19960623_Germany_vs_Croatia,1996-06-23,Germany,Croatia,1892.592,1692.819,1892.5921731312326,1692.8188953427807,-0.00017313123248641205,0.00010465721925356775,comparado
19960626_England_vs_Germany,1996-06-26,England,Germany,1819.004,1902.693,1819.0043382664644,1902.6928110613155,-0.0003382664644959732,0.00018893868445957196,comparado
19960626_France_vs_Czech_Republic,1996-06-26,France,Czech Republic,1844.378,1679.348,1844.3780749145385,1679.3482789614409,-7.491453857255692e-05,-0.00027896144092665054,comparado
19960630_Czech_Republic_vs_Germany,1996-06-30,Czech Republic,Germany,1688.635,1897.73,1688.6350139829026,1897.7300521617904,-1.3982902601128444e-05,-5.216179033595836e-05,comparado
19970611_Argentina_vs_Ecuador,1997-06-11,Argentina,Ecuador,1736.706,1596.814,1736.7060913321802,1596.8138156979267,-9.133218031820434e-05,0.00018430207342134963,comparado
19970611_Chile_vs_Paraguay,1997-06-11,Chile,Paraguay,1612.168,1703.341,1612.1679802393396,1703.341208726004,1.976066027964407e-05,-0.00020872600407528807,comparado
19970612_Bolivia_vs_Venezuela,1997-06-12,Bolivia,Venezuela,1588.432,1262.575,1588.4315805682365,1262.575080424925,0.0004194317634755862,-8.042492504500842e-05,comparado
19970612_Peru_vs_Uruguay,1997-06-12,Peru,Uruguay,1550.631,1648.372,1550.631211025393,1648.3716897033132,-0.00021102539290041022,0.00031029668684823264,comparado
19970613_Brazil_vs_Costa_Rica,1997-06-13,Brazil,Costa Rica,1926.891,1629.497,1926.8908137365063,1629.4971839607122,0.0001862634937879193,-0.00018396071209281217,comparado
19970613_Mexico_vs_Colombia,1997-06-13,Mexico,Colombia,1742.491,1698.468,1742.4914175181702,1698.4677090067955,-0.0004175181702521513,0.0002909932045440655,comparado
19970614_Argentina_vs_Chile,1997-06-14,Argentina,Chile,1728.68,1596.556,1728.6797322717503,1596.5556445802745,0.0002677282498098066,0.000355419725565298,comparado
19970614_Paraguay_vs_Ecuador,1997-06-14,Paraguay,Ecuador,1718.954,1604.84,1718.953544385069,1604.8401747583566,0.0004556149308427848,-0.0001747583567066613,comparado
19970615_Bolivia_vs_Peru,1997-06-15,Bolivia,Peru,1594.012,1577.388,1594.0122991416747,1577.3878583525698,-0.0002991416747590847,0.0001416474301549897,comparado
19970615_Uruguay_vs_Venezuela,1997-06-15,Uruguay,Venezuela,1621.615,1256.994,1621.6150423761364,1256.994361851487,-4.237613643454097e-05,-0.00036185148701406433,comparado
19970616_Brazil_vs_Mexico,1997-06-16,Brazil,Mexico,1937.028,1760.845,1937.0277961639474,1760.8446486791825,0.00020383605260576587,0.00035132081757183187,comparado
19970616_Colombia_vs_Costa_Rica,1997-06-16,Colombia,Costa Rica,1680.114,1619.36,1680.1144778457833,1619.360201533271,-0.00047784578327991767,-0.00020153327113803243,comparado
19970617_Argentina_vs_Paraguay,1997-06-17,Argentina,Paraguay,1742.544,1690.065,1742.544279564211,1690.064845277657,-0.0002795642108139873,0.00015472234304070298,comparado
19970617_Chile_vs_Ecuador,1997-06-17,Chile,Ecuador,1582.691,1633.729,1582.6910972878138,1633.7288738657687,-9.728781378726126e-05,0.00012613423132279422,comparado
19970618_Bolivia_vs_Uruguay,1997-06-18,Bolivia,Uruguay,1615.815,1625.937,1615.8153257633448,1625.9374045107381,-0.0003257633447901753,-0.0004045107382353308,comparado
19970618_Peru_vs_Venezuela,1997-06-18,Peru,Venezuela,1555.585,1252.672,1555.5848317308996,1252.6719997168852,0.000168269100413454,2.831147867254913e-07,comparado
19970619_Brazil_vs_Colombia,1997-06-19,Brazil,Colombia,1948.207,1703.54,1948.2065298382129,1703.5403044040522,0.00047016178723424673,-0.0003044040522581781,comparado
19970619_Mexico_vs_Costa_Rica,1997-06-19,Mexico,Costa Rica,1749.666,1595.934,1749.665915004917,1595.9343749750021,8.499508294335101e-05,-0.000374975002159772,comparado
19970621_Bolivia_vs_Colombia,1997-06-21,Bolivia,Colombia,1637.427,1695.382,1637.4269601025776,1695.3815197929318,3.989742231169657e-05,0.0004802070682217163,comparado
19970621_Peru_vs_Argentina,1997-06-21,Peru,Argentina,1561.622,1739.396,1561.6215153621965,1739.396178016649,0.0004846378035381349,-0.00017801664898797753,comparado
19970622_Brazil_vs_Paraguay,1997-06-22,Brazil,Paraguay,1956.365,1693.213,1956.3653144493333,1693.212946825219,-0.0003144493332456477,5.3174780987319537e-05,comparado
19970622_Ecuador_vs_Mexico,1997-06-22,Ecuador,Mexico,1651.666,1740.936,1651.6660045194026,1740.9363449135208,-4.519402637015446e-06,-0.0003449135208484222,comparado
19970625_Bolivia_vs_Mexico,1997-06-25,Bolivia,Mexico,1661.898,1735.656,1661.8977678121046,1735.6562762470696,0.0002321878953353007,-0.00027624706967799284,comparado
19970626_Brazil_vs_Peru,1997-06-26,Brazil,Peru,1963.793,1592.518,1963.7927540405435,1592.5177759166174,0.0002459594563788414,0.00022408338259083393,comparado
19970628_Mexico_vs_Peru,1997-06-28,Mexico,Peru,1708.665,1584.632,1708.6648204965454,1584.6319307736564,0.00017950345454664784,6.922634361217206e-05,comparado
19970629_Bolivia_vs_Brazil,1997-06-29,Bolivia,Brazil,1688.889,1971.679,1688.889223562629,1971.6785991835045,-0.00022356262911671365,0.000400816495584877,comparado
19980610_Brazil_vs_Scotland,1998-06-10,Brazil,Scotland,1975.206,1686.033,1975.2057351860685,1686.0328246584659,0.00026481393138055864,0.00017534153403175878,comparado
19980610_Morocco_vs_Norway,1998-06-10,Morocco,Norway,1742.398,1771.666,1742.3976581154664,1771.665599901907,0.0003418845335545484,0.00040009809299590415,comparado
19980611_Cameroon_vs_Austria,1998-06-11,Cameroon,Austria,1631.627,1655.104,1631.6267300933175,1655.1035410355514,0.0002699066824334295,0.00045896444862592034,comparado
19980611_Italy_vs_Chile,1998-06-11,Italy,Chile,1832.101,1664.837,1832.100517205435,1664.8372771273107,0.0004827945651868504,-0.0002771273107100569,comparado
19980612_France_vs_South_Africa,1998-06-12,France,South Africa,1847.411,1662.559,1847.4111722904893,1662.5590167347987,-0.00017229048921763024,-1.6734798691686592e-05,comparado
19980612_Paraguay_vs_Bulgaria,1998-06-12,Paraguay,Bulgaria,1626.673,1711.577,1626.6731567213121,1711.5773335146794,-0.000156721312123409,-0.0003335146793688182,comparado
19980612_Saudi_Arabia_vs_Denmark,1998-06-12,Saudi Arabia,Denmark,1716.714,1756.772,1716.713903528197,1756.7720840021805,9.647180286265211e-05,-8.400218052884156e-05,comparado
19980613_South_Korea_vs_Mexico,1998-06-13,South Korea,Mexico,1767.352,1752.996,1767.352492228519,1752.995632944741,-0.0004922285188513342,0.00036705525917568593,comparado
19980613_Netherlands_vs_Belgium,1998-06-13,Netherlands,Belgium,1808.059,1720.7,1808.0593765194267,1720.7000235631065,-0.00037651942670891003,-2.3563106424262514e-05,comparado
19980613_Spain_vs_Nigeria,1998-06-13,Spain,Nigeria,1857.009,1677.585,1857.0087172073172,1677.584863986731,0.0002827926828103955,0.0001360132689569582,comparado
19980614_Argentina_vs_Japan,1998-06-14,Argentina,Japan,1757.282,1737.954,1757.2820887837092,1737.9536049806222,-8.878370931597601e-05,0.0003950193777200184,comparado
19980614_Jamaica_vs_Croatia,1998-06-14,Jamaica,Croatia,1661.668,1718.791,1661.6675771379478,1718.7914575036937,0.0004228620521189441,-0.0004575036937239929,comparado
19980614_Serbia_vs_Iran,1998-06-14,Serbia,Iran,1710.518,1705.315,1710.5178108345597,1705.3152709998062,0.000189165440360739,-0.0002709998061618535,comparado
19980615_England_vs_Tunisia,1998-06-15,England,Tunisia,1853.462,1670.513,1853.4617199980387,1670.512537019485,0.00028000196130051336,0.00046298051483972813,comparado
19980615_Germany_vs_United_States,1998-06-15,Germany,United States,1896.042,1712.79,1896.0419994799106,1712.7899411424448,5.200893156143138e-07,5.885755513190816e-05,comparado
19980615_Romania_vs_Colombia,1998-06-15,Romania,Colombia,1758.571,1663.626,1758.5705540564713,1663.6263104419736,0.00044594352857529884,-0.00031044197362462,comparado
19980616_Brazil_vs_Morocco,1998-06-16,Brazil,Morocco,1981.89,1744.163,1981.8897712999326,1744.162523450892,0.00022870006750963512,0.00047654910804340034,comparado
19980616_Scotland_vs_Norway,1998-06-16,Scotland,Norway,1679.349,1769.901,1679.3487885446018,1769.9007345664813,0.00021145539813005598,0.0002654335187344259,comparado
19980617_Chile_vs_Austria,1998-06-17,Chile,Austria,1674.232,1653.687,1674.2322983463482,1653.6866912272687,-0.0002983463482451043,0.000308772731159479,comparado
19980617_Italy_vs_Cameroon,1998-06-17,Italy,Cameroon,1822.705,1633.044,1822.7054959863974,1633.0435799016002,-0.000495986397481829,0.00042009839989987086,comparado
19980618_France_vs_Saudi_Arabia,1998-06-18,France,Saudi Arabia,1861.19,1698.124,1861.18962136995,1698.124462470988,0.0003786300501360529,-0.00046247098794083286,comparado
19980618_South_Africa_vs_Denmark,1998-06-18,South Africa,Denmark,1648.781,1775.362,1648.780567655338,1775.3615250593896,0.0004323446619309834,0.0004749406105020171,comparado
19980619_Nigeria_vs_Bulgaria,1998-06-19,Nigeria,Bulgaria,1708.558,1706.545,1708.558495643255,1706.5452553410194,-0.0004956432549079182,-0.00025534101928315067,comparado
19980619_Spain_vs_Paraguay,1998-06-19,Spain,Paraguay,1826.035,1631.705,1826.0350855507934,1631.7052348949721,-8.555079330108128e-05,-0.0002348949722090765,comparado
19980620_Belgium_vs_Mexico,1998-06-20,Belgium,Mexico,1725.872,1776.864,1725.8717399597851,1776.8635329007043,0.00026004021492553875,0.00046709929574717535,comparado
19980620_Japan_vs_Croatia,1998-06-20,Japan,Croatia,1718.121,1737.614,1718.1206700599562,1737.6141782522523,0.00032994004391184717,-0.00017825225222622976,comparado
19980620_Netherlands_vs_South_Korea,1998-06-20,Netherlands,South Korea,1802.888,1743.485,1802.887660122748,1743.4845922725556,0.00033987725191764184,0.0004077274443261558,comparado
19980621_Argentina_vs_Jamaica,1998-06-21,Argentina,Jamaica,1777.115,1642.845,1777.1150237043753,1642.8448563893892,-2.3704375280431123e-05,0.00014361061084855464,comparado
19980621_Germany_vs_Serbia,1998-06-21,Germany,Serbia,1907.043,1731.203,1907.043485882931,1731.2033779552817,-0.0004858829311160662,-0.000377955281692266,comparado
19980621_United_States_vs_Iran,1998-06-21,United States,Iran,1701.788,1684.63,1701.7884547394244,1684.6297038790842,-0.0004547394244127645,0.0002961209158911515,comparado
19980622_Colombia_vs_Tunisia,1998-06-22,Colombia,Tunisia,1648.226,1659.495,1648.2263035528306,1659.495417750385,-0.0003035528304735635,-0.0004177503851678921,comparado
19980622_Romania_vs_England,1998-06-22,Romania,England,1773.971,1864.479,1773.9705609456144,1864.4788392671387,0.00043905438565161603,0.00016073286133178044,comparado
19980623_Brazil_vs_Norway,1998-06-23,Brazil,Norway,1992.55,1764.548,1992.5497105365598,1764.5481666730063,0.00028946344014002534,-0.00016667300633343984,comparado
19980623_Chile_vs_Cameroon,1998-06-23,Chile,Cameroon,1672.992,1619.574,1672.9919086416219,1619.5740040306341,9.135837808571523e-05,-4.0306340451934375e-06,comparado
19980623_Italy_vs_Austria,1998-06-23,Italy,Austria,1836.175,1654.927,1836.1750718573635,1654.927080931995,-7.185736353676475e-05,-8.093199517134053e-05,comparado
19980623_Scotland_vs_Morocco,1998-06-23,Scotland,Morocco,1684.701,1733.503,1684.7013564380768,1733.5025842142647,-0.0003564380767784314,0.00041578573518563644,comparado
19980624_France_vs_Denmark,1998-06-24,France,Denmark,1878.884,1768.032,1878.884003274888,1768.0320700030993,-3.27488805851317e-06,-7.000309938121063e-05,comparado
19980624_Nigeria_vs_Paraguay,1998-06-24,Nigeria,Paraguay,1729.437,1642.362,1729.43681100609,1642.362259938021,0.0001889939098873583,-0.0002599380209176161,comparado
19980624_South_Africa_vs_Saudi_Arabia,1998-06-24,South Africa,Saudi Arabia,1656.11,1680.43,1656.1100227116283,1680.4300805660498,-2.271162838951568e-05,-8.05660497462668e-05,comparado
19980624_Spain_vs_Bulgaria,1998-06-24,Spain,Bulgaria,1815.378,1685.667,1815.3780605077445,1685.6669399781842,-6.050774459254171e-05,6.0021815670552314e-05,comparado
19980625_Belgium_vs_South_Korea,1998-06-25,Belgium,South Korea,1728.932,1713.051,1728.9318889955691,1713.050733577465,0.00011100443089162582,0.00026642253487807466,comparado
19980625_Germany_vs_Iran,1998-06-25,Germany,Iran,1897.238,1706.666,1897.2384262404191,1706.665985451475,-0.0004262404190740199,1.4548524859492318e-05,comparado
19980625_Netherlands_vs_Mexico,1998-06-25,Netherlands,Mexico,1833.322,1773.803,1833.3215188178385,1773.8033838649203,0.000481182161365723,-0.00038386492019526486,comparado
19980625_United_States_vs_Serbia,1998-06-25,United States,Serbia,1679.752,1741.008,1679.7521731670336,1741.0084375977935,-0.00017316703360847896,-0.0004375977935069386,comparado
19980626_Argentina_vs_Croatia,1998-06-26,Argentina,Croatia,1799.517,1757.437,1799.516572322005,1757.4371696969686,0.0004276779950487253,-0.00016969696866908635,comparado
19980626_Colombia_vs_England,1998-06-26,Colombia,England,1669.907,1838.129,1669.9072022697392,1838.1287393821913,-0.00020226973924764025,0.0002606178086352884,comparado
19980626_Japan_vs_Jamaica,1998-06-26,Japan,Jamaica,1698.298,1620.443,1698.2976786152399,1620.4433077717595,0.0003213847601273301,-0.00030777175948060176,comparado
19980626_Romania_vs_Tunisia,1998-06-26,Romania,Tunisia,1800.321,1637.815,1800.3206608305618,1637.8145190334765,0.0003391694381207344,0.0004809665235825378,comparado
19980627_Brazil_vs_Chile,1998-06-27,Brazil,Chile,1959.457,1669.788,1959.4567239060514,1669.7883805915149,0.0002760939487416181,-0.00038059151484048925,comparado
19980627_Italy_vs_Norway,1998-06-27,Italy,Norway,1847.116,1797.641,1847.1162669767484,1797.6411533035148,-0.0002669767484348995,-0.0001533035147076589,comparado
19980628_France_vs_Paraguay,1998-06-28,France,Paraguay,1893.402,1670.003,1893.4022594172418,1670.0030563111698,-0.0002594172417502705,-5.631116982840467e-05,comparado
19980628_Nigeria_vs_Denmark,1998-06-28,Nigeria,Denmark,1701.796,1753.514,1701.7960146329413,1753.5138138607456,-1.46329412018531e-05,0.00018613925431054668,comparado
19980629_Germany_vs_Mexico,1998-06-29,Germany,Mexico,1907.867,1777.366,1907.8669276787862,1777.3660480059655,7.232121379274759e-05,-4.8005965481934254e-05,comparado
19980629_Netherlands_vs_Serbia,1998-06-29,Netherlands,Serbia,1829.759,1758.344,1829.7588546767934,1758.3438270137924,0.0001453232066523924,0.0001729862076444988,comparado
19980630_Argentina_vs_England,1998-06-30,Argentina,England,1817.986,1849.925,1817.985536487289,1849.9252635063958,0.00046351271112143877,-0.00026350639586780744,comparado
19980630_Romania_vs_Croatia,1998-06-30,Romania,Croatia,1791.157,1738.968,1791.1570253078705,1738.9682055316846,-2.530787060095463e-05,-0.00020553168451442616,comparado
19980703_Brazil_vs_Denmark,1998-07-03,Brazil,Denmark,1967.625,1777.754,1967.6250623234844,1777.75435599603,-6.232348437151813e-05,-0.00035599603006630787,comparado
19980703_France_vs_Italy,1998-07-03,France,Italy,1902.497,1865.146,1902.4966225761266,1865.1459002756164,0.00037742387348771445,9.972438351724122e-05,comparado
19980704_Germany_vs_Croatia,1998-07-04,Germany,Croatia,1921.33,1763.099,1921.3302282526734,1763.099134107219,-0.0002282526734234125,-0.00013410721908257983,comparado
19980704_Netherlands_vs_Argentina,1998-07-04,Netherlands,Argentina,1846.502,1819.911,1846.5021077927252,1819.9106448456519,-0.00010779272520267114,0.00035515434819899383,comparado
19980707_Brazil_vs_Netherlands,1998-07-07,Brazil,Netherlands,1978.169,1865.898,1978.169450236396,1865.8979747725982,-0.0004502363958636124,2.5227401692973217e-05,comparado
19980708_France_vs_Croatia,1998-07-08,France,Croatia,1900.248,1801.837,1900.247695182022,1801.8370974148354,0.0003048179780762439,-9.741483540892659e-05,comparado
19980711_Netherlands_vs_Croatia,1998-07-11,Netherlands,Croatia,1872.457,1786.631,1872.4572475442221,1786.631185142846,-0.00024754422202022397,-0.00018514284602133557,comparado
19980712_France_vs_Brazil,1998-07-12,France,Brazil,1915.454,1971.61,1915.4536074540113,1971.610177464772,0.00039254598868865287,-0.00017746477215041523,comparado
19990629_Paraguay_vs_Bolivia,1999-06-29,Paraguay,Bolivia,1663.952,1582.241,1663.9522695941944,1582.2409473338223,-0.0002695941943784419,5.266617768029391e-05,comparado
19990629_Peru_vs_Japan,1999-06-29,Peru,Japan,1599.429,1668.132,1599.4287199202922,1668.1319782653413,0.0002800797078634787,2.173465873056557e-05,comparado
19990630_Brazil_vs_Venezuela,1999-06-30,Brazil,Venezuela,1937.585,1278.439,1937.5847837713716,1278.4394029602138,0.00021622862846015778,-0.00040296021370522794,comparado
19990630_Chile_vs_Mexico,1999-06-30,Chile,Mexico,1665.451,1770.19,1665.4508879396687,1770.189748092448,0.00011206033127564297,0.00025190755195581005,comparado
19990701_Argentina_vs_Ecuador,1999-07-01,Argentina,Ecuador,1793.669,1643.213,1793.6687706729936,1643.2125211104299,0.00022932700653655047,0.0004788895701040019,comparado
19990701_Uruguay_vs_Colombia,1999-07-01,Uruguay,Colombia,1635.946,1642.87,1635.9462244550782,1642.8695004174153,-0.00022445507829615963,0.0004995825845526269,comparado
19990702_Paraguay_vs_Japan,1999-07-02,Paraguay,Japan,1659.102,1643.033,1659.1024919499635,1643.032649681116,-0.0004919499633615487,0.0003503188838749338,comparado
19990702_Peru_vs_Bolivia,1999-07-02,Peru,Bolivia,1624.528,1587.091,1624.5280485045175,1587.0907249780532,-4.8504517508263234e-05,0.00027502194666340074,comparado
19990703_Brazil_vs_Mexico,1999-07-03,Brazil,Mexico,1939.063,1785.044,1939.063404162221,1785.0440857630874,-0.0004041622210024798,-8.576308732699545e-05,comparado
19990703_Chile_vs_Venezuela,1999-07-03,Chile,Venezuela,1650.597,1276.961,1650.5965502690294,1276.9607825693643,0.00044973097055844846,0.00021743063575740962,comparado
19990704_Argentina_vs_Colombia,1999-07-04,Argentina,Colombia,1806.455,1663.451,1806.4553608705485,1663.451093205233,-0.00036087054854760936,-9.320523304268136e-05,comparado
19990704_Uruguay_vs_Ecuador,1999-07-04,Uruguay,Ecuador,1615.365,1630.426,1615.3646316672605,1630.425930912875,0.00036833273952652235,6.908712498443492e-05,comparado
19990705_Bolivia_vs_Japan,1999-07-05,Bolivia,Japan,1568.345,1611.03,1568.3448266278012,1611.0303582448976,0.00017337219878754695,-0.0003582448975976149,comparado
19990705_Paraguay_vs_Peru,1999-07-05,Paraguay,Peru,1691.105,1643.274,1691.104783386182,1643.2739468547695,0.000216613818111,5.314523036759056e-05,comparado
19990706_Brazil_vs_Chile,1999-07-06,Brazil,Chile,1951.319,1655.785,1951.319450611349,1655.7854528577668,-0.0004506113491515862,-0.0004528577667315403,comparado
19990706_Mexico_vs_Venezuela,1999-07-06,Mexico,Venezuela,1772.788,1271.772,1772.7880393139594,1271.7718799806269,-3.931395940526272e-05,0.00012001937307104527,comparado
19990707_Colombia_vs_Ecuador,1999-07-07,Colombia,Ecuador,1701.443,1608.516,1701.4425533346907,1608.5161527488233,0.0004466653092549677,-0.0001527488232113683,comparado
19990707_Uruguay_vs_Argentina,1999-07-07,Uruguay,Argentina,1637.274,1768.464,1637.2744098313121,1768.463900741091,-0.0004098313122540276,9.925890890372102e-05,comparado
19990710_Mexico_vs_Peru,1999-07-10,Mexico,Peru,1774.778,1625.147,1774.7779038995218,1625.1468526213405,9.610047823116474e-05,0.00014737865944880468,comparado
19990710_Paraguay_vs_Uruguay,1999-07-10,Paraguay,Uruguay,1709.232,1623.353,1709.231877619611,1623.3534021963976,0.00012238038902978587,-0.00040219639754468517,comparado
19990711_Brazil_vs_Argentina,1999-07-11,Brazil,Argentina,1957.8,1782.385,1957.8002450843271,1782.3849083760056,-0.00024508432716174866,9.162399442175229e-05,comparado
19990711_Chile_vs_Colombia,1999-07-11,Chile,Colombia,1649.305,1716.956,1649.3046583847888,1716.9560258905378,0.0003416152112549753,-2.5890537926898105e-05,comparado
19990713_Uruguay_vs_Chile,1999-07-13,Uruguay,Chile,1628.441,1674.343,1628.440950970448,1674.3427944178236,4.902955197394476e-05,0.00020558217647703714,comparado
19990714_Mexico_vs_Brazil,1999-07-14,Mexico,Brazil,1766.254,1969.015,1766.2543522533613,1969.0152742001217,-0.00035225336137045815,-0.00027420012156653684,comparado
19990717_Chile_vs_Mexico,1999-07-17,Chile,Mexico,1671.584,1756.226,1671.5843861720932,1756.2262021360702,-0.0003861720931581658,-0.00020213607012919965,comparado
19990718_Brazil_vs_Uruguay,1999-07-18,Brazil,Uruguay,1979.043,1631.199,1979.0434243174127,1631.1993592161784,-0.00042431741280779534,-0.00035921617836720543,comparado
20000610_Belgium_vs_Sweden,2000-06-10,Belgium,Sweden,1712.281,1792.087,1712.2812587908275,1792.0871113036872,-0.00025879082750179805,-0.0001113036871629447,comparado
20000611_France_vs_Denmark,2000-06-11,France,Denmark,1925.063,1771.053,1925.0627649106025,1771.0533908595394,0.00023508939761995862,-0.00039085953926587536,comparado
20000611_Netherlands_vs_Czech_Republic,2000-06-11,Netherlands,Czech Republic,1838.038,1778.139,1838.0384504198264,1778.138615350394,-0.0004504198263930448,0.0003846496058486082,comparado
20000611_Turkey_vs_Italy,2000-06-11,Turkey,Italy,1628.433,1819.771,1628.4325751573938,1819.7713867255218,0.000424842606207676,-0.000386725521821063,comparado
20000612_Germany_vs_Romania,2000-06-12,Germany,Romania,1827.936,1754.777,1827.9361318872818,1754.7772687584136,-0.00013188728189561516,-0.00026875841354012664,comparado
20000612_Portugal_vs_England,2000-06-12,Portugal,England,1771.691,1807.328,1771.6905879810297,1807.3282914486206,0.00041201897033715795,-0.00029144862060093146,comparado
20000613_Serbia_vs_Slovenia,2000-06-13,Serbia,Slovenia,1749.515,1540.69,1749.515485233795,1540.6902417612055,-0.00048523379496145935,-0.00024176120541596902,comparado
20000613_Spain_vs_Norway,2000-06-13,Spain,Norway,1869.344,1790.981,1869.3436530801473,1790.9809187875956,0.0003469198527454864,8.121240443870192e-05,comparado
20000614_Belgium_vs_Italy,2000-06-14,Belgium,Italy,1738.022,1830.249,1738.0218698217423,1830.2491756236552,0.00013017825767747127,-0.0001756236551955226,comparado
20000615_Sweden_vs_Turkey,2000-06-15,Sweden,Turkey,1766.347,1617.955,1766.3465002727723,1617.9547862592603,0.0004997272276341391,0.00021374073958213557,comparado
20000616_Czech_Republic_vs_France,2000-06-16,Czech Republic,France,1760.724,1940.942,1760.723682337269,1940.942306237056,0.0003176627308221214,-0.0003062370560655836,comparado
20000616_Netherlands_vs_Denmark,2000-06-16,Netherlands,Denmark,1855.453,1755.174,1855.4533834329513,1755.1738495330858,-0.00038343295136655797,0.0001504669141922932,comparado
20000617_England_vs_Germany,2000-06-17,England,Germany,1784.182,1823.578,1784.1817695901761,1823.578416969237,0.00023040982387101394,-0.0004169692369941913,comparado
20000617_Romania_vs_Portugal,2000-06-17,Romania,Portugal,1759.135,1794.837,1759.1349836764584,1794.8371098394741,1.6323541558449506e-05,-0.00010983947413478745,comparado
20000618_Norway_vs_Serbia,2000-06-18,Norway,Serbia,1816.639,1738.222,1816.6386714650744,1738.221802204199,0.0003285349255293113,0.00019779580088652438,comparado
20000618_Slovenia_vs_Spain,2000-06-18,Slovenia,Spain,1551.984,1843.686,1551.9839247908014,1843.6859004026685,7.520919848502672e-05,9.959733142750338e-05,comparado
20000619_Belgium_vs_Turkey,2000-06-19,Belgium,Turkey,1721.623,1626.416,1721.622776694584,1626.4156789884744,0.00022330541605697363,0.000321011525556969,comparado
20000619_Italy_vs_Sweden,2000-06-19,Italy,Sweden,1846.648,1757.886,1846.6482687508135,1757.8856075435583,-0.00026875081357502495,0.0003924564416593057,comparado
20000620_England_vs_Romania,2000-06-20,England,Romania,1807.553,1740.285,1807.5528618612452,1740.2853586704289,0.00013813875489177008,-0.00035867042879544897,comparado
20000620_Portugal_vs_Germany,2000-06-20,Portugal,Germany,1813.687,1800.207,1813.6867348455037,1800.207324698168,0.000265154496219111,-0.00032469816778757377,comparado
20000621_Denmark_vs_Czech_Republic,2000-06-21,Denmark,Czech Republic,1735.151,1749.734,1735.151111608628,1749.7344761186682,-0.00011160862800352334,-0.0004761186683026608,comparado
20000621_Netherlands_vs_France,2000-06-21,Netherlands,France,1875.476,1951.932,1875.476121357409,1951.931512455657,-0.00012135740894336777,0.0004875443430591986,comparado
20000621_Serbia_vs_Spain,2000-06-21,Serbia,Spain,1763.883,1850.289,1763.882665879272,1850.2885188141915,0.00033412072798455483,0.0004811858084394771,comparado
20000621_Slovenia_vs_Norway,2000-06-21,Slovenia,Norway,1545.381,1790.978,1545.3813063792784,1790.9778077900014,-0.00030637927829957334,0.0001922099986586545,comparado
20000624_Italy_vs_Romania,2000-06-24,Italy,Romania,1862.397,1765.301,1862.3969563300138,1765.301146026455,4.3669986098393565e-05,-0.0001460264550132706,comparado
20000624_Turkey_vs_Portugal,2000-06-24,Turkey,Portugal,1654.442,1841.5,1654.4420981850308,1841.4996118843953,-9.81850307653076e-05,0.00038811560466456285,comparado
20000625_Netherlands_vs_Serbia,2000-06-25,Netherlands,Serbia,1901.024,1748.0,1901.0241276043355,1748.0002089279349,-0.0001276043356028822,-0.00020892793486382288,comparado
20000625_Spain_vs_France,2000-06-25,Spain,France,1866.171,1926.384,1866.1709757655287,1926.3835062087305,2.4234471311501693e-05,0.0004937912694913393,comparado
20000628_France_vs_Portugal,2000-06-28,France,Portugal,1943.78,1852.306,1943.7800926795398,1852.3060405788315,-9.267953987546207e-05,-4.0578831431048457e-05,comparado
20000629_Netherlands_vs_Italy,2000-06-29,Netherlands,Italy,1921.639,1878.474,1921.639315607502,1878.4735696335765,-0.0003156075022161531,0.00043036642341576226,comparado
20000702_France_vs_Italy,2000-07-02,France,Italy,1959.375,1881.069,1959.375446269954,1881.0692887508642,-0.0004462699539544701,-0.00028875086422885943,comparado
20010711_Colombia_vs_Venezuela,2001-07-11,Colombia,Venezuela,1699.182,1295.636,1699.1824963467284,1295.6355617836061,-0.0004963467283687351,0.00043821639383168076,comparado
20010711_Ecuador_vs_Chile,2001-07-11,Ecuador,Chile,1677.033,1583.845,1677.0333706297477,1583.8453854206077,-0.0003706297477492626,-0.000385420607699416,comparado
20010712_Brazil_vs_Mexico,2001-07-12,Brazil,Mexico,1846.67,1716.038,1846.6701192847022,1716.037846302961,-0.00011928470212296816,0.00015369703896794817,comparado
20010712_Peru_vs_Paraguay,2001-07-12,Peru,Paraguay,1599.662,1749.843,1599.662479035848,1749.8425838147623,-0.00047903584800224053,0.00041618523778197414,comparado
20010713_Bolivia_vs_Uruguay,2001-07-13,Bolivia,Uruguay,1563.171,1681.057,1563.1712518429213,1681.056626551742,-0.000251842921215939,0.0003734482579602627,comparado
20010713_Honduras_vs_Costa_Rica,2001-07-13,Honduras,Costa Rica,1696.182,1700.742,1696.1815490412575,1700.742224763764,0.0004509587424763595,-0.00022476376398117281,comparado
20010714_Chile_vs_Venezuela,2001-07-14,Chile,Venezuela,1619.091,1292.156,1619.0909880954694,1292.156279444458,1.1904530538231484e-05,-0.0002794444581013522,comparado
20010714_Colombia_vs_Ecuador,2001-07-14,Colombia,Ecuador,1702.662,1641.788,1702.6617786858765,1641.787767954886,0.00022131412356429792,0.00023204511398944305,comparado
20010715_Brazil_vs_Peru,2001-07-15,Brazil,Peru,1818.127,1608.214,1818.1265019315422,1608.213732087839,0.0004980684577731154,0.00026791216100718884,comparado
20010715_Paraguay_vs_Mexico,2001-07-15,Paraguay,Mexico,1741.291,1744.581,1741.2913307627714,1744.581463656121,-0.0003307627714548289,-0.000463656121155509,comparado
20010716_Honduras_vs_Bolivia,2001-07-16,Honduras,Bolivia,1675.457,1549.035,1675.4571934875978,1549.0351765185037,-0.0001934875976985495,-0.00017651850362199184,comparado
20010716_Uruguay_vs_Costa_Rica,2001-07-16,Uruguay,Costa Rica,1695.193,1721.467,1695.1927018761596,1721.4665803174237,0.00029812384036631556,0.00041968257642110984,comparado
20010717_Colombia_vs_Chile,2001-07-17,Colombia,Chile,1720.02,1624.642,1720.019573320388,1624.641739839485,0.00042667961201914295,0.0002601605151539843,comparado
20010717_Ecuador_vs_Venezuela,2001-07-17,Ecuador,Venezuela,1624.43,1286.606,1624.4299733203745,1286.6055277004425,2.6679625534598017e-05,0.0004722995574866218,comparado
20010718_Brazil_vs_Paraguay,2001-07-18,Brazil,Paraguay,1827.814,1741.49,1827.8143714190026,1741.4901898560304,-0.00037141900247661397,-0.00018985603037435794,comparado
20010718_Peru_vs_Mexico,2001-07-18,Peru,Mexico,1598.526,1744.383,1598.5258626003786,1744.382604562862,0.00013739962150793872,0.0003954371379677468,comparado
20010719_Bolivia_vs_Costa_Rica,2001-07-19,Bolivia,Costa Rica,1534.824,1719.882,1534.8239213050938,1719.8815323326494,7.869490627854248e-05,0.0004676673506764928,comparado
20010719_Honduras_vs_Uruguay,2001-07-19,Honduras,Uruguay,1689.668,1696.778,1689.6684487010077,1696.777749860934,-0.0004487010078264575,0.0002501390661109326,comparado
20010722_Chile_vs_Mexico,2001-07-22,Chile,Mexico,1608.452,1715.05,1608.451732934048,1715.0504368418349,0.00026706595190262306,-0.0004368418349258718,comparado
20010722_Uruguay_vs_Costa_Rica,2001-07-22,Uruguay,Costa Rica,1675.348,1735.862,1675.3481033385042,1735.8623780732496,-0.00010333850423194235,-0.00037807324952154886,comparado
20010723_Brazil_vs_Honduras,2001-07-23,Brazil,Honduras,1844.609,1711.098,1844.6091377904054,1711.0980952234374,-0.00013779040546069155,-9.522343748358253e-05,comparado
20010723_Colombia_vs_Peru,2001-07-23,Colombia,Peru,1736.21,1627.858,1736.2095802258248,1627.8580303214057,0.0004197741752705042,-3.0321405802169465e-05,comparado
20010725_Mexico_vs_Uruguay,2001-07-25,Mexico,Uruguay,1730.508,1699.969,1730.50787573022,1699.969215514026,0.00012426978014445922,-0.00021551402596742264,comparado
20010726_Colombia_vs_Honduras,2001-07-26,Colombia,Honduras,1755.572,1740.819,1755.5724900880064,1740.8188030411911,-0.0004900880064724333,0.00019695880882864003,comparado
20010729_Uruguay_vs_Honduras,2001-07-29,Uruguay,Honduras,1680.81,1718.874,1680.8103204559673,1718.8742148227898,-0.0003204559673122276,-0.0002148227897578181,comparado
20010729_Colombia_vs_Mexico,2001-07-29,Colombia,Mexico,1777.517,1749.667,1777.5170783064077,1749.6667707882787,-7.830640765860153e-05,0.0002292117212618905,comparado
20020531_France_vs_Senegal,2002-05-31,France,Senegal,1970.367,1684.542,1970.3671807936973,1684.5423832574297,-0.00018079369738188689,-0.0003832574298030522,comparado
20020601_Germany_vs_Saudi_Arabia,2002-06-01,Germany,Saudi Arabia,1789.922,1780.738,1789.9221491292133,1780.7379740759918,-0.0001491292132413946,2.592400824141805e-05,comparado
20020601_Republic_of_Ireland_vs_Cameroon,2002-06-01,Republic of Ireland,Cameroon,1770.13,1748.855,1770.1298154447527,1748.855328002184,0.00018455524741511908,-0.00032800218400552694,comparado
20020601_Uruguay_vs_Denmark,2002-06-01,Uruguay,Denmark,1712.34,1771.879,1712.3398112706725,1771.8787835229016,0.0001887293274194235,0.00021647709831995599,comparado
20020602_Argentina_vs_Nigeria,2002-06-02,Argentina,Nigeria,1862.077,1746.085,1862.0772358869322,1746.0851923001478,-0.00023588693215970125,-0.00019230014777349425,comparado
20020602_England_vs_Sweden,2002-06-02,England,Sweden,1809.511,1762.749,1809.5113406577689,1762.7485532903581,-0.0003406577689020196,0.0004467096418920846,comparado
20020602_Paraguay_vs_South_Africa,2002-06-02,Paraguay,South Africa,1685.613,1655.503,1685.6126373449838,1655.5033927146792,0.00036265501626076,-0.0003927146792648273,comparado
20020602_Spain_vs_Slovenia,2002-06-02,Spain,Slovenia,1846.889,1646.676,1846.8885138355145,1646.6763410538974,0.0004861644854372571,-0.0003410538975003874,comparado
20020603_Brazil_vs_Turkey,2002-06-03,Brazil,Turkey,1820.22,1682.233,1820.2203438926472,1682.2332335630786,-0.0003438926471517334,-0.00023356307860922243,comparado
20020603_Croatia_vs_Mexico,2002-06-03,Croatia,Mexico,1779.913,1789.66,1779.9134003406766,1789.6601099073725,-0.0004003406766059925,-0.00010990737246174831,comparado
20020603_Italy_vs_Ecuador,2002-06-03,Italy,Ecuador,1876.129,1658.204,1876.129473185541,1658.203982683264,-0.00047318554106823285,1.731673592075822e-05,comparado
20020604_China_vs_Costa_Rica,2002-06-04,China,Costa Rica,1745.188,1742.363,1745.188229584219,1742.362787847917,-0.00022958421891416947,0.00021215208312241884,comparado
20020604_Japan_vs_Belgium,2002-06-04,Japan,Belgium,1774.297,1755.541,1774.2971571420896,1755.5406918374636,-0.00015714208961981058,0.00030816253638477065,comparado
20020604_South_Korea_vs_Poland,2002-06-04,South Korea,Poland,1744.003,1670.435,1744.0028593640461,1670.4353574673326,0.00014063595381230698,-0.00035746733260566543,comparado
20020605_Germany_vs_Republic_of_Ireland,2002-06-05,Germany,Republic of Ireland,1834.658,1768.846,1834.6576767576573,1768.8455293352079,0.0003232423425743036,0.0004706647921466356,comparado
20020605_Russia_vs_Tunisia,2002-06-05,Russia,Tunisia,1717.056,1691.982,1717.0564047289931,1691.9824045935313,-0.00040472899308952037,-0.0004045935313570226,comparado
20020605_United_States_vs_Portugal,2002-06-05,United States,Portugal,1772.58,1854.134,1772.5797223075638,1854.1340934234354,0.00027769243615693995,-9.342343537355191e-05,comparado
20020606_Cameroon_vs_Saudi_Arabia,2002-06-06,Cameroon,Saudi Arabia,1750.14,1736.002,1750.1396141117289,1736.0024464475478,0.0003858882712393097,-0.00044644754780165385,comparado
20020606_Denmark_vs_Senegal,2002-06-06,Denmark,Senegal,1789.315,1719.749,1789.314896177497,1719.7493122990259,0.00010382250297880091,-0.0003122990258361824,comparado
20020606_France_vs_Uruguay,2002-06-06,France,Uruguay,1935.16,1694.904,1935.1602517521014,1694.903698616077,-0.0002517521013487567,0.00030138392298795225,comparado
20020607_Argentina_vs_England,2002-06-07,Argentina,England,1876.316,1806.702,1876.3157051041837,1806.7018090839645,0.000294895816296048,0.00019091603553533787,comparado
20020607_Spain_vs_Paraguay,2002-06-07,Spain,Paraguay,1857.04,1683.797,1857.0400715628593,1683.7972907873784,-7.156285937526263e-05,-0.000290787378389723,comparado
20020607_Sweden_vs_Nigeria,2002-06-07,Sweden,Nigeria,1765.558,1731.847,1765.5580848641625,1731.8467230828962,-8.486416254527285e-05,0.00027691710374710965,comparado
20020608_Brazil_vs_China,2002-06-08,Brazil,China,1833.293,1721.96,1833.2925220537334,1721.9595894448423,0.0004779462665283063,0.00041055515771404316,comparado
20020608_Italy_vs_Croatia,2002-06-08,Italy,Croatia,1885.447,1759.502,1885.4465764907934,1759.5023648353954,0.0004235092064845958,-0.00036483539543041843,comparado
20020608_South_Africa_vs_Slovenia,2002-06-08,South Africa,Slovenia,1657.319,1636.525,1657.3187392722846,1636.5247833265526,0.00026072771538565576,0.00021667344753950601,comparado
20020609_Costa_Rica_vs_Turkey,2002-06-09,Costa Rica,Turkey,1765.591,1669.161,1765.5914279872936,1669.1610554019924,-0.00042798729373316746,-5.540199231290899e-05,comparado
20020609_Japan_vs_Russia,2002-06-09,Japan,Russia,1773.165,1738.224,1773.1645628347778,1738.2239001447294,0.0004371652221379918,9.985527049138909e-05,comparado
20020609_Mexico_vs_Ecuador,2002-06-09,Mexico,Ecuador,1810.071,1648.887,1810.0711454126538,1648.8868793780116,-0.00014541265386469604,0.00012062198834428273,comparado
20020610_South_Korea_vs_United_States,2002-06-10,South Korea,United States,1761.67,1798.421,1761.6695480401947,1798.420518397642,0.0004519598053320806,0.0004816023581497575,comparado
20020610_Portugal_vs_Poland,2002-06-10,Portugal,Poland,1828.293,1652.769,1828.2932973333573,1652.768668791184,-0.00029733335736636946,0.0003312088160782878,comparado
20020610_Tunisia_vs_Belgium,2002-06-10,Tunisia,Belgium,1670.815,1756.673,1670.814909177795,1756.6732861447754,9.082220503842109e-05,-0.00028614477537303173,comparado
20020611_Cameroon_vs_Germany,2002-06-11,Cameroon,Germany,1770.286,1830.727,1770.285594559794,1830.72670596116,0.0004054402061228757,0.00029403884013845527,comparado
20020611_Denmark_vs_France,2002-06-11,Denmark,France,1785.165,1922.582,1785.1654566635225,1922.5822239205795,-0.0004566635225273785,-0.00022392057940123777,comparado
20020611_Saudi_Arabia_vs_Republic_of_Ireland,2002-06-11,Saudi Arabia,Republic of Ireland,1715.856,1772.777,1715.8564659994827,1772.7765001317052,-0.00046599948268521985,0.0004998682948098576,comparado
20020611_Senegal_vs_Uruguay,2002-06-11,Senegal,Uruguay,1723.899,1707.482,1723.8987518130004,1707.481726447599,0.00024818699944262335,0.0002735524010404333,comparado
20020612_Nigeria_vs_England,2002-06-12,Nigeria,England,1712.878,1831.854,1712.8779636862073,1831.8540546351392,3.6313792634246056e-05,-5.463513912218332e-05,comparado
20020612_Slovenia_vs_Paraguay,2002-06-12,Slovenia,Paraguay,1616.78,1672.271,1616.7801309399601,1672.2707289166283,-0.00013093996017232712,0.00027108337167192076,comparado
20020612_South_Africa_vs_Spain,2002-06-12,South Africa,Spain,1677.063,1868.567,1677.063391658877,1868.5666334336095,-0.00039165887687886425,0.00036656639053944673,comparado
20020612_Sweden_vs_Argentina,2002-06-12,Sweden,Argentina,1784.527,1851.163,1784.5268442608515,1851.163459553009,0.00015573914856759075,-0.00045955300902278395,comparado
20020613_Costa_Rica_vs_Brazil,2002-06-13,Costa Rica,Brazil,1759.908,1855.493,1759.9080921684247,1855.4929656038269,-9.216842477144382e-05,3.4396173077766434e-05,comparado
20020613_Ecuador_vs_Croatia,2002-06-13,Ecuador,Croatia,1636.986,1787.798,1636.985723318704,1787.7979998679189,0.0002766812960999232,1.3208114069129806e-07,comparado
20020613_Mexico_vs_Italy,2002-06-13,Mexico,Italy,1821.972,1857.151,1821.9723014719614,1857.15094145827,-0.00030147196139296284,5.854173014085973e-05,comparado
20020613_Turkey_vs_China,2002-06-13,Turkey,China,1674.844,1699.759,1674.8443912208613,1699.7591458947488,-0.0003912208612746326,-0.00014589474881177011,comparado
20020614_Belgium_vs_Russia,2002-06-14,Belgium,Russia,1751.587,1719.329,1751.5868808954333,1719.3287225556237,0.00011910456669284031,0.00027744437625187857,comparado
20020614_Japan_vs_Tunisia,2002-06-14,Japan,Tunisia,1792.06,1675.901,1792.0597404238836,1675.901314427137,0.00025957611637750233,-0.00031442713702745095,comparado
20020614_South_Korea_vs_Portugal,2002-06-14,South Korea,Portugal,1763.883,1845.002,1763.8826338689469,1845.0017983309938,0.00036613105316973815,0.0002016690061736881,comparado
20020614_Poland_vs_United_States,2002-06-14,Poland,United States,1636.06,1796.207,1636.0601677935474,1796.2074325688898,-0.00016779354746176978,-0.0004325688896642532,comparado
20020615_Denmark_vs_England,2002-06-15,Denmark,England,1815.047,1824.931,1815.0469586303611,1824.9313075924485,4.136963889322942e-05,-0.00030759244850742107,comparado
20020615_Germany_vs_Paraguay,2002-06-15,Germany,Paraguay,1849.313,1691.21,1849.3134419714324,1691.2101361505113,-0.0004419714323375956,-0.00013615051125270838,comparado
20020616_Spain_vs_Republic_of_Ireland,2002-06-16,Spain,Republic of Ireland,1879.037,1796.546,1879.036980646099,1796.5464837924123,1.9353901052454603e-05,-0.0004837924122966797,comparado
20020616_Sweden_vs_Senegal,2002-06-16,Sweden,Senegal,1788.506,1722.907,1788.5058806683783,1722.9071977234341,0.00011933162181776424,-0.0001977234342120937,comparado
20020617_Brazil_vs_Belgium,2002-06-17,Brazil,Belgium,1875.905,1770.643,1875.9052063792071,1770.6426889920992,-0.00020637920715671498,0.00031100790079108265,comparado
20020617_Mexico_vs_United_States,2002-06-17,Mexico,United States,1824.091,1765.436,1824.0913624295392,1765.4364290601338,-0.00036242953933651734,-0.0004290601339107525,comparado
20020618_Japan_vs_Turkey,2002-06-18,Japan,Turkey,1806.908,1705.691,1806.9083977623513,1705.6913107433913,-0.00039776235144017846,-0.00031074339131009765,comparado
20020618_South_Korea_vs_Italy,2002-06-18,South Korea,Italy,1789.699,1855.032,1789.6985154131023,1855.031880500692,0.0004845868977554346,0.00011949930785704055,comparado
20020621_England_vs_Brazil,2002-06-21,England,Brazil,1853.089,1891.449,1853.0889779938009,1891.448872300524,2.2006199060342624e-05,0.00012769947602464526,comparado
20020621_Germany_vs_United_States,2002-06-21,Germany,United States,1861.366,1791.666,1861.3664400218877,1791.6662584670141,-0.00044002188769809436,-0.00025846701419141027,comparado
20020622_South_Korea_vs_Spain,2002-06-22,South Korea,Spain,1814.602,1874.143,1814.601554063516,1874.142642414347,0.00044593648408408626,0.0003575856530915189,comparado
20020622_Senegal_vs_Turkey,2002-06-22,Senegal,Turkey,1747.826,1732.642,1747.8257167832198,1732.641765426312,0.0002832167801898322,0.0002345736879760807,comparado
20020625_South_Korea_vs_Germany,2002-06-25,South Korea,Germany,1818.166,1878.209,1818.1655656280902,1878.2091832693366,0.000434371909705078,-0.0001832693365031446,comparado
20020626_Brazil_vs_Turkey,2002-06-26,Brazil,Turkey,1910.14,1754.559,1910.1396661413871,1754.5589430071072,0.00033385861297574593,5.699289272342867e-05,comparado
20020629_South_Korea_vs_Turkey,2002-06-29,South Korea,Turkey,1800.759,1742.381,1800.7590693644229,1742.3807640456757,-6.936442287042155e-05,0.00023595432435286057,comparado
20020630_Germany_vs_Brazil,2002-06-30,Germany,Brazil,1895.616,1922.318,1895.615679533004,1922.3178451028186,0.00032046699607235496,0.00015489718134631403,comparado
20040612_Portugal_vs_Greece,2004-06-12,Portugal,Greece,1825.869,1688.448,1825.8689154150425,1688.447730631173,8.45849574488966e-05,0.0002693688270483108,comparado
20040612_Spain_vs_Russia,2004-06-12,Spain,Russia,1882.389,1697.573,1882.3885607129353,1697.5726299262599,0.0004392870646370284,0.0003700737402141385,comparado
20040613_France_vs_England,2004-06-13,France,England,1958.669,1839.998,1958.6694068473014,1839.9983508028754,-0.00040684730129214586,-0.00035080287534583476,comparado
20040613_Switzerland_vs_Croatia,2004-06-13,Switzerland,Croatia,1631.62,1764.422,1631.6202461770483,1764.422320848242,-0.0002461770484387671,-0.0003208482419267966,comparado
20040614_Denmark_vs_Italy,2004-06-14,Denmark,Italy,1780.057,1836.253,1780.0570700416008,1836.2527284869832,-7.004160079304711e-05,0.0002715130167416646,comparado
20040614_Sweden_vs_Bulgaria,2004-06-14,Sweden,Bulgaria,1733.548,1671.517,1733.5480309990517,1671.516523175582,-3.099905165981909e-05,0.00047682441800134256,comparado
20040615_Czech_Republic_vs_Latvia,2004-06-15,Czech Republic,Latvia,1826.703,1496.858,1826.7032574827663,1496.857574104866,-0.0002574827663011092,0.0004258951339579653,comparado
20040615_Germany_vs_Netherlands,2004-06-15,Germany,Netherlands,1825.802,1876.202,1825.801579831683,1876.2024701111352,0.0004201683168503223,-0.00047011113520056824,comparado
20040616_Greece_vs_Spain,2004-06-16,Greece,Spain,1717.346,1893.164,1717.346203277886,1893.1643970678624,-0.00020327788593021978,-0.00039706786242277303,comparado
20040616_Portugal_vs_Russia,2004-06-16,Portugal,Russia,1796.97,1686.797,1796.9704427683296,1686.7967935713327,-0.000442768329548926,0.0002064286672975868,comparado
20040617_Croatia_vs_France,2004-06-17,Croatia,France,1756.765,1972.763,1756.7647349637168,1972.7630981311393,0.00026503628328100604,-9.813113933887507e-05,comparado
20040617_England_vs_Switzerland,2004-06-17,England,Switzerland,1825.905,1639.278,1825.9046595190375,1639.2778320615735,0.0003404809624498739,0.00016793842655715707,comparado
20040618_Bulgaria_vs_Denmark,2004-06-18,Bulgaria,Denmark,1641.387,1783.424,1641.3865923957496,1783.4243831028252,0.0004076042503129429,-0.0003831028252534452,comparado
20040618_Italy_vs_Sweden,2004-06-18,Italy,Sweden,1832.885,1763.678,1832.8854154257588,1763.677961778884,-0.00041542575877429044,3.822111602858058e-05,comparado
20040619_Latvia_vs_Germany,2004-06-19,Latvia,Germany,1491.387,1828.827,1491.3870467485765,1828.8267628052934,-4.674857655118103e-05,0.00023719470664218534,comparado
20040619_Netherlands_vs_Czech_Republic,2004-06-19,Netherlands,Czech Republic,1873.177,1832.174,1873.177287137525,1832.1737848390558,-0.0002871375249924313,0.0002151609442080371,comparado
20040620_Portugal_vs_Spain,2004-06-20,Portugal,Spain,1812.199,1883.36,1812.1985442441667,1883.360373252811,0.0004557558333999623,-0.0003732528111868305,comparado
20040620_Russia_vs_Greece,2004-06-20,Russia,Greece,1671.569,1727.15,1671.5686920954956,1727.1502270929373,0.0003079045043250517,-0.0002270929371661623,comparado
20040621_Croatia_vs_England,2004-06-21,Croatia,England,1768.363,1839.569,1768.3631583726724,1839.5685513455858,-0.00015837267233109742,0.000448654414185512,comparado
20040621_Switzerland_vs_France,2004-06-21,Switzerland,France,1625.614,1961.165,1625.6139402350252,1961.1646747221837,5.976497482151899e-05,0.0003252778162732284,comparado
20040622_Denmark_vs_Sweden,2004-06-22,Denmark,Sweden,1796.699,1767.807,1796.6989730679952,1767.8065957830415,2.6932004857371794e-05,0.00040421695848635864,comparado
20040622_Italy_vs_Bulgaria,2004-06-22,Italy,Bulgaria,1828.757,1628.112,1828.7567814216013,1628.1120024305797,0.00021857839874428464,-2.430579570500413e-06,comparado
20040623_Germany_vs_Czech_Republic,2004-06-23,Germany,Czech Republic,1813.093,1855.641,1813.0926363590793,1855.6407111186031,0.00036364092079566035,0.00028888139695482096,comparado
20040623_Netherlands_vs_Latvia,2004-06-23,Netherlands,Latvia,1849.71,1507.121,1849.7103608579775,1507.1211731947906,-0.00036085797751184145,-0.00017319479047728237,comparado
20040624_Portugal_vs_England,2004-06-24,Portugal,England,1837.441,1857.399,1837.440613727982,1857.3991387106269,0.00038627201797680755,-0.00013871062697035086,comparado
20040625_France_vs_Greece,2004-06-25,France,Greece,1966.232,1702.819,1966.232163482777,1702.819089226927,-0.00016348277699762548,-8.92269270025281e-05,comparado
20040626_Sweden_vs_Netherlands,2004-06-26,Sweden,Netherlands,1769.549,1855.865,1769.5489192170685,1855.8648497965999,8.078293149083038e-05,0.00015020340015325928,comparado
20040627_Czech_Republic_vs_Denmark,2004-06-27,Czech Republic,Denmark,1874.082,1794.957,1874.0817634573627,1794.9566496339683,0.0002365426373671653,0.00035036603185290005,comparado
20040630_Portugal_vs_Netherlands,2004-06-30,Portugal,Netherlands,1838.646,1850.752,1838.6456388143647,1850.7524194615917,0.0003611856352563336,-0.0004194615917185729,comparado
20040701_Greece_vs_Czech_Republic,2004-07-01,Greece,Czech Republic,1737.259,1895.892,1737.2589655882705,1895.8918010361012,3.441172952989291e-05,0.000198963898810689,comparado
20040704_Portugal_vs_Greece,2004-07-04,Portugal,Greece,1860.377,1767.232,1860.3771112063066,1767.2321471288055,-0.00011120630665573117,-0.00014712880556544405,comparado
20040706_Peru_vs_Bolivia,2004-07-06,Peru,Bolivia,1615.421,1520.582,1615.4214416035168,1520.5823198140006,-0.00044160351671962417,-0.00031981400047698116,comparado
20040706_Venezuela_vs_Colombia,2004-07-06,Venezuela,Colombia,1519.025,1726.182,1519.025093826172,1726.1821306358515,-9.382617190567544e-05,-0.0001306358515194006,comparado
20040707_Argentina_vs_Ecuador,2004-07-07,Argentina,Ecuador,1849.538,1661.393,1849.5378257439324,1661.393143525599,0.00017425606756660272,-0.00014352559901453787,comparado
20040707_Mexico_vs_Uruguay,2004-07-07,Mexico,Uruguay,1815.007,1645.494,1815.0070892934946,1645.493972727219,-8.929349451136659e-05,2.7272780926068663e-05,comparado
20040708_Brazil_vs_Chile,2004-07-08,Brazil,Chile,1901.91,1615.162,1901.9098981183058,1615.1621599794325,0.00010188169426328386,-0.00015997943251022662,comparado
20040708_Costa_Rica_vs_Paraguay,2004-07-08,Costa Rica,Paraguay,1714.957,1705.079,1714.9568565382658,1705.0793156673737,0.00014346173429657938,-0.00031566737379762344,comparado
20040709_Colombia_vs_Bolivia,2004-07-09,Colombia,Bolivia,1735.96,1526.176,1735.9603010935712,1526.1764104143772,-0.00030109357112451107,-0.0004104143772565294,comparado
20040709_Peru_vs_Venezuela,2004-07-09,Peru,Venezuela,1609.827,1509.247,1609.8273510031402,1509.2469233684524,-0.0003510031401674496,7.663154769943503e-05,comparado
20040710_Argentina_vs_Mexico,2004-07-10,Argentina,Mexico,1867.072,1805.504,1867.072222405624,1805.5036131043082,-0.0002224056240720529,0.00038689569169036986,comparado
20040710_Uruguay_vs_Ecuador,2004-07-10,Uruguay,Ecuador,1654.997,1643.859,1654.9974489164053,1643.8587468639075,-0.0004489164052756678,0.00025313609239674406,comparado
20040711_Brazil_vs_Costa_Rica,2004-07-11,Brazil,Costa Rica,1908.673,1693.36,1908.672770001008,1693.3599905294218,0.00022999899192654993,9.470578106629546e-06,comparado
20040711_Paraguay_vs_Chile,2004-07-11,Paraguay,Chile,1726.676,1608.399,1726.6761816762178,1608.3992880967303,-0.00018167621783504728,-0.00028809673040086636,comparado
20040712_Peru_vs_Colombia,2004-07-12,Peru,Colombia,1625.675,1745.625,1625.6753248527777,1745.6254943623749,-0.000324852777794149,-0.0004943623748658865,comparado
20040712_Venezuela_vs_Bolivia,2004-07-12,Venezuela,Bolivia,1493.399,1516.511,1493.3989495188148,1516.5112171455735,5.048118509876076e-05,-0.00021714557351515396,comparado
20040713_Argentina_vs_Uruguay,2004-07-13,Argentina,Uruguay,1842.389,1675.324,1842.389310586264,1675.324424490966,-0.0003105862640495616,-0.0004244909659973928,comparado
20040713_Mexico_vs_Ecuador,2004-07-13,Mexico,Ecuador,1830.187,1623.532,1830.1865249236682,1623.5317712893468,0.00047507633166787855,0.00022871065311846905,comparado
20040714_Brazil_vs_Paraguay,2004-07-14,Brazil,Paraguay,1920.581,1719.791,1920.5806692968724,1719.79112842948,0.00033070312747440767,-0.0001284294801280339,comparado
20040714_Costa_Rica_vs_Chile,2004-07-14,Costa Rica,Chile,1681.452,1615.284,1681.4520912335574,1615.284341343468,-9.123355744122819e-05,-0.00034134346788050607,comparado
20040717_Colombia_vs_Costa_Rica,2004-07-17,Colombia,Costa Rica,1738.65,1698.5,1738.650318013579,1698.5003839189837,-0.00031801357886251935,-0.0003839189837435697,comparado
20040717_Peru_vs_Argentina,2004-07-17,Peru,Argentina,1632.651,1854.249,1632.6505012015737,1854.248639984596,0.0004987984264062106,0.000360015404112346,comparado
20040718_Mexico_vs_Brazil,2004-07-18,Mexico,Brazil,1839.986,1888.636,1839.986402299742,1888.6364963650744,-0.0004022997418360319,-0.0004963650744684855,comparado
20040718_Paraguay_vs_Uruguay,2004-07-18,Paraguay,Uruguay,1751.735,1663.465,1751.735301361278,1663.465095092634,-0.00030136127816149383,-9.509263418294722e-05,comparado
20040720_Argentina_vs_Colombia,2004-07-20,Argentina,Colombia,1863.417,1758.701,1863.4170919432256,1758.7009703172266,-9.194322569783253e-05,2.968277340187342e-05,comparado
20040721_Uruguay_vs_Brazil,2004-07-21,Uruguay,Brazil,1691.163,1917.103,1691.1631199617332,1917.1032448828569,-0.00011996173316219938,-0.0002448828568049066,comparado
20040724_Colombia_vs_Uruguay,2004-07-24,Colombia,Uruguay,1739.042,1703.173,1739.042454319034,1703.1725420542389,-0.0004543190341337322,0.00045794576112712093,comparado
20040725_Argentina_vs_Brazil,2004-07-25,Argentina,Brazil,1883.076,1905.094,1883.0756079414182,1905.0938227903512,0.0003920585818377731,0.0001772096488821262,comparado
20060609_Germany_vs_Costa_Rica,2006-06-09,Germany,Costa Rica,1843.383,1694.734,1843.3826713202382,1694.7337185892652,0.0003286797618784476,0.000281410734714882,comparado
20060609_Poland_vs_Ecuador,2006-06-09,Poland,Ecuador,1730.32,1647.496,1730.3197001465508,1647.4959393252684,0.0002998534491780447,6.0674731685139704e-05,comparado
20060610_Argentina_vs_Ivory_Coast,2006-06-10,Argentina,Ivory Coast,1850.95,1746.008,1850.9495740107052,1746.0082554355654,0.00042598929485393455,-0.0002554355653501261,comparado
20060610_England_vs_Paraguay,2006-06-10,England,Paraguay,1871.018,1710.904,1871.01800245068,1710.903917947935,-2.4506798581569456e-06,8.205206495404127e-05,comparado
20060610_Trinidad_and_Tobago_vs_Sweden,2006-06-10,Trinidad and Tobago,Sweden,1635.266,1783.315,1635.2655314963783,1783.3153765278582,0.0004685036217324523,-0.0003765278581795428,comparado
20060611_Angola_vs_Portugal,2006-06-11,Angola,Portugal,1633.797,1850.494,1633.7968764528514,1850.4944456677258,0.00012354714863249683,-0.00044566772589860193,comparado
20060611_Mexico_vs_Iran,2006-06-11,Mexico,Iran,1828.522,1831.483,1828.5219472392257,1831.4827958842525,5.2760774224225315e-05,0.00020411574746503902,comparado
20060611_Serbia_vs_Netherlands,2006-06-11,Serbia,Netherlands,1707.562,1883.52,1707.5615693047557,1883.5202099175299,0.0004306952441766043,-0.00020991752990084933,comparado
20060612_Australia_vs_Japan,2006-06-12,Australia,Japan,1863.937,1792.023,1863.9366876208708,1792.0229538720275,0.0003123791291272937,4.6127972382237203e-05,comparado
20060612_Italy_vs_Ghana,2006-06-12,Italy,Ghana,1839.678,1637.467,1839.677505031464,1637.4665307722685,0.0004949685360315925,0.0004692277316280524,comparado
20060612_United_States_vs_Czech_Republic,2006-06-12,United States,Czech Republic,1834.867,1872.675,1834.8674879984944,1872.6753870070459,-0.0004879984944636817,-0.0003870070459015551,comparado
20060613_Brazil_vs_Croatia,2006-06-13,Brazil,Croatia,1903.739,1769.219,1903.7386926710626,1769.2191159545598,0.00030732893742424494,-0.00011595455976021185,comparado
20060613_France_vs_Switzerland,2006-06-13,France,Switzerland,1901.339,1702.598,1901.3385082393083,1702.5978967958333,0.0004917606916023942,0.00010320416663489596,comparado
20060613_South_Korea_vs_Togo,2006-06-13,South Korea,Togo,1757.847,1600.288,1757.846905522807,1600.2876690850615,9.447719298805168e-05,0.0003309149385586352,comparado
20060614_Germany_vs_Poland,2006-06-14,Germany,Poland,1856.273,1702.884,1856.2730134005917,1702.8838218968822,-1.3400591797108063e-05,0.00017810311783250654,comparado
20060614_Spain_vs_Ukraine,2006-06-14,Spain,Ukraine,1860.358,1697.046,1860.3583353739957,1697.046247092862,-0.00033537399576744065,-0.0002470928618549806,comparado
20060614_Tunisia_vs_Saudi_Arabia,2006-06-14,Tunisia,Saudi Arabia,1740.055,1700.585,1740.0546733437905,1700.584819423701,0.0003266562096087,0.0001805762990443327,comparado
20060615_Ecuador_vs_Costa_Rica,2006-06-15,Ecuador,Costa Rica,1674.932,1681.843,1674.931817574937,1681.8433765089117,0.00018242506303067785,-0.0003765089115859155,comparado
20060615_England_vs_Trinidad_and_Tobago,2006-06-15,England,Trinidad and Tobago,1882.972,1643.709,1882.971770102067,1643.7091081013248,0.00022989793296801508,-0.00010810132471306133,comparado
20060615_Sweden_vs_Paraguay,2006-06-15,Sweden,Paraguay,1774.872,1698.95,1774.8717999229118,1698.950150296548,0.00020007708826597081,-0.00015029654787213076,comparado
20060616_Argentina_vs_Serbia,2006-06-16,Argentina,Serbia,1865.793,1696.372,1865.7927244689065,1696.3722306386285,0.0002755310933935107,-0.00023063862840899674,comparado
20060616_Mexico_vs_Angola,2006-06-16,Mexico,Angola,1851.758,1624.425,1851.7581383636139,1624.4246375460837,-0.0001383636138143629,0.0003624539162956353,comparado
20060616_Netherlands_vs_Ivory_Coast,2006-06-16,Netherlands,Ivory Coast,1894.71,1731.165,1894.7095485836571,1731.165104977364,0.0004514163429121254,-0.00010497736411707592,comparado
20060617_Czech_Republic_vs_Ghana,2006-06-17,Czech Republic,Ghana,1898.193,1627.412,1898.1934913037437,1627.4118480605573,-0.0004913037437290768,0.00015193944273050874,comparado
20060617_Italy_vs_United_States,2006-06-17,Italy,United States,1849.732,1809.349,1849.7321877431752,1809.3493837017966,-0.0001877431752745906,-0.00038370179663616,comparado
20060617_Portugal_vs_Iran,2006-06-17,Portugal,Iran,1859.867,1808.247,1859.8666845744935,1808.2466047598643,0.00031542550641461276,0.0003952401357310009,comparado
20060618_Brazil_vs_Australia,2006-06-18,Brazil,Australia,1916.991,1881.718,1916.9912621803005,1881.7180472902546,-0.00026218030052405084,-4.729025454253133e-05,comparado
20060618_France_vs_South_Korea,2006-06-18,France,South Korea,1890.485,1769.927,1890.484819894419,1769.9268374347425,0.0001801055809664831,0.00016256525736935146,comparado
20060618_Japan_vs_Croatia,2006-06-18,Japan,Croatia,1774.242,1755.967,1774.2415942026437,1755.966546445322,0.0004057973562794359,0.0004535546781880839,comparado
20060619_Saudi_Arabia_vs_Ukraine,2006-06-19,Saudi Arabia,Ukraine,1702.96,1679.372,1702.9602799937718,1679.3717861803877,-0.00027999377175547124,0.00021381961232691538,comparado
20060619_Spain_vs_Tunisia,2006-06-19,Spain,Tunisia,1878.033,1737.679,1878.0327962864699,1737.6792127737197,0.00020371353002701653,-0.00021277371956784918,comparado
20060619_Togo_vs_Switzerland,2006-06-19,Togo,Switzerland,1588.208,1713.452,1588.207737173126,1713.4515851407227,0.0002628268741773354,0.00041485927727080707,comparado
20060620_Costa_Rica_vs_Poland,2006-06-20,Costa Rica,Poland,1652.245,1690.596,1652.2451271498903,1690.5962681521264,-0.0001271498904316104,-0.00026815212640940445,comparado
20060620_Germany_vs_Ecuador,2006-06-20,Germany,Ecuador,1868.561,1704.53,1868.5605671453475,1704.5300669339583,0.0004328546524448029,-6.693395835100091e-05,comparado
20060620_Paraguay_vs_Trinidad_and_Tobago,2006-06-20,Paraguay,Trinidad and Tobago,1682.467,1635.326,1682.4673986152288,1635.3259489949892,-0.000398615228732524,5.1005010845983634e-05,comparado
20060620_Sweden_vs_England,2006-06-20,Sweden,England,1791.355,1891.355,1791.354551604231,1891.3549292084026,0.00044839576912636403,7.079159740897012e-05,comparado
20060621_Iran_vs_Angola,2006-06-21,Iran,Angola,1789.029,1636.491,1789.0293939571795,1636.4906057829764,-0.0003939571795399388,0.0003942170235404774,comparado
20060621_Ivory_Coast_vs_Serbia,2006-06-21,Ivory Coast,Serbia,1719.379,1675.593,1719.3794821708625,1675.5925902257673,-0.0004821708625968313,0.00040977423282129166,comparado
20060621_Netherlands_vs_Argentina,2006-06-21,Netherlands,Argentina,1906.495,1886.572,1906.4951713901587,1886.5723648817677,-0.00017139015881184605,-0.0003648817678367777,comparado
20060621_Portugal_vs_Mexico,2006-06-21,Portugal,Mexico,1879.084,1839.692,1879.0838953771784,1839.692170126721,0.00010462282170919934,-0.000170126721059205,comparado
20060622_Croatia_vs_Australia,2006-06-22,Croatia,Australia,1757.07,1861.309,1757.07012499031,1861.308660997105,-0.0001249903100415395,0.0003390028948615509,comparado
20060622_Czech_Republic_vs_Italy,2006-06-22,Czech Republic,Italy,1864.25,1847.302,1864.2502653221256,1847.3022682426176,-0.00026532212564234214,-0.0002682426177216257,comparado
20060622_Ghana_vs_United_States,2006-06-22,Ghana,United States,1661.355,1811.779,1661.3550740421754,1811.7793032023542,-7.404217535622593e-05,-0.0003032023541891249,comparado
20060622_Japan_vs_Brazil,2006-06-22,Japan,Brazil,1773.138,1937.401,1773.1380156576556,1937.40064847345,-1.5657655694667483e-05,0.0003515265500482201,comparado
20060623_Saudi_Arabia_vs_Spain,2006-06-23,Saudi Arabia,Spain,1667.254,1891.406,1667.2537838979947,1891.4064531366778,0.00021610200519717182,-0.0004531366778337542,comparado
20060623_Switzerland_vs_South_Korea,2006-06-23,Switzerland,South Korea,1727.735,1776.935,1727.7351419523536,1776.9346796265927,-0.000141952353715169,0.0003203734072485531,comparado
20060623_Togo_vs_France,2006-06-23,Togo,France,1573.924,1883.477,1573.924180361495,1883.4769777025688,-0.00018036149504041532,2.2297431314655114e-05,comparado
20060623_Ukraine_vs_Tunisia,2006-06-23,Ukraine,Tunisia,1715.078,1724.306,1715.0782822761648,1724.3055559235117,-0.00028227616485310136,0.00044407648829292157,comparado
20060624_Argentina_vs_Mexico,2006-06-24,Argentina,Mexico,1887.775,1821.063,1887.775238137493,1821.0629686825646,-0.0002381374929427693,3.1317435514210956e-05,comparado
20060624_Germany_vs_Sweden,2006-06-24,Germany,Sweden,1883.735,1797.237,1883.7346725359162,1797.2373026283988,0.00032746408373895974,-0.000302628398685556,comparado
20060625_England_vs_Ecuador,2006-06-25,England,Ecuador,1885.472,1689.356,1885.4721781842347,1689.3559615433896,-0.00017818423475546297,3.845661035484227e-05,comparado
20060625_Portugal_vs_Netherlands,2006-06-25,Portugal,Netherlands,1897.713,1905.292,1897.7130968213348,1905.2922981344334,-9.682133486421662e-05,-0.0002981344334784808,comparado
20060626_Italy_vs_Australia,2006-06-26,Italy,Australia,1871.313,1855.191,1871.3126695287792,1855.1906613550634,0.0003304712208773708,0.0003386449366189481,comparado
20060626_Switzerland_vs_Ukraine,2006-06-26,Switzerland,Ukraine,1753.476,1736.636,1753.4756992752132,1736.6358739823484,0.00030072478693909943,0.00012601765160979994,comparado
20060627_Brazil_vs_Ghana,2006-06-27,Brazil,Ghana,1952.559,1690.919,1952.5586715142158,1690.918632467336,0.00032848578416633245,0.00036753266408595664,comparado
20060627_Spain_vs_France,2006-06-27,Spain,France,1900.47,1889.304,1900.4699504324356,1889.3044314392516,4.956756447427324e-05,-0.0004314392515425425,comparado
20060630_Germany_vs_Argentina,2006-06-30,Germany,Argentina,1900.518,1904.792,1900.5177587763353,1904.7917933285296,0.00024122366471601708,0.00020667147032327193,comparado
20060630_Italy_vs_Ukraine,2006-06-30,Italy,Ukraine,1891.339,1737.653,1891.3389080762045,1737.6529248569188,9.192379548039753e-05,7.514308117606561e-05,comparado
20060701_Brazil_vs_France,2006-07-01,Brazil,France,1962.004,1912.996,1962.003930082418,1912.9962198892679,6.991758186813968e-05,-0.00021988926778249152,comparado
20060701_England_vs_Portugal,2006-07-01,England,Portugal,1895.735,1919.171,1895.73519606517,1919.1711327607447,-0.00019606517003012414,-0.0001327607446910406,comparado
20060704_Germany_vs_Italy,2006-07-04,Germany,Italy,1900.776,1907.242,1900.7760806122585,1907.2415767451687,-8.061225844357978e-05,0.00042325483127569896,comparado
20060705_Portugal_vs_France,2006-07-05,Portugal,France,1917.757,1936.939,1917.7567422821382,1936.9388953565872,0.0002577178618139442,0.00010464341289662116,comparado
20060708_Germany_vs_Portugal,2006-07-08,Germany,Portugal,1878.201,1897.915,1878.2008485547578,1897.9149898249952,0.0001514452421815804,1.0175004717893898e-05,comparado
20060709_Italy_vs_France,2006-07-09,Italy,France,1929.817,1956.781,1929.8168088026694,1956.7806478137302,0.0001911973306505388,0.00035218626976529777,comparado
20070626_Uruguay_vs_Peru,2007-06-26,Uruguay,Peru,1762.383,1586.125,1762.3826608571387,1586.124557383102,0.00033914286132130655,0.00044261689799895976,comparado
20070626_Venezuela_vs_Bolivia,2007-06-26,Venezuela,Bolivia,1558.353,1524.896,1558.3529623312131,1524.8956231966797,3.766878694477782e-05,0.0003768033202504739,comparado
20070627_Brazil_vs_Mexico,2007-06-27,Brazil,Mexico,1940.693,1803.129,1940.6926669935042,1803.129440051766,0.0003330064957935974,-0.00044005176619066333,comparado
20070627_Ecuador_vs_Chile,2007-06-27,Ecuador,Chile,1667.594,1674.495,1667.5940795850854,1674.4948727343692,-7.958508535921283e-05,0.00012726563068099495,comparado
20070628_Argentina_vs_United_States,2007-06-28,Argentina,United States,1892.465,1830.231,1892.4653224000263,1830.2306715792918,-0.0003224000263344351,0.00032842070822880487,comparado
20070628_Paraguay_vs_Colombia,2007-06-28,Paraguay,Colombia,1690.567,1748.534,1690.566543492578,1748.534436861864,0.00045650742208636075,-0.00043686186381819425,comparado
20070630_Bolivia_vs_Uruguay,2007-06-30,Bolivia,Uruguay,1526.912,1722.82,1526.9116525206848,1722.8200565185452,0.00034747931522360886,-5.6518545306971646e-05,comparado
20070630_Venezuela_vs_Peru,2007-06-30,Venezuela,Peru,1556.337,1625.687,1556.336933007208,1625.6871617216955,6.699279197164287e-05,-0.00016172169557648886,comparado
20070701_Brazil_vs_Chile,2007-07-01,Brazil,Chile,1910.805,1695.078,1910.8051801825052,1695.0778239099736,-0.00018018250511886436,0.00017609002634344506,comparado
20070701_Mexico_vs_Ecuador,2007-07-01,Mexico,Ecuador,1833.017,1647.011,1833.016926862765,1647.011128409481,7.313723494917213e-05,-0.00012840948102166294,comparado
20070702_Argentina_vs_Colombia,2007-07-02,Argentina,Colombia,1915.759,1705.813,1915.7588905860976,1705.812902383199,0.00010941390246443916,9.761680121300742e-05,comparado
20070702_United_States_vs_Paraguay,2007-07-02,United States,Paraguay,1806.937,1733.288,1806.9371033932205,1733.288077971243,-0.00010339322057006939,-7.797124294484092e-05,comparado
20070703_Peru_vs_Bolivia,2007-07-03,Peru,Bolivia,1598.915,1516.639,1598.9153455085034,1516.6393545565827,-0.0003455085034147487,-0.0003545565828062536,comparado
20070703_Venezuela_vs_Uruguay,2007-07-03,Venezuela,Uruguay,1583.109,1733.092,1583.1087492204001,1733.0923544826474,0.0002507795998099027,-0.00035448264725346235,comparado
20070704_Brazil_vs_Ecuador,2007-07-04,Brazil,Ecuador,1922.689,1636.29,1922.68901683715,1636.2900720067482,-1.6837149814818986e-05,-7.200674826890463e-05,comparado
20070704_Mexico_vs_Chile,2007-07-04,Mexico,Chile,1843.738,1683.194,1843.7379832654979,1683.193987255329,1.6734502196413814e-05,1.2744671039399691e-05,comparado
20070705_Argentina_vs_Paraguay,2007-07-05,Argentina,Paraguay,1925.445,1760.274,1925.4452001783163,1760.2741062121017,-0.0002001783163905202,-0.00010621210185490781,comparado
20070705_Colombia_vs_United_States,2007-07-05,Colombia,United States,1696.127,1779.951,1696.12659279098,1779.9510751523617,0.0004072090198405931,-7.51523616600025e-05,comparado
20070707_Chile_vs_Brazil,2007-07-07,Chile,Brazil,1692.261,1929.463,1692.2613714684433,1929.4632886386,-0.00037146844329072337,-0.00028863860006822506,comparado
20070707_Venezuela_vs_Uruguay,2007-07-07,Venezuela,Uruguay,1591.65,1724.551,1591.6500923690778,1724.5510113339697,-9.236907771992264e-05,-1.1333969723636983e-05,comparado
20070708_Argentina_vs_Peru,2007-07-08,Argentina,Peru,1937.152,1594.033,1937.1515961371208,1594.0332701286877,0.00040386287923865893,-0.00027012868781639554,comparado
20070708_Mexico_vs_Paraguay,2007-07-08,Mexico,Paraguay,1834.671,1748.568,1834.6705990523835,1748.5677102532973,0.0004009476165265369,0.00028974670271963987,comparado
20070710_Uruguay_vs_Brazil,2007-07-10,Uruguay,Brazil,1741.987,1943.277,1741.9870424186508,1943.2772792188139,-4.241865076437534e-05,-0.0002792188138300844,comparado
20070711_Mexico_vs_Argentina,2007-07-11,Mexico,Argentina,1864.445,1944.276,1864.4446697932044,1944.2761707017344,0.0003302067955246457,-0.00017070173430511204,comparado
20070714_Mexico_vs_Uruguay,2007-07-14,Mexico,Uruguay,1842.696,1752.953,1842.695618923254,1752.9532427669747,0.0003810767459526687,-0.00024276697467939812,comparado
20070715_Brazil_vs_Argentina,2007-07-15,Brazil,Argentina,1932.311,1966.025,1932.31107887049,1966.0252215716848,-7.88704901424353e-05,-0.00022157168473313504,comparado
20080607_Portugal_vs_Turkey,2008-06-07,Portugal,Turkey,1817.645,1740.859,1817.644851030085,1740.8592070420905,0.0001489699150170054,-0.00020704209055111278,comparado
20080607_Switzerland_vs_Czech_Republic,2008-06-07,Switzerland,Czech Republic,1738.941,1862.069,1738.9408790587995,1862.0692881953066,0.00012094120052097423,-0.00028819530666623905,comparado
20080608_Austria_vs_Croatia,2008-06-08,Austria,Croatia,1591.084,1806.289,1591.0839926543345,1806.2887808705877,7.3456656082271365e-06,0.0002191294122440013,comparado
20080608_Germany_vs_Poland,2008-06-08,Germany,Poland,1900.521,1721.062,1900.520950492836,1721.061866272972,4.95071640216338e-05,0.00013372702778724488,comparado
20080609_Netherlands_vs_Italy,2008-06-09,Netherlands,Italy,1866.903,1923.794,1866.9028029258286,1923.794023016157,0.00019707417141034966,-2.301615700162074e-05,comparado
20080609_Romania_vs_France,2008-06-09,Romania,France,1799.089,1920.814,1799.089062434647,1920.8143487777252,-6.243464713406865e-05,-0.00034877772509389615,comparado
20080610_Greece_vs_Sweden,2008-06-10,Greece,Sweden,1772.465,1752.659,1772.46482250578,1752.6585193431852,0.0001774942199972429,0.00048065681494335877,comparado
20080610_Spain_vs_Russia,2008-06-10,Spain,Russia,1894.249,1713.375,1894.2493061711505,1713.3751898739968,-0.00030617115044151433,-0.00018987399676007044,comparado
20080611_Czech_Republic_vs_Portugal,2008-06-11,Czech Republic,Portugal,1875.924,1835.089,1875.9237259512806,1835.0894551249821,0.00027404871934777475,-0.00045512498218158726,comparado
20080611_Switzerland_vs_Turkey,2008-06-11,Switzerland,Turkey,1725.086,1723.415,1725.0864413028255,1723.4146029471933,-0.00044130282549303956,0.0003970528066474799,comparado
20080612_Austria_vs_Poland,2008-06-12,Austria,Poland,1581.649,1709.863,1581.6490396931842,1709.8634545103782,-3.969318436247704e-05,-0.0004545103781765647,comparado
20080612_Croatia_vs_Germany,2008-06-12,Croatia,Germany,1815.724,1911.719,1815.723733831738,1911.7193622554298,0.0002661682619873318,-0.0003622554297635361,comparado
20080613_Italy_vs_Romania,2008-06-13,Italy,Romania,1890.81,1806.16,1890.8099454817698,1806.1595323177173,5.4518230172106996e-05,0.0004676822827605065,comparado
20080613_Netherlands_vs_France,2008-06-13,Netherlands,France,1899.887,1913.744,1899.886880460216,1913.743878894655,0.00011953978400924825,0.00012110534498788184,comparado
20080614_Greece_vs_Russia,2008-06-14,Greece,Russia,1748.298,1699.337,1748.2977569026048,1699.3374409791868,0.0002430973952414206,-0.0004409791868056345,comparado
20080614_Sweden_vs_Spain,2008-06-14,Sweden,Spain,1776.826,1908.287,1776.8255849463603,1908.2870550659604,0.0004150536396991811,-5.506596039595024e-05,comparado
20080615_Switzerland_vs_Portugal,2008-06-15,Switzerland,Portugal,1703.985,1860.39,1703.9853913932686,1860.3898246594497,-0.0003913932687282795,0.00017534055041323882,comparado
20080615_Turkey_vs_Czech_Republic,2008-06-15,Turkey,Czech Republic,1744.516,1850.623,1744.5156528567502,1850.623356416813,0.00034714324988271983,-0.00035641681301967765,comparado
20080616_Austria_vs_Germany,2008-06-16,Austria,Germany,1589.065,1885.06,1589.065055899989,1885.0603872253985,-5.589998886534886e-05,-0.0003872253985264251,comparado
20080616_Poland_vs_Croatia,2008-06-16,Poland,Croatia,1702.447,1842.383,1702.4474383035736,1842.3827088617693,-0.0004383035736736929,0.00029113823075022083,comparado
20080617_France_vs_Italy,2008-06-17,France,Italy,1883.661,1885.792,1883.6606955972063,1885.7923273303295,0.00030440279374488455,-0.00032733032958276453,comparado
20080617_Netherlands_vs_Romania,2008-06-17,Netherlands,Romania,1929.97,1811.177,1929.9700637576645,1811.1771504691576,-6.375766452038079e-05,-0.0001504691576883488,comparado
20080618_Greece_vs_Spain,2008-06-18,Greece,Spain,1724.358,1921.7,1724.3578898848182,1921.6998234490218,0.00011011518176928803,0.00017655097826718702,comparado
20080618_Russia_vs_Sweden,2008-06-18,Russia,Sweden,1723.277,1763.413,1723.2773079969734,1763.412816563299,-0.00030799697333350196,0.00018343670103604381,comparado
20080619_Portugal_vs_Germany,2008-06-19,Portugal,Germany,1829.76,1891.527,1829.7597850794282,1891.5266400317335,0.00021492057180694246,0.00035996826659356884,comparado
20080620_Croatia_vs_Turkey,2008-06-20,Croatia,Turkey,1855.354,1771.737,1855.3541308003983,1771.7368785377844,-0.00013080039821034006,0.00012146221570219495,comparado
20080621_Netherlands_vs_Russia,2008-06-21,Netherlands,Russia,1944.653,1748.541,1944.6534926218596,1748.540613863576,-0.0004926218596210674,0.00038613642391283065,comparado
20080622_Spain_vs_Italy,2008-06-22,Spain,Italy,1931.908,1908.699,1931.9082211852851,1908.6994446119877,-0.0002211852852269658,-0.00044461198763201537,comparado
20080625_Germany_vs_Turkey,2008-06-25,Germany,Turkey,1908.832,1776.696,1908.8321153887148,1776.695572880915,-0.00011538871467564604,0.0004271190848612605,comparado
20080626_Russia_vs_Spain,2008-06-26,Russia,Spain,1780.553,1930.507,1780.5533981365588,1930.5074992297154,-0.0003981365587151231,-0.000499229715387628,comparado
20080629_Germany_vs_Spain,2008-06-29,Germany,Spain,1922.209,1946.679,1922.2094316721327,1946.6786848131387,-0.0004316721326631523,0.00031518686137133045,comparado
20100611_South_Africa_vs_Mexico,2010-06-11,South Africa,Mexico,1657.925,1844.721,1657.9249998971807,1844.721184254922,1.0281928553013131e-07,-0.00018425492203277827,comparado
20100611_Uruguay_vs_France,2010-06-11,Uruguay,France,1754.909,1839.081,1754.908987827146,1839.0807568360378,1.2172854212622042e-05,0.00024316396206813806,comparado
20100612_Argentina_vs_Nigeria,2010-06-12,Argentina,Nigeria,1847.838,1763.415,1847.8378786568546,1763.4149673030834,0.00012134314533795987,3.2696916605345905e-05,comparado
20100612_England_vs_United_States,2010-06-12,England,United States,1906.627,1799.913,1906.6267175924545,1799.9128536783812,0.0002824075454554986,0.00014632161878580519,comparado
20100612_South_Korea_vs_Greece,2010-06-12,South Korea,Greece,1789.884,1711.609,1789.8844868852684,1711.6090748344639,-0.00048688526840123814,-7.483446393052873e-05,comparado
20100613_Algeria_vs_Slovenia,2010-06-13,Algeria,Slovenia,1620.537,1623.496,1620.5368981535464,1623.4961546057468,0.00010184645361732692,-0.0001546057467294304,comparado
20100613_Germany_vs_Australia,2010-06-13,Germany,Australia,1896.762,1825.529,1896.7615969298424,1825.529428420049,0.0004030701575175044,-0.0004284200490474177,comparado
20100613_Serbia_vs_Ghana,2010-06-13,Serbia,Ghana,1752.388,1700.482,1752.3883574682736,1700.4819693043173,-0.0003574682737053081,3.069568265345879e-05,comparado
20100614_Italy_vs_Paraguay,2010-06-14,Italy,Paraguay,1876.981,1736.873,1876.9805851088213,1736.8726696944384,0.00041489117870696646,0.0003303055616470374,comparado
20100614_Japan_vs_Cameroon,2010-06-14,Japan,Cameroon,1785.904,1739.456,1785.9043032534746,1739.4564717486219,-0.0003032534746125748,-0.0004717486219760758,comparado
20100614_Netherlands_vs_Denmark,2010-06-14,Netherlands,Denmark,1947.325,1733.909,1947.324608766806,1733.9088063561244,0.00039123319402278867,0.0001936438757184078,comparado
20100615_Brazil_vs_North_Korea,2010-06-15,Brazil,North Korea,1971.779,1617.405,1971.7792589971405,1617.4054548938514,-0.0002589971404631797,-0.000454893851383531,comparado
20100615_Ivory_Coast_vs_Portugal,2010-06-15,Ivory Coast,Portugal,1764.969,1819.243,1764.9692712073897,1819.2425077088176,-0.0002712073896873335,0.0004922911823541654,comparado
20100615_New_Zealand_vs_Slovakia,2010-06-15,New Zealand,Slovakia,1661.119,1640.583,1661.119127632398,1640.5829767181833,-0.0001276323980619054,2.3281816766029806e-05,comparado
20100616_Honduras_vs_Chile,2010-06-16,Honduras,Chile,1721.55,1784.769,1721.5498434059518,1784.768678799076,0.00015659404812140565,0.0003212009239632607,comparado
20100616_South_Africa_vs_Uruguay,2010-06-16,South Africa,Uruguay,1668.24,1759.899,1668.240230504144,1759.8993180286732,-0.000230504143928556,-0.0003180286732913373,comparado
20100616_Spain_vs_Switzerland,2010-06-16,Spain,Switzerland,2018.721,1727.818,2018.7211443982487,1727.81814577052,-0.00014439824872169993,-0.00014577052002096025,comparado
20100617_Argentina_vs_South_Korea,2010-06-17,Argentina,South Korea,1863.833,1807.227,1863.8332283618072,1807.2267606885143,-0.00022836180710328335,0.00023931148575684347,comparado
20100617_France_vs_Mexico,2010-06-17,France,Mexico,1834.09,1834.406,1834.0904266345105,1834.4059536479588,-0.0004266345106316294,4.635204118130787e-05,comparado
20100617_Greece_vs_Nigeria,2010-06-17,Greece,Nigeria,1694.267,1747.42,1694.266801031218,1747.4196175981308,0.00019896878211511648,0.0003824018692739628,comparado
20100618_England_vs_Algeria,2010-06-18,England,Algeria,1900.372,1599.716,1900.372086626682,1599.715759747876,-8.662668187753297e-05,0.00024025212383094185,comparado
20100618_Germany_vs_Serbia,2010-06-18,Germany,Serbia,1922.88,1728.274,1922.8802074391217,1728.2741224262743,-0.0002074391215955984,-0.00012242627440173237,comparado
20100618_Slovenia_vs_United_States,2010-06-18,Slovenia,United States,1644.317,1806.167,1644.3172930114172,1806.1674846441538,-0.000293011417170419,-0.00048464415385751636,comparado
20100619_Cameroon_vs_Denmark,2010-06-19,Cameroon,Denmark,1721.247,1724.384,1721.2473049677553,1724.3843879819024,-0.0003049677552553476,-0.00038798190234956564,comparado
20100619_Ghana_vs_Australia,2010-06-19,Ghana,Australia,1724.596,1799.411,1724.5962043463167,1799.4108179107698,-0.00020434631665011693,0.0001820892302930588,comparado
20100619_Netherlands_vs_Japan,2010-06-19,Netherlands,Japan,1956.849,1804.113,1956.849027141028,1804.1134700343412,-2.7141028112964705e-05,-0.00047003434110592934,comparado
20100620_Brazil_vs_Ivory_Coast,2010-06-20,Brazil,Ivory Coast,1976.612,1768.223,1976.6123200763766,1768.2232758135135,-0.0003200763765107695,-0.0002758135135536577,comparado
20100620_Italy_vs_New_Zealand,2010-06-20,Italy,New Zealand,1868.943,1659.879,1868.943098828839,1659.8793074945752,-9.882883909995144e-05,-0.00030749457528145285,comparado
20100620_Slovakia_vs_Paraguay,2010-06-20,Slovakia,Paraguay,1641.823,1744.91,1641.822796856006,1744.9101559744206,0.00020314399398557725,-0.00015597442052239785,comparado
20100621_Chile_vs_Switzerland,2010-06-21,Chile,Switzerland,1801.989,1763.19,1801.989171625387,1763.1898935880947,-0.0001716253868835338,0.00010641190533533518,comparado
20100621_Portugal_vs_North_Korea,2010-06-21,Portugal,North Korea,1815.989,1612.572,1815.9885031026938,1612.5723938146152,0.0004968973062204896,-0.0003938146153359412,comparado
20100621_Spain_vs_Honduras,2010-06-21,Spain,Honduras,1983.349,1704.329,1983.349396580674,1704.329350579641,-0.00039658067407799535,-0.000350579641008153,comparado
20100622_Greece_vs_Argentina,2010-06-22,Greece,Argentina,1718.455,1887.631,1718.4546774501498,1887.6314583843314,0.00032254985012514226,-0.00045838433129574696,comparado
20100622_Mexico_vs_Uruguay,2010-06-22,Mexico,Uruguay,1857.453,1780.64,1857.4525543160926,1780.6404508834153,0.0004456839074009622,-0.00045088341516930086,comparado
20100622_Nigeria_vs_South_Korea,2010-06-22,Nigeria,South Korea,1723.232,1783.429,1723.231741179199,1783.4285306659901,0.00025882080103656335,0.0004693340099493071,comparado
20100622_South_Africa_vs_France,2010-06-22,South Africa,France,1647.499,1811.044,1647.4990976494018,1811.0438259663767,-9.76494018232188e-05,0.0001740336233524431,comparado
20100623_Australia_vs_Serbia,2010-06-23,Australia,Serbia,1794.957,1759.944,1794.957429461563,1759.9435389838109,-0.00042946156281686854,0.00046101618909233366,comparado
20100623_Ghana_vs_Germany,2010-06-23,Ghana,Germany,1729.05,1891.211,1729.0495927955235,1891.2107908815851,0.0004072044764598104,0.0002091184148866887,comparado
20100623_Slovenia_vs_England,2010-06-23,Slovenia,England,1653.449,1885.693,1653.4488040110525,1885.6929143472776,0.0001959889475529053,8.565272241867206e-05,comparado
20100623_United_States_vs_Algeria,2010-06-23,United States,Algeria,1797.036,1614.395,1797.0359736445184,1614.3949320272804,2.6355481622886145e-05,6.797271953473683e-05,comparado
20100624_Cameroon_vs_Netherlands,2010-06-24,Cameroon,Netherlands,1700.437,1969.169,1700.4369140803324,1969.1693137295927,8.59196675264684e-05,-0.0003137295925625949,comparado
20100624_Denmark_vs_Japan,2010-06-24,Denmark,Japan,1745.195,1791.793,1745.1947788693253,1791.7931834457765,0.00022113067461759783,-0.00018344577665629913,comparado
20100624_Paraguay_vs_New_Zealand,2010-06-24,Paraguay,New Zealand,1760.595,1671.183,1760.594777400832,1671.1832350905784,0.0002225991679551953,-0.0002350905783714552,comparado
20100624_Slovakia_vs_Italy,2010-06-24,Slovakia,Italy,1626.138,1857.639,1626.1381754295946,1857.639171232836,-0.00017542959471938957,-0.0001712328360099491,comparado
20100625_Chile_vs_Spain,2010-06-25,Chile,Spain,1820.654,1990.193,1820.6537326457635,1990.1927355654739,0.0002673542364846071,0.0002644345261160197,comparado
20100625_North_Korea_vs_Ivory_Coast,2010-06-25,North Korea,Ivory Coast,1593.651,1758.464,1593.6509204951258,1758.4636493145724,7.950487429297937e-05,0.00035068542752014764,comparado
20100625_Portugal_vs_Brazil,2010-06-25,Portugal,Brazil,1834.91,1986.372,1834.9099764221833,1986.3719465753177,2.3577816818942665e-05,5.342468239177833e-05,comparado
20100625_Switzerland_vs_Honduras,2010-06-25,Switzerland,Honduras,1744.525,1697.486,1744.5253325677181,1697.486011594841,-0.0003325677180328057,-1.1594840998441214e-05,comparado
20100626_Uruguay_vs_South_Korea,2010-06-26,Uruguay,South Korea,1806.209,1779.826,1806.209001999235,1779.8260405589874,-1.999234882532619e-06,-4.055898739352415e-05,comparado
20100626_United_States_vs_Ghana,2010-06-26,United States,Ghana,1807.912,1717.196,1807.91241168727,1717.1963416215676,-0.0004116872698887164,-0.000341621567713446,comparado
20100627_Argentina_vs_Mexico,2010-06-27,Argentina,Mexico,1899.376,1831.884,1899.3762881384228,1831.884003200273,-0.000288138422774864,-3.2002728858060436e-06,comparado
20100627_Germany_vs_England,2010-06-27,Germany,England,1903.064,1894.43,1903.064042055541,1894.4297359697441,-4.205554091640806e-05,0.0002640302559484553,comparado
20100628_Brazil_vs_Chile,2010-06-28,Brazil,Chile,1977.756,1809.158,1977.756158360265,1809.1584530014886,-0.00015836026500437583,-0.0004530014887222933,comparado
20100628_Netherlands_vs_Slovakia,2010-06-28,Netherlands,Slovakia,1976.541,1659.372,1976.5414688421374,1659.3717176772966,-0.0004688421374794416,0.0002823227034696174,comparado
20100629_Paraguay_vs_Japan,2010-06-29,Paraguay,Japan,1755.307,1811.373,1755.3067144473464,1811.3734451069317,0.00028555265362228965,-0.0004451069316928624,comparado
20100629_Spain_vs_Portugal,2010-06-29,Spain,Portugal,2001.688,1843.526,2001.6880152097488,1843.5257646372359,-1.5209748653433053e-05,0.00023536276421509683,comparado
20100702_Netherlands_vs_Brazil,2010-07-02,Netherlands,Brazil,1982.369,1992.616,1982.3686437093725,1992.616003156518,0.0003562906274510169,-3.15651800519845e-06,comparado
20100702_Uruguay_vs_Ghana,2010-07-02,Uruguay,Ghana,1825.617,1743.558,1825.6173984436998,1743.5581840536354,-0.000398443699850759,-0.000184053635393866,comparado
20100703_Argentina_vs_Germany,2010-07-03,Argentina,Germany,1917.466,1931.342,1917.466012043836,1931.341908564534,-1.204383602271264e-05,9.143546617451648e-05,comparado
20100703_Paraguay_vs_Spain,2010-07-03,Paraguay,Spain,1758.666,2013.738,1758.6664346572911,2013.7380973872923,-0.000434657291179974,-9.73872922713781e-05,comparado
20100706_Uruguay_vs_Netherlands,2010-07-06,Uruguay,Netherlands,1820.748,2003.988,1820.7477193015013,2003.987843868913,0.00028069849872736086,0.00015613108712386747,comparado
20100707_Germany_vs_Spain,2010-07-07,Germany,Spain,1963.588,2021.6,1963.5876073207005,2021.600478165548,0.00039267929946618096,-0.0004781655482020142,comparado
20100710_Uruguay_vs_Germany,2010-07-10,Uruguay,Germany,1809.899,1946.062,1809.8990533170345,1946.061843151727,-5.331703459887649e-05,0.00015684827280892932,comparado
20100711_Netherlands_vs_Spain,2010-07-11,Netherlands,Spain,2014.837,2039.126,2014.8365098533798,2039.1262423345215,0.0004901466202227311,-0.00024233452154476254,comparado
20110701_Argentina_vs_Bolivia,2011-07-01,Argentina,Bolivia,1882.836,1535.128,1882.8360123499244,1535.1275901109386,-1.234992441823124e-05,0.0004098890613022377,comparado
20110702_Colombia_vs_Costa_Rica,2011-07-02,Colombia,Costa Rica,1700.174,1678.789,1700.173933751027,1678.7889247401704,6.624897287110798e-05,7.525982960032707e-05,comparado
20110703_Brazil_vs_Venezuela,2011-07-03,Brazil,Venezuela,1967.838,1666.501,1967.8384384689552,1666.5009079621275,-0.00043846895528076857,9.20378724913462e-05,comparado
20110703_Paraguay_vs_Ecuador,2011-07-03,Paraguay,Ecuador,1755.1,1665.901,1755.1002597269724,1665.9005439439957,-0.000259726972444696,0.0004560560043955775,comparado
20110704_Chile_vs_Mexico,2011-07-04,Chile,Mexico,1806.46,1850.724,1806.46038097163,1850.7239154924694,-0.00038097162996564293,8.450753057331895e-05,comparado
20110704_Uruguay_vs_Peru,2011-07-04,Uruguay,Peru,1800.772,1599.083,1800.7716346656375,1599.0832315271198,0.0003653343624137051,-0.00023152711969487427,comparado
20110706_Argentina_vs_Colombia,2011-07-06,Argentina,Colombia,1866.836,1719.883,1866.8356134059934,1719.8829925165087,0.0003865940066134499,7.483491344828508e-06,comparado
20110707_Bolivia_vs_Costa_Rica,2011-07-07,Bolivia,Costa Rica,1551.128,1659.08,1551.1279890548697,1659.0798659746888,1.0945130270556547e-05,0.00013402531112660654,comparado
20110708_Peru_vs_Mexico,2011-07-08,Peru,Mexico,1610.067,1827.063,1610.0669249994585,1827.062882395732,7.500054152842495e-05,0.00011760426809814817,comparado
20110708_Uruguay_vs_Chile,2011-07-08,Uruguay,Chile,1789.788,1830.121,1789.7879411932988,1830.1214140683674,5.8806701190405875e-05,-0.0004140683672630985,comparado
20110709_Brazil_vs_Paraguay,2011-07-09,Brazil,Paraguay,1953.138,1749.824,1953.1382392180324,1749.8241901563222,-0.0002392180324477522,-0.0001901563221053948,comparado
20110709_Venezuela_vs_Ecuador,2011-07-09,Venezuela,Ecuador,1681.201,1671.177,1681.2011072130504,1671.1766135146459,-0.00010721305034167017,0.00038648535405627626,comparado
20110710_Colombia_vs_Bolivia,2011-07-10,Colombia,Bolivia,1728.271,1535.758,1728.2709007341634,1535.7575918115806,9.926583652486443e-05,0.0004081884194420127,comparado
20110711_Argentina_vs_Costa_Rica,2011-07-11,Argentina,Costa Rica,1858.448,1674.45,1858.4477051883387,1674.4502632179779,0.000294811661433414,-0.0002632179778174759,comparado
20110712_Chile_vs_Peru,2011-07-12,Chile,Peru,1827.694,1642.707,1827.6944364109038,1642.707186151843,-0.00043641090383061965,-0.0001861518428540876,comparado
20110712_Uruguay_vs_Mexico,2011-07-12,Uruguay,Mexico,1792.215,1794.423,1792.2149188507624,1794.4226212433475,8.114923753055336e-05,0.0003787566524806607,comparado
20110713_Brazil_vs_Ecuador,2011-07-13,Brazil,Ecuador,1942.083,1650.782,1942.083341827719,1650.7823544899907,-0.00034182771901214437,-0.00035448999074105814,comparado
20110713_Paraguay_vs_Venezuela,2011-07-13,Paraguay,Venezuela,1760.879,1701.595,1760.8790875466354,1701.5953662377055,-8.754663554100262e-05,-0.0003662377055206889,comparado
20110716_Argentina_vs_Uruguay,2011-07-16,Argentina,Uruguay,1872.282,1813.348,1872.2815738325417,1813.348356898578,0.0004261674582721753,-0.00035689857804754865,comparado
20110716_Colombia_vs_Peru,2011-07-16,Colombia,Peru,1738.802,1631.939,1738.8020755873335,1631.9392484065854,-7.558733364021464e-05,-0.00024840658534230897,comparado
20110717_Brazil_vs_Paraguay,2011-07-17,Brazil,Paraguay,1948.501,1757.33,1948.5013734940994,1757.3301858172094,-0.00037349409944908984,-0.0001858172095126065,comparado
20110717_Chile_vs_Venezuela,2011-07-17,Chile,Venezuela,1838.462,1705.144,1838.4623741561613,1705.1442679671316,-0.00037415616134239826,-0.000267967131549085,comparado
20110719_Peru_vs_Uruguay,2011-07-19,Peru,Uruguay,1660.503,1816.877,1660.5030743006048,1816.8766746844337,-7.430060486512957e-05,0.0003253155662150675,comparado
20110720_Paraguay_vs_Venezuela,2011-07-20,Paraguay,Venezuela,1767.845,1733.829,1767.8448070618206,1733.8288823044857,0.00019293817945253977,0.00011769551429097191,comparado
20110723_Peru_vs_Venezuela,2011-07-23,Peru,Venezuela,1648.052,1735.878,1648.0522827304064,1735.8783577849256,-0.00028273040652493364,-0.0003577849256544141,comparado
20110724_Uruguay_vs_Paraguay,2011-07-24,Uruguay,Paraguay,1829.327,1765.795,1829.327466254632,1765.7953315813807,-0.00046625463210148155,-0.00033158138057842734,comparado
20120608_Poland_vs_Greece,2012-06-08,Poland,Greece,1688.541,1750.551,1688.5410850690857,1750.5511811595977,-8.506908579875017e-05,-0.00018115959778697288,comparado
20120608_Russia_vs_Czech_Republic,2012-06-08,Russia,Czech Republic,1775.636,1746.739,1775.6361938710313,1746.7386787770665,-0.00019387103134249628,0.00032122293350766995,comparado
20120609_Germany_vs_Portugal,2012-06-09,Germany,Portugal,1966.387,1818.103,1966.3866753340633,1818.1025839463198,0.000324665936659585,0.0004160536802828574,comparado
20120609_Netherlands_vs_Denmark,2012-06-09,Netherlands,Denmark,1968.117,1777.385,1968.11719918214,1777.3850295111981,-0.00019918214002245804,-2.9511198135878658e-05,comparado
20120610_Republic_of_Ireland_vs_Croatia,2012-06-10,Republic of Ireland,Croatia,1760.68,1815.133,1760.6799581496352,1815.1329475021575,4.185036482340365e-05,5.249784248917422e-05,comparado
20120610_Spain_vs_Italy,2012-06-10,Spain,Italy,2041.34,1829.55,2041.3401381064723,1829.5497377108213,-0.00013810647237733065,0.0002622891786359105,comparado
20120611_France_vs_England,2012-06-11,France,England,1811.08,1884.359,1811.080492672316,1884.359186167942,-0.000492672316113385,-0.00018616794204717735,comparado
20120611_Ukraine_vs_Sweden,2012-06-11,Ukraine,Sweden,1728.522,1797.966,1728.5219953566475,1797.9655536144091,4.643352440325543e-06,0.00044638559074883233,comparado
20120612_Greece_vs_Czech_Republic,2012-06-12,Greece,Czech Republic,1746.842,1720.388,1746.8424111352736,1720.3884147737879,-0.0004111352734526008,-0.00041477378795207187,comparado
20120612_Poland_vs_Russia,2012-06-12,Poland,Russia,1692.25,1801.986,1692.24985509341,1801.98645787431,0.00014490659009425144,-0.0004578743098591076,comparado
20120613_Denmark_vs_Portugal,2012-06-13,Denmark,Portugal,1808.88,1805.558,1808.8797550395552,1805.5580269240022,0.00024496044488842017,-2.6924002213490894e-05,comparado
20120613_Netherlands_vs_Germany,2012-06-13,Netherlands,Germany,1936.622,1978.931,1936.622473653783,1978.9312323563809,-0.0004736537828193832,-0.00023235638082041987,comparado
20120614_Italy_vs_Croatia,2012-06-14,Italy,Croatia,1840.97,1834.147,1840.9702229716663,1834.1466524332602,-0.0002229716662895953,0.00034756673971969576,comparado
20120614_Spain_vs_Republic_of_Ireland,2012-06-14,Spain,Republic of Ireland,2029.92,1741.666,2029.9196528456273,1741.6662532185326,0.00034715437277554884,-0.00025321853263449157,comparado
20120615_Sweden_vs_England,2012-06-15,Sweden,England,1772.823,1879.995,1772.823202206645,1879.994540738707,-0.00020220664487169415,0.0004592612929172901,comparado
20120615_Ukraine_vs_France,2012-06-15,Ukraine,France,1753.664,1815.445,1753.6643467644117,1815.445138101551,-0.00034676441168812744,-0.00013810155110149935,comparado
20120616_Greece_vs_Russia,2012-06-16,Greece,Russia,1724.247,1795.566,1724.2465387553657,1795.565765716248,0.00046124463437990926,0.0002342837519790919,comparado
20120616_Poland_vs_Czech_Republic,2012-06-16,Poland,Czech Republic,1698.671,1742.984,1698.6705472514718,1742.9842871536957,0.0004527485282324051,-0.0002871536958082288,comparado
20120617_Denmark_vs_Germany,2012-06-17,Denmark,Germany,1787.679,1997.387,1787.6789864136401,1997.3865360521083,1.3586359955297667e-05,0.0004639478916033113,comparado
20120617_Portugal_vs_Netherlands,2012-06-17,Portugal,Netherlands,1826.759,1918.167,1826.7587955499173,1918.1671699580554,0.0002044500827196316,-0.0001699580554941349,comparado
20120618_Croatia_vs_Spain,2012-06-18,Croatia,Spain,1834.559,2039.473,1834.5590355226575,2039.473388404347,-3.552265752659878e-05,-0.00038840434694975556,comparado
20120618_Italy_vs_Republic_of_Ireland,2012-06-18,Italy,Republic of Ireland,1840.558,1732.113,1840.557839882269,1732.112517659813,0.00016011773095669923,0.00048234018709081283,comparado
20120619_Sweden_vs_France,2012-06-19,Sweden,France,1758.103,1833.937,1758.1030214706757,1833.9369586245293,-2.1470675619639223e-05,4.137547057325719e-05,comparado
20120619_Ukraine_vs_England,2012-06-19,Ukraine,England,1735.173,1894.715,1735.1725262414334,1894.7147214746763,0.00047375856661346916,0.0002785253236652352,comparado
20120621_Czech_Republic_vs_Portugal,2012-06-21,Czech Republic,Portugal,1761.32,1853.16,1761.3202682804824,1853.1597349730441,-0.00026828048248717096,0.000265026955958092,comparado
20120622_Germany_vs_Greece,2012-06-22,Germany,Greece,2007.055,1749.498,2007.054999690218,1749.4977327808026,3.097820808761753e-07,0.00026721919743977196,comparado
20120623_Spain_vs_France,2012-06-23,Spain,France,2049.349,1806.843,2049.348738852282,1806.8428832483328,0.0002611477179925714,0.000116751667292192,comparado
20120624_England_vs_Italy,2012-06-24,England,Italy,1906.697,1855.897,1906.6966613314562,1855.8965674381982,0.000338668543690801,0.00043256180174466863,comparado
20120627_Portugal_vs_Spain,2012-06-27,Portugal,Spain,1868.734,2057.597,1868.7344703906729,2057.5966474109555,-0.00047039067294463166,0.00035258904472357244,comparado
20120628_Germany_vs_Italy,2012-06-28,Germany,Italy,2014.698,1858.945,2014.6979329132591,1858.94537476807,6.708674095534661e-05,-0.0003747680700598721,comparado
20120701_Spain_vs_Italy,2012-07-01,Spain,Italy,2047.187,1888.776,2047.1869489235826,1888.7757473463187,5.1076417321382905e-05,0.0002526536814002611,comparado
20140612_Brazil_vs_Croatia,2014-06-12,Brazil,Croatia,2014.633,1779.389,2014.6325749345483,1779.3888109976385,0.0004250654517363728,0.00018900236136687454,comparado
20140613_Chile_vs_Australia,2014-06-13,Chile,Australia,1829.101,1770.73,1829.1009345464179,1770.729993190469,6.54535822377511e-05,6.809530987084145e-06,comparado
20140613_Mexico_vs_Cameroon,2014-06-13,Mexico,Cameroon,1800.808,1697.346,1800.8075167783982,1697.346339062423,0.00048322160182578955,-0.0003390624231087713,comparado
20140613_Spain_vs_Netherlands,2014-06-13,Spain,Netherlands,2041.441,1916.356,2041.440611736521,1916.3562467035335,0.00038826347895337676,-0.00024670353354849794,comparado
20140614_Colombia_vs_Greece,2014-06-14,Colombia,Greece,1817.668,1779.021,1817.6683256721753,1779.0205803318704,-0.0003256721754496539,0.00041966812955251953,comparado
20140614_England_vs_Italy,2014-06-14,England,Italy,1884.035,1851.202,1884.0351701773186,1851.2023307362724,-0.0001701773185232014,-0.00033073627241719805,comparado
20140614_Ivory_Coast_vs_Japan,2014-06-14,Ivory Coast,Japan,1804.777,1815.813,1804.7769414260151,1815.812740432883,5.857398491571075e-05,0.00025956711715480196,comparado
20140614_Uruguay_vs_Costa_Rica,2014-06-14,Uruguay,Costa Rica,1839.541,1720.718,1839.541403047607,1720.7176426298563,-0.0004030476070511213,0.0003573701437744603,comparado
20140615_Argentina_vs_Bosnia_and_Herzegovina,2014-06-15,Argentina,Bosnia and Herzegovina,1909.957,1714.812,1909.9567254247802,1714.8115991215504,0.00027457521991891554,0.00040087844945446705,comparado
20140615_France_vs_Honduras,2014-06-15,France,Honduras,1836.357,1708.972,1836.3569130080987,1708.9716530125063,8.699190129846102e-05,0.0003469874936854467,comparado
20140615_Switzerland_vs_Ecuador,2014-06-15,Switzerland,Ecuador,1780.37,1754.756,1780.3698384427578,1754.7560973505613,0.00016155724210875633,-9.735056119097862e-05,comparado
20140616_Germany_vs_Portugal,2014-06-16,Germany,Portugal,1990.922,1883.833,1990.922177951804,1883.8334053755868,-0.0001779518040621042,-0.0004053755867516884,comparado
20140616_Ghana_vs_United_States,2014-06-16,Ghana,United States,1758.037,1853.105,1758.0371609381295,1853.1053306417652,-0.0001609381295111234,-0.0003306417652311211,comparado
20140616_Iran_vs_Nigeria,2014-06-16,Iran,Nigeria,1789.336,1732.907,1789.3358328010133,1732.907426121103,0.00016719898667361122,-0.0004261211031462153,comparado
20140617_Belgium_vs_Algeria,2014-06-17,Belgium,Algeria,1754.408,1671.301,1754.4083116435534,1671.3014485568895,-0.000311643553459362,-0.00044855688952338824,comparado
20140617_Brazil_vs_Mexico,2014-06-17,Brazil,Mexico,2023.186,1815.733,2023.185769753676,1815.732542946669,0.00023024632400847622,0.0004570533310470637,comparado
20140617_Russia_vs_South_Korea,2014-06-17,Russia,South Korea,1783.964,1738.264,1783.9639445422097,1738.264450516197,5.545779026761011e-05,-0.00045051619713376567,comparado
20140618_Australia_vs_Netherlands,2014-06-18,Australia,Netherlands,1751.996,1959.377,1751.9961466479856,1959.3767076847726,-0.0001466479855025682,0.00029231522739792126,comparado
20140618_Cameroon_vs_Croatia,2014-06-18,Cameroon,Croatia,1682.421,1770.836,1682.4213128941524,1770.835616178511,-0.00031289415233004547,0.0003838214890947711,comparado
20140618_Spain_vs_Chile,2014-06-18,Spain,Chile,1998.42,1847.835,1998.420150755282,1847.8347810889013,-0.00015075528199304244,0.00021891109872740344,comparado
20140619_Colombia_vs_Ivory_Coast,2014-06-19,Colombia,Ivory Coast,1843.109,1826.444,1843.1085300395102,1826.443752426873,0.00046996048968139803,0.0002475731268987147,comparado
20140619_Japan_vs_Greece,2014-06-19,Japan,Greece,1794.146,1753.58,1794.145929432025,1753.5803759645355,7.056797494442435e-05,-0.0003759645355785324,comparado
20140619_Uruguay_vs_England,2014-06-19,Uruguay,England,1810.446,1861.057,1810.4456331305976,1861.0565459320128,0.0003668694023417629,0.0004540679872206965,comparado
20140620_Honduras_vs_Ecuador,2014-06-20,Honduras,Ecuador,1691.113,1735.301,1691.1134240564857,1735.3014664178386,-0.00042405648559906695,-0.00046641783865197795,comparado
20140620_Italy_vs_Costa_Rica,2014-06-20,Italy,Costa Rica,1874.181,1749.813,1874.1809549815782,1749.8134125468657,4.501842181525717e-05,-0.0004125468656184239,comparado
20140620_Switzerland_vs_France,2014-06-20,Switzerland,France,1799.824,1854.215,1799.8244693754805,1854.2151419641193,-0.0004693754804065975,-0.0001419641193933785,comparado
20140621_Argentina_vs_Iran,2014-06-21,Argentina,Iran,1920.263,1785.955,1920.263156995003,1785.9548149547243,-0.00015699500318078208,0.00018504527565710305,comparado
20140621_Germany_vs_Ghana,2014-06-21,Germany,Ghana,2013.521,1742.644,2013.52068788802,1742.644111181341,0.0003121119800653105,-0.0001111813410261675,comparado
20140621_Nigeria_vs_Bosnia_and_Herzegovina,2014-06-21,Nigeria,Bosnia and Herzegovina,1736.288,1704.505,1736.2884439673921,1704.5051675513275,-0.00044396739212970715,-0.00016755132742218848,comparado
20140622_Belgium_vs_Russia,2014-06-22,Belgium,Russia,1770.479,1781.218,1770.4787567122685,1781.2175567712857,0.00024328773156412353,0.0004432287144027214,comparado
20140622_South_Korea_vs_Algeria,2014-06-22,South Korea,Algeria,1741.011,1655.231,1741.010838287121,1655.2310034881743,0.00016171287893484987,-3.488174343146966e-06,comparado
20140622_United_States_vs_Portugal,2014-06-22,United States,Portugal,1868.498,1861.235,1868.4983803985538,1861.234895439371,-0.000380398553716077,0.00010456062886987638,comparado
20140623_Australia_vs_Spain,2014-06-23,Australia,Spain,1742.228,1968.014,1742.227625349374,1968.013606895881,0.0003746506260995375,0.0003931041189844109,comparado
20140623_Brazil_vs_Cameroon,2014-06-23,Brazil,Cameroon,2011.951,1658.024,2011.951155624791,1658.0235079930335,-0.00015562479097752657,0.0004920069663967297,comparado
20140623_Croatia_vs_Mexico,2014-06-23,Croatia,Mexico,1795.233,1826.967,1795.2334210796298,1826.9671570755538,-0.00042107962985937775,-0.00015707555371591297,comparado
20140623_Netherlands_vs_Chile,2014-06-23,Netherlands,Chile,1969.145,1878.241,1969.1452289833842,1878.2413249483025,-0.0002289833842041844,-0.00032494830247742357,comparado
20140624_Costa_Rica_vs_England,2014-06-24,Costa Rica,England,1778.025,1837.019,1778.02511943857,1837.0189331169752,-0.00011943856998186675,6.688302482871222e-05,comparado
20140624_Greece_vs_Ivory_Coast,2014-06-24,Greece,Ivory Coast,1756.021,1806.45,1756.0211928060626,1806.450247479499,-0.00019280606261418143,-0.0002474794989666407,comparado
20140624_Italy_vs_Uruguay,2014-06-24,Italy,Uruguay,1845.969,1834.483,1845.9692480898739,1834.4832459456352,-0.0002480898738213,-0.00024594563524260593,comparado
20140624_Japan_vs_Colombia,2014-06-24,Japan,Colombia,1791.705,1863.102,1791.705112590498,1863.1020349868843,-0.0001125904980199266,-3.4986884202226065e-05,comparado
20140625_Bosnia_and_Herzegovina_vs_Iran,2014-06-25,Bosnia and Herzegovina,Iran,1685.421,1772.691,1685.4208986698563,1772.6912130934033,0.00010133014370694582,-0.00021309340331754356,comparado
20140625_Ecuador_vs_France,2014-06-25,Ecuador,France,1753.645,1878.213,1753.644923139511,1878.2134021444401,7.686048888899677e-05,-0.00040214444015873596,comparado
20140625_Honduras_vs_Switzerland,2014-06-25,Honduras,Switzerland,1672.77,1775.826,1672.7699673348131,1775.8262091951597,3.266518683631148e-05,-0.00020919515964124002,comparado
20140625_Nigeria_vs_Argentina,2014-06-25,Nigeria,Argentina,1755.373,1933.527,1755.3727128488633,1933.526758856324,0.0002871511367175117,0.0002411436760212382,comparado
20140626_Algeria_vs_Russia,2014-06-26,Algeria,Russia,1682.81,1759.569,1682.8096256269578,1759.5686796187708,0.00037437304217746714,0.00032038122913036204,comparado
20140626_South_Korea_vs_Belgium,2014-06-26,South Korea,Belgium,1713.432,1792.128,1713.4322161483376,1792.1276338647833,-0.00021614833758576424,0.0003661352166091092,comparado
20140626_Portugal_vs_Ghana,2014-06-26,Portugal,Ghana,1861.674,1756.347,1861.6738572852764,1756.346677579781,0.0001427147235517623,0.00032242021893580386,comparado
20140626_United_States_vs_Germany,2014-06-26,United States,Germany,1868.059,1999.818,1868.0594185526484,1999.8181214895799,-0.0004185526483979629,-0.00012148957989666087,comparado
20140628_Brazil_vs_Chile,2014-06-28,Brazil,Chile,2017.736,1861.754,2017.7358274485177,1861.7539678115606,0.0001725514823647245,3.218843926333648e-05,comparado
20140628_Colombia_vs_Uruguay,2014-06-28,Colombia,Uruguay,1885.585,1856.177,1885.5849265447325,1856.1772399414701,7.345526751123543e-05,-0.0002399414702267677,comparado
20140629_Costa_Rica_vs_Greece,2014-06-29,Costa Rica,Greece,1781.557,1780.048,1781.5569963675666,1780.0480427694156,3.632433390521328e-06,-4.276941558600811e-05,comparado
20140629_Netherlands_vs_Mexico,2014-06-29,Netherlands,Mexico,1985.633,1847.638,1985.632586120126,1847.6384600320446,0.0004138798740314087,-0.00046003204465705494,comparado
20140630_France_vs_Nigeria,2014-06-30,France,Nigeria,1870.991,1744.287,1870.9909845253285,1744.2868027841755,1.5474671499760007e-05,0.00019721582452802977,comparado
20140630_Germany_vs_Algeria,2014-06-30,Germany,Algeria,2013.215,1687.375,2013.215274247729,1687.375121936885,-0.00027424772906670114,-0.0001219368850797764,comparado
20140701_Argentina_vs_Switzerland,2014-07-01,Argentina,Switzerland,1944.613,1795.621,1944.6126689210118,1795.6205490048678,0.0003310789882107201,0.0004509951322688721,comparado
20140701_Belgium_vs_United_States,2014-07-01,Belgium,United States,1808.451,1854.662,1808.4507661299995,1854.6622657944993,0.0002338700005566352,-0.00026579449922792264,comparado
20140704_Brazil_vs_Colombia,2014-07-04,Brazil,Colombia,2008.894,1906.429,2008.8940489934773,1906.429042192122,-4.899347732134629e-05,-4.219212200951006e-05,comparado
20140704_France_vs_Germany,2014-07-04,France,Germany,1885.185,2018.796,1885.1849575545048,2018.7964482317145,4.24454951826192e-05,-0.00044823171447205823,comparado
20140705_Argentina_vs_Belgium,2014-07-05,Argentina,Belgium,1957.121,1832.228,1957.1213980521168,1832.227565798545,-0.000398052116679537,0.0004342014551639295,comparado
20140705_Netherlands_vs_Costa_Rica,2014-07-05,Netherlands,Costa Rica,1998.704,1781.466,1998.7044006665221,1781.4657914719173,-0.0004006665221822914,0.00020852808256677235,comparado
20140708_Brazil_vs_Germany,2014-07-08,Brazil,Germany,2023.874,2032.096,2023.874293405628,2032.0964802301457,-0.00029340562787183444,-0.0004802301457402791,comparado
20140709_Netherlands_vs_Argentina,2014-07-09,Netherlands,Argentina,1987.054,1970.882,1987.053983130138,1970.881646831447,1.6869862065505004e-05,0.000353168553147043,comparado
20140712_Brazil_vs_Netherlands,2014-07-12,Brazil,Netherlands,1984.126,1986.077,1984.1256185809038,1986.077186262898,0.0003814190961293207,-0.00018626289806888963,comparado
20140713_Germany_vs_Argentina,2014-07-13,Germany,Argentina,2071.845,1971.858,2071.84515505487,1971.8584436986869,-0.00015505486999245477,-0.0004436986869222892,comparado
20150611_Chile_vs_Ecuador,2015-06-11,Chile,Ecuador,1861.677,1764.477,1861.6773900247495,1764.477164168438,-0.00039002474954941135,-0.00016416843800470815,comparado
20150612_Mexico_vs_Bolivia,2015-06-12,Mexico,Bolivia,1827.86,1567.003,1827.8598455302813,1567.0034038494314,0.00015446971860910708,-0.0004038494314499985,comparado
20150613_Argentina_vs_Paraguay,2015-06-13,Argentina,Paraguay,1955.44,1675.852,1955.4403304708133,1675.8515570050304,-0.00033047081319637073,0.00044299496971689223,comparado
20150613_Uruguay_vs_Jamaica,2015-06-13,Uruguay,Jamaica,1860.25,1611.572,1860.2504114194705,1611.571541467823,-0.0004114194705380214,0.00045853217693547776,comparado
20150614_Brazil_vs_Peru,2015-06-14,Brazil,Peru,1994.162,1664.523,1994.1621401088219,1664.5231350964052,-0.0001401088218244695,-0.00013509640530173783,comparado
20150614_Colombia_vs_Venezuela,2015-06-14,Colombia,Venezuela,1902.932,1682.61,1902.931733464578,1682.6099571173795,0.00026653542204257974,4.2882620391537785e-05,comparado
20150615_Chile_vs_Mexico,2015-06-15,Chile,Mexico,1877.747,1814.512,1877.7471256806298,1814.5116349935188,-0.00012568062970785832,0.00036500648116088996,comparado
20150615_Ecuador_vs_Bolivia,2015-06-15,Ecuador,Bolivia,1748.407,1580.352,1748.4074285125578,1580.351614386194,-0.0004285125578462612,0.0003856138062019454,comparado
20150616_Argentina_vs_Uruguay,2015-06-16,Argentina,Uruguay,1941.44,1868.351,1941.4403045566014,1868.3506749341693,-0.00030455660134975915,0.0003250658307933918,comparado
20150616_Paraguay_vs_Jamaica,2015-06-16,Paraguay,Jamaica,1689.852,1603.471,1689.8515829192422,1603.4712779531242,0.00041708075787028065,-0.00027795312416856177,comparado
20150617_Brazil_vs_Colombia,2015-06-17,Brazil,Colombia,1999.638,1870.153,1999.638330706336,1870.1529528187032,-0.0003307063361717155,4.718129684988526e-05,comparado
20150618_Peru_vs_Venezuela,2015-06-18,Peru,Venezuela,1659.047,1715.389,1659.046944498891,1715.3887377632543,5.55011090455082e-05,0.00026223674558423227,comparado
20150619_Chile_vs_Bolivia,2015-06-19,Chile,Bolivia,1873.967,1610.785,1873.9666444301322,1610.78491361075,0.00035556986790652445,8.638925010018284e-05,comparado
20150619_Mexico_vs_Ecuador,2015-06-19,Mexico,Ecuador,1818.292,1717.974,1818.2921162440164,1717.9741292880017,-0.0001162440164534928,-0.00012928800174449862,comparado
20150620_Argentina_vs_Jamaica,2015-06-20,Argentina,Jamaica,1958.087,1587.587,1958.0865942811276,1587.5873684869684,0.0004057188723436411,-0.00036848696845481754,comparado
20150620_Uruguay_vs_Paraguay,2015-06-20,Uruguay,Paraguay,1851.704,1705.735,1851.704385209643,1705.735492385398,-0.00038520964312738215,-0.0004923853980471904,comparado
20150621_Brazil_vs_Venezuela,2015-06-21,Brazil,Venezuela,1971.155,1691.013,1971.1551612439655,1691.0128195819007,-0.00016124396552186226,0.00018041809926216956,comparado
20150621_Colombia_vs_Peru,2015-06-21,Colombia,Peru,1898.636,1683.423,1898.6361222810738,1683.4228626802446,-0.000122281073799968,0.0001373197553675709,comparado
20150624_Chile_vs_Uruguay,2015-06-24,Chile,Uruguay,1886.078,1843.367,1886.078453831492,1843.3665066504639,-0.00045383149199551553,0.0004933495361001405,comparado
20150625_Bolivia_vs_Peru,2015-06-25,Bolivia,Peru,1598.673,1694.988,1598.6731042093902,1694.9882664546706,-0.00010420939020150399,-0.00026645467050911975,comparado
20150626_Argentina_vs_Colombia,2015-06-26,Argentina,Colombia,1962.537,1887.071,1962.53661137417,1887.0707185066478,0.0003886258300553891,0.00028149335207672266,comparado
20150627_Brazil_vs_Paraguay,2015-06-27,Brazil,Paraguay,1978.137,1714.073,1978.1365666551328,1714.0733709445772,0.00043334486713320075,-0.00037094457707098627,comparado
20150629_Chile_vs_Peru,2015-06-29,Chile,Peru,1904.51,1711.116,1904.5097488878744,1711.116351180243,0.00025111212562478613,-0.00035118024311486806,comparado
20150630_Argentina_vs_Paraguay,2015-06-30,Argentina,Paraguay,1958.046,1727.536,1958.0456430575202,1727.5364197103502,0.0003569424798115506,-0.00041971035011556523,comparado
20150703_Peru_vs_Paraguay,2015-07-03,Peru,Paraguay,1700.731,1713.254,1700.7312937428228,1713.2543877357464,-0.0002937428228051431,-0.0003877357464716624,comparado
20150704_Chile_vs_Argentina,2015-07-04,Chile,Argentina,1914.895,1972.328,1914.8948063252947,1972.327675032124,0.00019367470531506115,0.0003249678759402741,comparado
20160603_United_States_vs_Colombia,2016-06-03,United States,Colombia,1807.112,1881.793,1807.1121756197733,1881.7930066118784,-0.00017561977324476175,-6.611878461626475e-06,comparado
20160604_Brazil_vs_Ecuador,2016-06-04,Brazil,Ecuador,1951.488,1789.512,1951.4876036268956,1789.5116209709622,0.00039637310442230955,0.0003790290377310157,comparado
20160604_Costa_Rica_vs_Paraguay,2016-06-04,Costa Rica,Paraguay,1782.727,1715.445,1782.7271234872596,1715.4447522982725,-0.00012348725954325346,0.0002477017274031823,comparado
20160604_Haiti_vs_Peru,2016-06-04,Haiti,Peru,1569.881,1714.491,1569.8812036269003,1714.4908867666543,-0.0002036269002019253,0.00011323334570079169,comparado
20160605_Jamaica_vs_Venezuela,2016-06-05,Jamaica,Venezuela,1603.149,1619.414,1603.1492159120924,1619.4138419455546,-0.00021591209247162624,0.0001580544453645416,comparado
20160605_Mexico_vs_Uruguay,2016-06-05,Mexico,Uruguay,1849.318,1877.753,1849.318000793433,1877.7528281368932,-7.934329460113076e-07,0.00017186310674333072,comparado
20160606_Argentina_vs_Chile,2016-06-06,Argentina,Chile,1965.567,1909.76,1965.566673635676,1909.7595767478906,0.00032636432410981797,0.00042325210938543023,comparado
20160606_Panama_vs_Bolivia,2016-06-06,Panama,Bolivia,1702.083,1569.143,1702.0825107039886,1569.1432798063693,0.0004892960114375455,-0.00027980636923530255,comparado
20160607_Colombia_vs_Paraguay,2016-06-07,Colombia,Paraguay,1899.383,1719.461,1899.3827052176127,1719.4614054490464,0.00029478238730007433,-0.0004054490464113769,comparado
20160607_United_States_vs_Costa_Rica,2016-06-07,United States,Costa Rica,1789.522,1778.71,1789.522477014039,1778.7104703364857,-0.00047701403900646255,-0.0004703364857050474,comparado
20160608_Brazil_vs_Haiti,2016-06-08,Brazil,Haiti,1942.35,1557.15,1942.3499280398826,1557.149771382736,7.196011733867635e-05,0.00022861726415612793,comparado
20160608_Ecuador_vs_Peru,2016-06-08,Ecuador,Peru,1798.649,1727.222,1798.6492965579753,1727.2223190108186,-0.0002965579753890779,-0.00031901081865726155,comparado
20160609_Mexico_vs_Jamaica,2016-06-09,Mexico,Jamaica,1873.954,1583.132,1873.9543963654883,1583.1315788969084,-0.0003963654883136769,0.00042110309163945203,comparado
20160609_Uruguay_vs_Venezuela,2016-06-09,Uruguay,Venezuela,1853.116,1639.431,1853.1164325648379,1639.4314789607386,-0.0004325648378653568,-0.000478960738519163,comparado
20160610_Argentina_vs_Panama,2016-06-10,Argentina,Panama,1983.222,1715.418,1983.2222465845657,1715.417738054889,-0.0002465845657297905,0.00026194511087851424,comparado
20160610_Chile_vs_Bolivia,2016-06-10,Chile,Bolivia,1892.104,1555.808,1892.1040037990008,1555.808052455469,-3.799000751314452e-06,-5.245546890364494e-05,comparado
20160610_France_vs_Romania,2016-06-10,France,Romania,1897.437,1720.078,1897.4372650039832,1720.0779997406992,-0.0002650039832587936,2.593008048279444e-07,comparado
20160611_Albania_vs_Switzerland,2016-06-11,Albania,Switzerland,1586.971,1749.209,1586.9705618723237,1749.209316821816,0.0004381276762615016,-0.0003168218158862146,comparado
20160611_Colombia_vs_Costa_Rica,2016-06-11,Colombia,Costa Rica,1910.386,1746.124,1910.385804334992,1746.1238647415744,0.00019566500805012765,0.00013525842564376944,comparado
20160611_England_vs_Russia,2016-06-11,England,Russia,1903.041,1739.337,1903.041250198816,1739.336681578675,-0.0002501988160474866,0.00031842132489146024,comparado
20160611_United_States_vs_Paraguay,2016-06-11,United States,Paraguay,1822.109,1708.458,1822.1090826089503,1708.4583063316672,-8.260895037892624e-05,-0.00030633166716143023,comparado
20160611_Wales_vs_Slovakia,2016-06-11,Wales,Slovakia,1620.394,1694.198,1620.3937648366716,1694.1975950224685,0.00023516332839790266,0.00040497753161616856,comparado
20160612_Brazil_vs_Peru,2016-06-12,Brazil,Peru,1949.18,1731.48,1949.1797688620193,1731.4797584978237,0.00023113798079066328,0.00024150217632268323,comparado
20160612_Ecuador_vs_Haiti,2016-06-12,Ecuador,Haiti,1794.392,1550.32,1794.3918570709702,1550.3199305605992,0.00014292902983470412,6.943940070414101e-05,comparado
20160612_Germany_vs_Ukraine,2016-06-12,Germany,Ukraine,2002.374,1772.834,2002.3735184763639,1772.8338732927862,0.0004815236361537245,0.00012670721389440587,comparado
20160612_Poland_vs_Northern_Ireland,2016-06-12,Poland,Northern Ireland,1754.222,1572.512,1754.2218688556925,1572.5118896629672,0.00013114430748828454,0.00011033703276552842,comparado
20160612_Turkey_vs_Croatia,2016-06-12,Turkey,Croatia,1755.123,1792.61,1755.1228163383762,1792.610359493831,0.00018366162385063944,-0.0003594938311834994,comparado
20160613_Belgium_vs_Italy,2016-06-13,Belgium,Italy,1832.83,1840.569,1832.8300597382315,1840.569092274072,-5.973823158456071e-05,-9.227407213074912e-05,comparado
20160613_Republic_of_Ireland_vs_Sweden,2016-06-13,Republic of Ireland,Sweden,1753.059,1734.776,1753.0592703074367,1734.7763322852259,-0.00027030743672185054,-0.0003322852257952036,comparado
20160613_Mexico_vs_Venezuela,2016-06-13,Mexico,Venezuela,1880.389,1671.932,1880.3885604716247,1671.9323697571579,0.0004395283751819079,-0.0003697571578413772,comparado
20160613_Spain_vs_Czech_Republic,2016-06-13,Spain,Czech Republic,1963.534,1728.67,1963.5338969911409,1728.6697841004934,0.0001030088592415268,0.00021589950665656943,comparado
20160613_Uruguay_vs_Jamaica,2016-06-13,Uruguay,Jamaica,1820.616,1576.697,1820.6155417684186,1576.697414790772,0.0004582315814332105,-0.00041479077208350645,comparado
20160614_Argentina_vs_Bolivia,2016-06-14,Argentina,Bolivia,1995.05,1550.512,1995.0498772431324,1550.5117802589657,0.00012275686754037451,0.0002197410342432704,comparado
20160614_Austria_vs_Hungary,2016-06-14,Austria,Hungary,1728.861,1671.033,1728.8614575982303,1671.0329610321178,-0.000457598230241274,3.8967882119322894e-05,comparado
20160614_Chile_vs_Panama,2016-06-14,Chile,Panama,1897.4,1703.59,1897.400275995504,1703.5901073963223,-0.0002759955038982298,-0.00010739632239165076,comparado
20160614_Portugal_vs_Iceland,2016-06-14,Portugal,Iceland,1873.284,1599.173,1873.283853860231,1599.1729434244926,0.00014613976918553817,5.6575507414891035e-05,comparado
20160615_France_vs_Albania,2016-06-15,France,Albania,1908.561,1575.121,1908.560547390077,1575.1211087632794,0.0004526099228314706,-0.00010876327928599494,comparado
20160615_Romania_vs_Switzerland,2016-06-15,Romania,Switzerland,1708.955,1761.059,1708.9547173546052,1761.0587699308603,0.0002826453946909169,0.00023006913966128195,comparado
20160615_Russia_vs_Slovakia,2016-06-15,Russia,Slovakia,1748.559,1668.803,1748.5588722417428,1668.8025895149276,0.0001277582571219682,0.0004104850725070719,comparado
20160616_England_vs_Wales,2016-06-16,England,Wales,1893.819,1645.789,1893.8190595357482,1645.7887703442125,-5.953574827799457e-05,0.00022965578750699933,comparado
20160616_Germany_vs_Poland,2016-06-16,Germany,Poland,2011.173,1765.142,2011.17270702705,1765.1415604292433,0.0002929729500920075,0.0004395707567255158,comparado
20160616_Ukraine_vs_Northern_Ireland,2016-06-16,Ukraine,Northern Ireland,1764.035,1561.592,1764.0346847421001,1561.5921980894163,0.00031525789995612286,-0.00019808941624432919,comparado
20160616_United_States_vs_Ecuador,2016-06-16,United States,Ecuador,1836.475,1806.38,1836.4746680107683,1806.3800645924198,0.0003319892316540063,-6.459241967604612e-05,comparado
20160617_Czech_Republic_vs_Croatia,2016-06-17,Czech Republic,Croatia,1720.037,1811.353,1720.036860879128,1811.3532574452347,0.00013912087206335855,-0.0002574452346379985,comparado
20160617_Italy_vs_Sweden,2016-06-17,Italy,Sweden,1863.047,1735.88,1863.0470665496944,1735.8803864227552,-6.654969433839142e-05,-0.00038642275512756896,comparado
20160617_Peru_vs_Colombia,2016-06-17,Peru,Colombia,1764.149,1880.136,1764.149466643518,1880.1364408346717,-0.00046664351816616545,-0.0004408346717355016,comparado
20160617_Spain_vs_Turkey,2016-06-17,Spain,Turkey,1972.167,1736.38,1972.1668202125063,1736.3799183869726,0.000179787493607364,8.16130275325122e-05,comparado
20160618_Argentina_vs_Venezuela,2016-06-18,Argentina,Venezuela,1998.529,1683.21,1998.5289345195265,1683.2101887060412,6.54804734949721e-05,-0.00018870604117182666,comparado
20160618_Belgium_vs_Republic_of_Ireland,2016-06-18,Belgium,Republic of Ireland,1810.352,1751.955,1810.3520854626092,1751.9552161699073,-8.546260914954473e-05,-0.00021616990738948516,comparado
20160618_Iceland_vs_Hungary,2016-06-18,Iceland,Hungary,1612.987,1697.22,1612.987088312164,1697.2203937852119,-8.831216382532148e-05,-0.00039378521182698023,comparado
20160618_Mexico_vs_Chile,2016-06-18,Mexico,Chile,1869.111,1907.867,1869.1107415227414,1907.866783745372,0.00025847725873973104,0.00021625462795782369,comparado
20160618_Portugal_vs_Austria,2016-06-18,Portugal,Austria,1859.47,1702.674,1859.4697089725596,1702.6740248451363,0.0002910274404257507,-2.484513629497087e-05,comparado
20160619_France_vs_Switzerland,2016-06-19,France,Switzerland,1913.686,1757.933,1913.6863415339287,1757.9328512206678,-0.00034153392880398314,0.0001487793322212383,comparado
20160619_Romania_vs_Albania,2016-06-19,Romania,Albania,1712.081,1569.995,1712.0806360647978,1569.9953146194277,0.00036393520213096053,-0.000314619427854268,comparado
20160620_Russia_vs_Wales,2016-06-20,Russia,Wales,1722.821,1637.664,1722.8211047584693,1637.6640689383714,-0.00010475846943336364,-6.893837144161807e-05,comparado
20160620_Slovakia_vs_England,2016-06-20,Slovakia,England,1694.54,1901.944,1694.540356998201,1901.9437609415893,-0.0003569982011413231,0.00023905841067062283,comparado
20160621_Croatia_vs_Spain,2016-06-21,Croatia,Spain,1805.958,1982.931,1805.9575100499,1982.930553843701,0.0004899501000181772,0.00044615629894906306,comparado
20160621_Czech_Republic_vs_Turkey,2016-06-21,Czech Republic,Turkey,1725.433,1725.616,1725.4326082744626,1725.6161847557778,0.000391725537383536,-0.00018475577780918684,comparado
20160621_Northern_Ireland_vs_Germany,2016-06-21,Northern Ireland,Germany,1593.802,1998.373,1593.8022627715718,1998.373086622788,-0.00026277157189724676,-8.662278787596733e-05,comparado
20160621_Ukraine_vs_Poland,2016-06-21,Ukraine,Poland,1731.825,1777.941,1731.8246200599447,1777.9411808335053,0.00037994005538166675,-0.00018083350528286246,comparado
20160621_United_States_vs_Argentina,2016-06-21,United States,Argentina,1855.66,2005.66,1855.6601998000065,2005.6595281890297,-0.00019980000638497586,0.0004718109703389928,comparado
20160622_Colombia_vs_Chile,2016-06-22,Colombia,Chile,1873.375,1946.012,1873.3751846967,1946.0120330348066,-0.00018469669998921745,-3.303480661998037e-05,comparado
20160622_Hungary_vs_Portugal,2016-06-22,Hungary,Portugal,1692.227,1850.588,1692.2265543294393,1850.5875005845533,0.00044567056079358736,0.0004994154467112821,comparado
20160622_Iceland_vs_Austria,2016-06-22,Iceland,Austria,1617.981,1711.556,1617.9809277679365,1711.5562332331426,7.223206353046407e-05,-0.00023323314258050232,comparado
20160622_Italy_vs_Republic_of_Ireland,2016-06-22,Italy,Republic of Ireland,1876.687,1728.318,1876.6865396761668,1728.318062913413,0.00046032383306737756,-6.291341310316056e-05,comparado
20160622_Sweden_vs_Belgium,2016-06-22,Sweden,Belgium,1722.241,1833.989,1722.2409132962828,1833.9892387191035,8.670371721564152e-05,-0.00023871910343586933,comparado
20160625_Croatia_vs_Portugal,2016-06-25,Croatia,Portugal,1836.816,1841.628,1836.8160376157043,1841.627756811074,-3.7615704286508844e-05,0.00024318892587871233,comparado
20160625_Switzerland_vs_Poland,2016-06-25,Switzerland,Poland,1766.763,1796.17,1766.7632701794885,1796.1700194144678,-0.00027017948855245777,-1.9414467715250794e-05,comparado
20160625_United_States_vs_Colombia,2016-06-25,United States,Colombia,1836.89,1855.644,1836.8898335698862,1855.6440103504167,0.00016643011394990026,-1.0350416687288089e-05,comparado
20160625_Wales_vs_Northern_Ireland,2016-06-25,Wales,Northern Ireland,1672.427,1590.074,1672.4265811226826,1590.0744333316197,0.0004188773173154914,-0.0004333316196607484,comparado
20160626_Argentina_vs_Chile,2016-06-26,Argentina,Chile,2024.43,1963.743,2024.42989441915,1963.7432073810899,0.00010558085000411666,-0.00020738108992190973,comparado
20160626_France_vs_Republic_of_Ireland,2016-06-26,France,Republic of Ireland,1904.856,1757.778,1904.855922575108,1757.7777790791188,7.742489196971292e-05,0.0002209208812473662,comparado
20160626_Germany_vs_Slovakia,2016-06-26,Germany,Slovakia,2002.101,1705.773,2002.10091606274,1705.772821415025,8.393726011490799e-05,0.0001785849749467161,comparado
20160626_Hungary_vs_Belgium,2016-06-26,Hungary,Belgium,1701.186,1848.459,1701.1862981029185,1848.4585151159415,-0.00029810291857756965,0.0004848840585509606,comparado
20160627_England_vs_Iceland,2016-06-27,England,Iceland,1890.711,1644.504,1890.7112965247654,1644.5039818012565,-0.00029652476541741635,1.8198743418906815e-05,comparado
20160627_Italy_vs_Spain,2016-06-27,Italy,Spain,1847.227,1952.072,1847.2268235104611,1952.0720262778968,0.00017648953894422448,-2.627789694997773e-05,comparado
20160630_Poland_vs_Portugal,2016-06-30,Poland,Portugal,1794.397,1862.337,1794.3968236975536,1862.3369413403952,0.00017630244633437542,5.8659604746935656e-05,comparado
20160701_Wales_vs_Belgium,2016-07-01,Wales,Belgium,1688.54,1867.459,1688.5401516128013,1867.4588543501036,-0.0001516128013463458,0.0001456498964671482,comparado
20160702_Germany_vs_Italy,2016-07-02,Germany,Italy,2009.988,1875.699,2009.9881590421317,1875.698944550795,-0.0001590421315995627,5.544920509237272e-05,comparado
20160703_France_vs_Iceland,2016-07-03,France,Iceland,1917.462,1678.31,1917.4616387514932,1678.3102925007695,0.0003612485068060778,-0.0002925007695466775,comparado
20160706_Portugal_vs_Wales,2016-07-06,Portugal,Wales,1858.282,1719.985,1858.2820004559542,1719.98487366441,-4.559542503557168e-07,0.00012633558981178794,comparado
20160707_France_vs_Germany,2016-07-07,France,Germany,1928.046,2002.253,1928.0459048121404,2002.2527601400823,9.51878596424649e-05,0.00023985991765584913,comparado
20160710_France_vs_Portugal,2016-07-10,France,Portugal,1955.06,1871.777,1955.0595721936343,1871.7772659175612,0.000427806365678407,-0.00026591756113703013,comparado
20180614_Russia_vs_Saudi_Arabia,2018-06-14,Russia,Saudi Arabia,1699.623,1688.248,1699.623261915049,1688.2480878245096,-0.0002619150488953892,-8.782450959188282e-05,comparado
20180615_Egypt_vs_Uruguay,2018-06-15,Egypt,Uruguay,1705.795,1830.951,1705.7946663876762,1830.9511027632266,0.0003336123238568689,-0.00010276322655045078,comparado
20180615_Morocco_vs_Iran,2018-06-15,Morocco,Iran,1731.142,1829.615,1731.1421021511376,1829.6152314171347,-0.0001021511375256523,-0.00023141713472796255,comparado
20180615_Portugal_vs_Spain,2018-06-15,Portugal,Spain,1921.644,1981.416,1921.6443809049647,1981.4157981703563,-0.000380904964686124,0.00020182964362902567,comparado
20180616_France_vs_Australia,2018-06-16,France,Australia,1937.559,1788.462,1937.559332446254,1788.4618674812743,-0.00033244625410588924,0.0001325187256497884,comparado
20180616_Argentina_vs_Iceland,2018-06-16,Argentina,Iceland,1949.277,1724.967,1949.2770459391372,1724.9671677678234,-4.5939137180539547e-05,-0.00016776782331362483,comparado
20180616_Peru_vs_Denmark,2018-06-16,Peru,Denmark,1861.081,1778.06,1861.081491006055,1778.060473971198,-0.0004910060551992501,-0.0004739711980619177,comparado
20180616_Croatia_vs_Nigeria,2018-06-16,Croatia,Nigeria,1819.077,1692.002,1819.0774328518276,1692.0016826476315,-0.0004328518275542592,0.00031735236848362547,comparado
20180617_Costa_Rica_vs_Serbia,2018-06-17,Costa Rica,Serbia,1772.887,1707.232,1772.8869194632296,1707.2320513471216,8.053677038333262e-05,-5.1347121598155354e-05,comparado
20180617_Germany_vs_Mexico,2018-06-17,Germany,Mexico,2005.709,1840.091,2005.7089017064686,1840.0911827039,9.829353143686603e-05,-0.00018270390000907355,comparado
20180617_Brazil_vs_Switzerland,2018-06-17,Brazil,Switzerland,2012.711,1830.195,2012.711319894956,1830.1952583735615,-0.000319894955964628,-0.00025837356156444,comparado
20180618_Sweden_vs_South_Korea,2018-06-18,Sweden,South Korea,1755.454,1753.753,1755.4538629845015,1753.752542914007,0.000137015498467008,0.00045708599282079376,comparado
20180618_Belgium_vs_Panama,2018-06-18,Belgium,Panama,1896.388,1696.324,1896.3877183358452,1696.3236690546305,0.00028166415472696826,0.0003309453695692355,comparado
20180618_Tunisia_vs_England,2018-06-18,Tunisia,England,1716.527,1888.914,1716.5269446502,1888.9140785129434,5.5349800049953046e-05,-7.851294344618509e-05,comparado
20180619_Colombia_vs_Japan,2018-06-19,Colombia,Japan,1857.121,1779.856,1857.1207346834515,1779.8556581885746,0.00026531654862083087,0.0003418114254145621,comparado
20180619_Poland_vs_Senegal,2018-06-19,Poland,Senegal,1808.021,1760.433,1808.0207590571167,1760.4328991992795,0.000240942883237949,0.00010080072047458088,comparado
20180619_Russia_vs_Egypt,2018-06-19,Russia,Egypt,1735.832,1692.048,1735.831514060276,1692.04840001292,0.00048593972405797103,-0.0004000129199539515,comparado
20180620_Portugal_vs_Morocco,2018-06-20,Portugal,Morocco,1925.222,1715.94,1925.221911694965,1715.9396815647374,8.83050349784753e-05,0.00031843526267039124,comparado
20180620_Uruguay_vs_Saudi_Arabia,2018-06-20,Uruguay,Saudi Arabia,1844.697,1652.04,1844.6973691379828,1652.0398356792825,-0.0003691379829433572,0.0001643207174311101,comparado
20180620_Iran_vs_Spain,2018-06-20,Iran,Spain,1844.818,1977.838,1844.817652003535,1977.838267380356,0.00034799646505234705,-0.00026738035603557364,comparado
20180621_Denmark_vs_Australia,2018-06-21,Denmark,Australia,1803.985,1775.958,1803.9851257558498,1775.9584640165504,-0.0001257558499219158,-0.00046401655026784283,comparado
20180621_France_vs_Peru,2018-06-21,France,Peru,1950.063,1835.157,1950.062735910978,1835.1568392214033,0.00026408902203911566,0.00016077859663710115,comparado
20180621_Argentina_vs_Croatia,2018-06-21,Argentina,Croatia,1937.334,1833.249,1937.334112728048,1833.2486677065901,-0.00011272804795225966,0.0003322934098832775,comparado
20180622_Brazil_vs_Costa_Rica,2018-06-22,Brazil,Costa Rica,2002.594,1747.965,2002.593557544433,1747.96512275209,0.0004424555670539121,-0.00012275209019207978,comparado
20180622_Nigeria_vs_Iceland,2018-06-22,Nigeria,Iceland,1677.83,1736.91,1677.8304477928689,1736.9101009789126,-0.00044779286895391124,-0.00010097891254190472,comparado
20180622_Serbia_vs_Switzerland,2018-06-22,Serbia,Switzerland,1732.154,1840.313,1732.153848058261,1840.3130207240845,0.00015194173897725705,-2.0724084379253327e-05,comparado
20180623_Belgium_vs_Tunisia,2018-06-23,Belgium,Tunisia,1909.207,1705.168,1909.206651691906,1705.168040044748,0.00034830809408958885,-4.0044748175205314e-05,comparado
20180623_South_Korea_vs_Mexico,2018-06-23,South Korea,Mexico,1732.855,1870.406,1732.8553747406972,1870.4064825810344,-0.00037474069722520653,-0.0004825810344755155,comparado
20180623_Germany_vs_Sweden,2018-06-23,Germany,Sweden,1975.394,1776.351,1975.393601829334,1776.3510311578113,0.00039817066590330796,-3.115781123597117e-05,comparado
20180624_England_vs_Panama,2018-06-24,England,Panama,1900.273,1683.505,1900.2729831183954,1683.5047356985697,1.6881604551599594e-05,0.00026430143043398857,comparado
20180624_Japan_vs_Senegal,2018-06-24,Japan,Senegal,1805.45,1784.291,1805.45028508706,1784.2913922459343,-0.0002850870598649635,-0.0003922459343357332,comparado
20180624_Poland_vs_Colombia,2018-06-24,Poland,Colombia,1784.162,1831.526,1784.162266010462,1831.5261077849661,-0.0002660104619280901,-0.00010778496607599664,comparado
20180625_Russia_vs_Uruguay,2018-06-25,Russia,Uruguay,1755.617,1855.116,1755.616572523685,1855.1155755393656,0.0004274763150533545,0.00042446063434908865,comparado
20180625_Saudi_Arabia_vs_Egypt,2018-06-25,Saudi Arabia,Egypt,1641.622,1672.263,1641.6216292778997,1672.263341549511,0.00037072210034239106,-0.0003415495111767086,comparado
20180625_Spain_vs_Morocco,2018-06-25,Spain,Morocco,1991.169,1706.253,1991.169231294897,1706.2529834931552,-0.00023129489682105486,1.650684475862363e-05,comparado
20180625_Iran_vs_Portugal,2018-06-25,Iran,Portugal,1831.487,1934.909,1831.486688088994,1934.9086097665472,0.00031191100606520195,0.0003902334528902429,comparado
20180626_Australia_vs_Peru,2018-06-26,Australia,Peru,1777.649,1820.859,1777.6488106866705,1820.8594669748015,0.00018931332942884183,-0.00046697480161128624,comparado
20180626_Denmark_vs_France,2018-06-26,Denmark,France,1802.295,1964.36,1802.2947790857297,1964.3601081575798,0.00022091427035775268,-0.00010815757991622377,comparado
20180626_Nigeria_vs_Argentina,2018-06-26,Nigeria,Argentina,1704.082,1901.45,1704.0820374442576,1901.4500542271855,-3.744425748664071e-05,-5.422718550107675e-05,comparado
20180626_Iceland_vs_Croatia,2018-06-26,Iceland,Croatia,1710.659,1869.133,1710.658511327524,1869.1327262074526,0.0004886724761945516,0.0002737925474320946,comparado
20180627_South_Korea_vs_Germany,2018-06-27,South Korea,Germany,1719.761,1985.527,1719.7605884499253,1985.5265436050106,0.00041155007465931703,0.0004563949894418329,comparado
20180627_Mexico_vs_Sweden,2018-06-27,Mexico,Sweden,1883.501,1766.218,1883.5012688718064,1766.2180893821348,-0.0002688718063836859,-8.938213477449608e-05,comparado
20180627_Serbia_vs_Brazil,2018-06-27,Serbia,Brazil,1717.488,2010.351,1717.487989203715,2010.3513091536563,1.0796285096148495e-05,-0.0003091536561896646,comparado
20180627_Switzerland_vs_Costa_Rica,2018-06-27,Switzerland,Costa Rica,1854.979,1740.207,1854.9788795786305,1740.2073711428668,0.00012042136950185522,-0.00037114286669748253,comparado
20180628_Japan_vs_Poland,2018-06-28,Japan,Poland,1804.173,1759.525,1804.1729598553616,1759.5247931840033,4.0144638433048385e-05,0.00020681599676208862,comparado
20180628_Senegal_vs_Colombia,2018-06-28,Senegal,Colombia,1785.569,1856.164,1785.5687174776326,1856.1635806114248,0.00028252236734260805,0.0004193885752101778,comparado
20180628_Panama_vs_Tunisia,2018-06-28,Panama,Tunisia,1668.223,1692.591,1668.2229726642538,1692.591453081221,2.7335746153767104e-05,-0.00045308122116693994,comparado
20180628_England_vs_Belgium,2018-06-28,England,Belgium,1915.555,1921.783,1915.5547461527112,1921.783238655433,0.00025384728883182106,-0.00023865543312240334,comparado
20180630_France_vs_Argentina,2018-06-30,France,Argentina,1955.218,1911.657,1955.2180551881393,1911.6572917955787,-5.518813918570231e-05,-0.00029179557873248996,comparado
20180630_Uruguay_vs_Portugal,2018-06-30,Uruguay,Portugal,1875.203,1928.836,1875.202781952911,1928.835810188516,0.00021804708899253455,0.00018981148400598613,comparado
20180701_Russia_vs_Spain,2018-07-01,Russia,Spain,1735.529,1976.992,1735.5293661101396,1976.992136660515,-0.00036611013956644456,-0.00013666051495420106,comparado
20180701_Croatia_vs_Denmark,2018-07-01,Croatia,Denmark,1881.167,1811.437,1881.1673831893795,1811.4368320551703,-0.00038318937959047616,0.00016794482962723123,comparado
20180702_Brazil_vs_Mexico,2018-07-02,Brazil,Mexico,2016.717,1846.872,2016.7168695532066,1846.8715128578076,0.000130446793491501,0.00048714219246903667,comparado
20180702_Belgium_vs_Japan,2018-07-02,Belgium,Japan,1942.407,1780.489,1942.4068110876551,1780.4890550050613,0.0001889123448108876,-5.500506131284055e-05,comparado
20180703_Sweden_vs_Switzerland,2018-07-03,Sweden,Switzerland,1802.848,1848.284,1802.8478453961336,1848.283548055081,0.00015460386634913448,0.0004519449191775493,comparado
20180703_Colombia_vs_England,2018-07-03,Colombia,England,1872.954,1894.931,1872.954392616116,1894.9311737204891,-0.0003926161159597541,-0.00017372048910146987,comparado
20180706_Uruguay_vs_France,2018-07-06,Uruguay,France,1899.419,1973.599,1899.419008900857,1973.5988281885157,-8.900856983018457e-06,0.00017181148427880544,comparado
20180706_Brazil_vs_Belgium,2018-07-06,Brazil,Belgium,2028.426,1954.272,2028.4256124200292,1954.2719887442772,0.0003875799707202532,1.1255722711212002e-05,comparado
20180707_Sweden_vs_England,2018-07-07,Sweden,England,1826.579,1893.605,1826.5785600129664,1893.6046030219654,0.00043998703358738567,0.0003969780345869367,comparado
20180707_Russia_vs_Croatia,2018-07-07,Russia,Croatia,1748.154,1877.008,1748.1540488240207,1877.0083627812453,-4.882402072325931e-05,-0.00036278124525779276,comparado
20180710_France_vs_Belgium,2018-07-10,France,Belgium,1991.223,1979.687,1991.2231525420543,1979.6872064492181,-0.0001525420543657674,-0.00020644921823986806,comparado
20180711_Croatia_vs_England,2018-07-11,Croatia,England,1869.559,1911.727,1869.5585147506063,1911.7269935242646,0.00048524939370508946,6.475735517597059e-06,comparado
20180714_Belgium_vs_England,2018-07-14,Belgium,England,1959.384,1888.191,1959.3842158888733,1888.1906520469336,-0.00021588887329926365,0.0003479530664662889,comparado
20180715_France_vs_Croatia,2018-07-15,France,Croatia,2011.526,1893.095,2011.5261431023991,1893.0948562279373,-0.00014310239907899813,0.00014377206275639764,comparado
20190614_Brazil_vs_Bolivia,2019-06-14,Brazil,Bolivia,2021.992,1574.066,2021.9924152948267,1574.0664713582441,-0.00041529482678015484,-0.0004713582441127073,comparado
20190615_Venezuela_vs_Peru,2019-06-15,Venezuela,Peru,1718.923,1815.283,1718.9229681049399,1815.283362829288,3.189506014678045e-05,-0.00036282928817854554,comparado
20190615_Argentina_vs_Colombia,2019-06-15,Argentina,Colombia,1896.006,1897.09,1896.0058360282098,1897.0903320402542,0.00016397179024352226,-0.00033204025430677575,comparado
20190616_Paraguay_vs_Qatar,2019-06-16,Paraguay,Qatar,1694.169,1727.123,1694.1690476446586,1727.1228555398723,-4.764465847983956e-05,0.00014446012778535078,comparado
20190616_Uruguay_vs_Ecuador,2019-06-16,Uruguay,Ecuador,1863.008,1725.521,1863.0077577406053,1725.5207827843255,0.00024225939478128566,0.00021721567441090883,comparado
20190617_Japan_vs_Chile,2019-06-17,Japan,Chile,1823.916,1838.22,1823.916011140509,1838.220149281942,-1.1140509059259784e-05,-0.00014928194195817923,comparado
20190618_Bolivia_vs_Peru,2019-06-18,Bolivia,Peru,1570.654,1809.604,1570.6542372409622,1809.6039470915052,-0.00023724096217847546,5.2908494808434625e-05,comparado
20190618_Brazil_vs_Venezuela,2019-06-18,Brazil,Venezuela,2025.405,1724.602,2025.4046494121087,1724.6023838427227,0.00035058789126196643,-0.00038384272261282604,comparado
20190619_Colombia_vs_Qatar,2019-06-19,Colombia,Qatar,1920.078,1725.137,1920.0778445004873,1725.1369847624421,0.00015549951262983086,1.5237557818181813e-05,comparado
20190619_Argentina_vs_Paraguay,2019-06-19,Argentina,Paraguay,1873.018,1696.155,1873.0183235679767,1696.1549184220887,-0.00032356797669308435,8.157791125995573e-05,comparado
20190620_Uruguay_vs_Japan,2019-06-20,Uruguay,Japan,1882.848,1791.718,1882.848433562214,1791.7178704471191,-0.0004335622140843043,0.00012955288093507988,comparado
20190621_Ecuador_vs_Chile,2019-06-21,Ecuador,Chile,1705.68,1870.418,1705.6801069627168,1870.4182899753318,-0.00010696271669985435,-0.0002899753319525189,comparado
20190622_Bolivia_vs_Venezuela,2019-06-22,Bolivia,Venezuela,1562.258,1739.286,1562.2579344051474,1739.286065722462,6.559485268553544e-05,-6.572246184077812e-05,comparado
20190622_Brazil_vs_Peru,2019-06-22,Brazil,Peru,2010.721,1818.0,2010.7209675323695,1818.00024992732,3.246763048991852e-05,-0.0002499273200555763,comparado
20190623_Colombia_vs_Paraguay,2019-06-23,Colombia,Paraguay,1930.393,1706.008,1930.3934237966857,1706.008278824486,-0.0004237966857090214,-0.0002788244860312261,comparado
20190623_Qatar_vs_Argentina,2019-06-23,Qatar,Argentina,1714.821,1863.165,1714.8214054662437,1863.1649631655794,-0.00040546624381931906,3.6834420598097495e-05,comparado
20190624_Chile_vs_Uruguay,2019-06-24,Chile,Uruguay,1882.146,1877.463,1882.1457391507688,1877.4631783746606,0.00026084923115377023,-0.00017837466066339402,comparado
20190624_Ecuador_vs_Japan,2019-06-24,Ecuador,Japan,1693.953,1797.103,1693.9526577872798,1797.1031256346726,0.00034221272017020965,-0.00012563467248583038,comparado
20190627_Brazil_vs_Paraguay,2019-06-27,Brazil,Paraguay,2027.88,1696.954,2027.8796743281127,1696.9542895931793,0.0003256718873672071,-0.0002895931793318596,comparado
20190628_Colombia_vs_Chile,2019-06-28,Colombia,Chile,1939.447,1860.863,1939.4474130279925,1860.8627289268509,-0.0004130279926357616,0.0002710731491788465,comparado
20190628_Venezuela_vs_Argentina,2019-06-28,Venezuela,Argentina,1750.612,1876.073,1750.6120045607652,1876.0728919944047,-4.560765091810026e-06,0.00010800559539347887,comparado
20190629_Uruguay_vs_Peru,2019-06-29,Uruguay,Peru,1898.746,1800.842,1898.7461885985786,1800.8415431315768,-0.00018859857846109662,0.00045686842327086197,comparado
20190702_Brazil_vs_Argentina,2019-07-02,Brazil,Argentina,2012.321,1890.343,2012.3206974497139,1890.3431125664217,0.00030255028605097323,-0.00011256642164880759,comparado
20190703_Chile_vs_Peru,2019-07-03,Chile,Peru,1865.533,1806.607,1865.5332351219186,1806.607366336555,-0.0002351219186493836,-0.0003663365550892195,comparado
20190706_Argentina_vs_Chile,2019-07-06,Argentina,Chile,1875.858,1832.417,1875.8579317868293,1832.417356600225,6.821317060712317e-05,-0.0003566002251318423,comparado
20190707_Brazil_vs_Peru,2019-07-07,Brazil,Peru,2026.806,1839.723,2026.8058782293062,1839.7232448582486,0.00012177069379504246,-0.00024485824860676075,comparado
20210611_Italy_vs_Turkey,2021-06-11,Italy,Turkey,1933.669,1765.978,1933.6693450038688,1765.9781664872778,-0.00034500386868785426,-0.00016648727773826977,comparado
20210612_Wales_vs_Switzerland,2021-06-12,Wales,Switzerland,1774.705,1852.553,1774.704563378647,1852.5531760239164,0.00043662135294653126,-0.00017602391631044156,comparado
20210612_Denmark_vs_Finland,2021-06-12,Denmark,Finland,1876.756,1649.007,1876.7564077138713,1649.006852278421,-0.00040771387125460024,0.00014772157896913996,comparado
20210612_Russia_vs_Belgium,2021-06-12,Russia,Belgium,1751.311,2013.067,1751.3113084224578,2013.0667207800375,-0.00030842245791973255,0.00027921996252189274,comparado
20210613_Austria_vs_North_Macedonia,2021-06-13,Austria,North Macedonia,1715.674,1596.634,1715.6735966349947,1596.6342862851661,0.0004033650052406301,-0.0002862851661120658,comparado
20210613_Netherlands_vs_Ukraine,2021-06-13,Netherlands,Ukraine,1884.452,1778.282,1884.4518747201591,1778.2822372699918,0.00012527984085863864,-0.000237269991885114,comparado
20210613_England_vs_Croatia,2021-06-13,England,Croatia,1931.034,1803.625,1931.0338208998696,1803.624678619825,0.00017910013048094697,0.0003213801749097911,comparado
20210613_Brazil_vs_Venezuela,2021-06-13,Brazil,Venezuela,2043.333,1733.129,2043.3326159497644,1733.1287403100746,0.00038405023565246665,0.00025968992531488766,comparado
20210613_Colombia_vs_Ecuador,2021-06-13,Colombia,Ecuador,1889.157,1751.759,1889.156831161266,1751.7588124403505,0.00016883873399820004,0.00018755964947558823,comparado
20210614_Scotland_vs_Czech_Republic,2021-06-14,Scotland,Czech Republic,1664.524,1716.972,1664.5243384423754,1716.9724341208034,-0.000338442375550585,-0.000434120803447513,comparado
20210614_Poland_vs_Slovakia,2021-06-14,Poland,Slovakia,1784.064,1668.643,1784.0637728407955,1668.6430140141854,0.0002271592045417492,-1.401418535351695e-05,comparado
20210614_Spain_vs_Sweden,2021-06-14,Spain,Sweden,1979.056,1807.332,1979.0559930012262,1807.3319825243448,6.998773869781871e-06,1.7475655340604135e-05,comparado
20210614_Argentina_vs_Chile,2021-06-14,Argentina,Chile,1926.098,1801.456,1926.0980058769553,1801.4556914086068,-5.8769553561432986e-06,0.00030859139314998174,comparado
20210614_Paraguay_vs_Bolivia,2021-06-14,Paraguay,Bolivia,1729.364,1571.915,1729.3643531852347,1571.9150599818106,-0.00035318523464411555,-5.998181063660013e-05,comparado
20210615_Hungary_vs_Portugal,2021-06-15,Hungary,Portugal,1696.219,1942.541,1696.2187161883505,1942.54119427247,0.00028381164952406834,-0.00019427247002568038,comparado
20210615_Germany_vs_France,2021-06-15,Germany,France,1918.378,2025.209,1918.3783828184487,2025.2092508496366,-0.00038281844877019466,-0.0002508496365862811,comparado
20210616_Turkey_vs_Wales,2021-06-16,Turkey,Wales,1751.056,1779.333,1751.0563075259854,1779.33276010527,-0.0003075259853630996,0.00023989473015717522,comparado
20210616_Italy_vs_Switzerland,2021-06-16,Italy,Switzerland,1948.591,1847.925,1948.5912039651612,1847.9249792972935,-0.0002039651612903981,2.070270647891448e-05,comparado
20210616_Russia_vs_Finland,2021-06-16,Russia,Finland,1741.872,1682.09,1741.8716255477366,1682.0896544861264,0.0003744522634860914,0.0003455138735262153,comparado
20210617_Denmark_vs_Belgium,2021-06-17,Denmark,Belgium,1843.674,2022.506,1843.673605506166,2022.5064036547587,0.00039449383393730386,-0.00040365475865655753,comparado
20210617_Ukraine_vs_North_Macedonia,2021-06-17,Ukraine,North Macedonia,1763.507,1581.966,1763.5068776932185,1581.966254035228,0.0001223067815772083,-0.00025403522818123747,comparado
20210617_Netherlands_vs_Austria,2021-06-17,Netherlands,Austria,1899.227,1730.342,1899.2272342969325,1730.3416288849328,-0.00023429693237631,0.0003711150673098018,comparado
20210617_Colombia_vs_Venezuela,2021-06-17,Colombia,Venezuela,1902.26,1725.801,1902.2595606858317,1725.8007716649709,0.00043931416826126224,0.00022833502907815273,comparado
20210617_Brazil_vs_Peru,2021-06-17,Brazil,Peru,2050.661,1783.006,2050.660584594868,1783.0062303215439,0.00041540513211657526,-0.00023032154376778635,comparado
20210618_Croatia_vs_Czech_Republic,2021-06-18,Croatia,Czech Republic,1789.998,1736.13,1789.9980570568712,1736.1300646396785,-5.7056871128224884e-05,-6.46396783849923e-05,comparado
20210618_England_vs_Scotland,2021-06-18,England,Scotland,1944.66,1645.367,1944.6604424628235,1645.3667079235004,-0.0004424628234573902,0.0002920764995906211,comparado
20210618_Sweden_vs_Slovakia,2021-06-18,Sweden,Slovakia,1816.941,1696.374,1816.9414171338615,1696.3735780666484,-0.00041713386144692777,0.00042193335161755385,comparado
20210618_Chile_vs_Bolivia,2021-06-18,Chile,Bolivia,1808.682,1559.525,1808.6820436848607,1559.52466800048,-4.3684860656867386e-05,0.0003319995200854464,comparado
20210618_Argentina_vs_Uruguay,2021-06-18,Argentina,Uruguay,1918.872,1887.123,1918.8716536007014,1887.1232916137774,0.0003463992986780795,-0.00029161377733544214,comparado
20210619_Spain_vs_Poland,2021-06-19,Spain,Poland,1969.447,1756.333,1969.4465583917095,1756.3332087883325,0.0004416082904299401,-0.0002087883324293216,comparado
20210619_Hungary_vs_France,2021-06-19,Hungary,France,1686.009,2039.948,1686.0090353142587,2039.9481758186303,-3.5314258639118634e-05,-0.00017581863016857824,comparado
20210619_Germany_vs_Portugal,2021-06-19,Germany,Portugal,1903.639,1952.751,1903.639457849455,1952.7508751465618,-0.00045784945518789755,0.0001248534381375066,comparado
20210620_Italy_vs_Wales,2021-06-20,Italy,Wales,1968.582,1800.261,1968.5820460037116,1800.261113318427,-4.60037115317391e-05,-0.00011331842711115314,comparado
20210620_Switzerland_vs_Turkey,2021-06-20,Switzerland,Turkey,1827.934,1730.128,1827.934137258743,1730.1279543128283,-0.00013725874305237085,4.5687171677855076e-05,comparado
20210620_Venezuela_vs_Ecuador,2021-06-20,Venezuela,Ecuador,1735.635,1738.656,1735.6350496581565,1738.6560829157847,-4.9658156513032736e-05,-8.291578478747397e-05,comparado
20210620_Colombia_vs_Peru,2021-06-20,Colombia,Peru,1892.425,1772.374,1892.425282692646,1772.3739142160687,-0.00028269264612390543,8.578393135394435e-05,comparado
20210621_Denmark_vs_Russia,2021-06-21,Denmark,Russia,1832.62,1759.293,1832.6195480145752,1759.2934753725444,0.00045198542466096114,-0.0004753725445425516,comparado
20210621_Finland_vs_Belgium,2021-06-21,Finland,Belgium,1664.668,2033.56,1664.6678046613185,2033.5604611463496,0.00019533868135113153,-0.0004611463496075885,comparado
20210621_Netherlands_vs_North_Macedonia,2021-06-21,Netherlands,North Macedonia,1910.988,1571.039,1910.9878046808212,1571.0386828813516,0.00019531917882886773,0.00031711864835415327,comparado
20210621_Ukraine_vs_Austria,2021-06-21,Ukraine,Austria,1774.434,1718.581,1774.434448847095,1718.581058501044,-0.0004488470949581824,-5.850104412274959e-05,comparado
20210621_Uruguay_vs_Chile,2021-06-21,Uruguay,Chile,1868.037,1816.764,1868.0369299474833,1816.7643134576763,7.005251677583146e-05,-0.00031345767638413236,comparado
20210621_Argentina_vs_Paraguay,2021-06-21,Argentina,Paraguay,1937.958,1741.755,1937.9580152669955,1741.7547451665653,-1.5266995433194097e-05,0.0002548334348375647,comparado
20210622_Scotland_vs_Croatia,2021-06-22,Scotland,Croatia,1660.004,1786.768,1660.003647288204,1786.7679627610876,0.0003527117958128656,3.723891245499544e-05,comparado
20210622_England_vs_Czech_Republic,2021-06-22,England,Czech Republic,1930.024,1739.36,1930.0235030981198,1739.360158935462,0.0004969018800693448,-0.0001589354621955863,comparado
20210623_Spain_vs_Slovakia,2021-06-23,Spain,Slovakia,1957.97,1682.382,1957.9698762637474,1682.3819496708936,0.00012373625258987886,5.032910644331423e-05,comparado
20210623_Sweden_vs_Poland,2021-06-23,Sweden,Poland,1830.933,1767.81,1830.9330455296163,1767.8098909162945,-4.5529616272688145e-05,0.00010908370541073964,comparado
20210623_Germany_vs_Hungary,2021-06-23,Germany,Hungary,1929.375,1702.165,1929.375413039841,1702.1652625691963,-0.00041303984107798897,-0.0002625691963658028,comparado
20210623_Portugal_vs_France,2021-06-23,Portugal,France,1927.015,2023.792,1927.0149199561758,2023.7919485636926,8.00438242549717e-05,5.1436307330732234e-05,comparado
20210623_Ecuador_vs_Peru,2021-06-23,Ecuador,Peru,1738.473,1800.355,1738.4734876313012,1800.3545319654795,-0.00048763130121187714,0.0004680345205088088,comparado
20210623_Brazil_vs_Colombia,2021-06-23,Brazil,Colombia,2061.293,1864.445,2061.292900700343,1864.4446649432352,9.929965699484455e-05,0.0003350567646975833,comparado
20210624_Bolivia_vs_Uruguay,2021-06-24,Bolivia,Uruguay,1551.442,1864.96,1551.4423982276644,1864.9601695272204,-0.0003982276643910154,-0.00016952722035057377,comparado
20210624_Chile_vs_Paraguay,2021-06-24,Chile,Paraguay,1819.841,1731.496,1819.8410738779392,1731.4956130594044,-7.387793925772712e-05,0.00038694059571753314,comparado
20210626_Italy_vs_Austria,2021-06-26,Italy,Austria,1980.136,1742.928,1980.1359601476413,1742.9282126340945,3.985235866821313e-05,-0.00021263409439598036,comparado
20210626_Wales_vs_Denmark,2021-06-26,Wales,Denmark,1788.707,1854.934,1788.7071991744974,1854.933522375735,-0.00019917449731110537,0.00047762426493136445,comparado
20210627_Netherlands_vs_Czech_Republic,2021-06-27,Netherlands,Czech Republic,1917.231,1728.852,1917.2313553676938,1728.8517631024097,-0.0003553676938281569,0.00023689759041189973,comparado
20210627_Belgium_vs_Portugal,2021-06-27,Belgium,Portugal,2037.782,1932.718,2037.7820114023498,1932.7176687488693,-1.1402349855416105e-05,0.0003312511307740351,comparado
20210627_Brazil_vs_Ecuador,2021-06-27,Brazil,Ecuador,2071.523,1742.175,2071.5232747357372,1742.1747001964277,-0.0002747357370935788,0.0002998035722612258,comparado
20210627_Venezuela_vs_Peru,2021-06-27,Venezuela,Peru,1735.818,1796.653,1735.81764494264,1796.653319400353,0.00035505735991137044,-0.00031940035296429414,comparado
20210628_Croatia_vs_Spain,2021-06-28,Croatia,Spain,1800.958,1969.331,1800.9582543683953,1969.3314761344393,-0.00025436839518988563,-0.0004761344393955369,comparado
20210628_France_vs_Switzerland,2021-06-28,France,Switzerland,2018.089,1843.964,2018.0891997709991,1843.9639919580309,-0.0001997709991883312,8.041969067562604e-06,comparado
20210628_Argentina_vs_Bolivia,2021-06-28,Argentina,Bolivia,1948.217,1545.737,1948.2171473741564,1545.7368820846702,-0.00014737415631316253,0.00011791532983806974,comparado
20210628_Uruguay_vs_Paraguay,2021-06-28,Uruguay,Paraguay,1870.666,1759.197,1870.6656856702145,1759.1972338038488,0.0003143297853966942,-0.0002338038489142491,comparado
20210629_England_vs_Germany,2021-06-29,England,Germany,1940.532,1917.314,1940.5318989311722,1917.3144401319973,0.00010106882768923242,-0.00044013199726578023,comparado
20210629_Sweden_vs_Ukraine,2021-06-29,Sweden,Ukraine,1848.159,1750.087,1848.1591345255401,1750.0872947140444,-0.0001345255400337919,-0.000294714044457578,comparado
20210702_Switzerland_vs_Spain,2021-07-02,Switzerland,Spain,1853.688,1981.12,1853.68780829795,1981.1197810745168,0.00019170205018781417,0.000218925483068233,comparado
20210702_Belgium_vs_Italy,2021-07-02,Belgium,Italy,2052.618,1988.677,2052.6183658052933,1988.676723048719,-0.0003658052933133149,0.00027695128096638655,comparado
20210702_Peru_vs_Paraguay,2021-07-02,Peru,Paraguay,1814.013,1744.713,1814.0133615298278,1744.7126732521797,-0.0003615298278418777,0.0003267478202815255,comparado
20210702_Brazil_vs_Chile,2021-07-02,Brazil,Chile,2056.007,1792.139,2056.00743190666,1792.1394531334947,-0.00043190665974179865,-0.0004531334948296717,comparado
20210703_Czech_Republic_vs_Denmark,2021-07-03,Czech Republic,Denmark,1760.615,1881.565,1760.6148734708252,1881.5645252243594,0.0001265291748495656,0.0004747756406686676,comparado
20210703_Ukraine_vs_England,2021-07-03,Ukraine,England,1776.862,1961.838,1776.8624605710759,1961.8384760519277,-0.0004605710757914494,-0.0004760519277624553,comparado
20210703_Uruguay_vs_Colombia,2021-07-03,Uruguay,Colombia,1885.15,1854.214,1885.1502462218837,1854.2142909078411,-0.0002462218835717067,-0.0002909078411903465,comparado
20210703_Argentina_vs_Ecuador,2021-07-03,Argentina,Ecuador,1952.634,1757.691,1952.633936726987,1757.6905430255051,6.327301298370003e-05,0.00045697449490944564,comparado
20210705_Brazil_vs_Peru,2021-07-05,Brazil,Peru,2063.551,1809.879,2063.551335460444,1809.87931026333,-0.00033546044414833887,-0.00031026332999317674,comparado
20210706_Argentina_vs_Colombia,2021-07-06,Argentina,Colombia,1965.77,1856.079,1965.7701964766964,1856.07922252553,-0.00019647669637379295,-0.00022252553003454523,comparado
20210706_Italy_vs_Spain,2021-07-06,Italy,Spain,2013.498,1973.745,2013.4984877427987,1973.74519284469,-0.0004877427986684779,-0.00019284469021840778,comparado
20210707_England_vs_Denmark,2021-07-07,England,Denmark,1977.825,1895.536,1977.825451731075,1895.5356536390943,-0.000451731074917916,0.0003463609057234862,comparado
20210709_Peru_vs_Colombia,2021-07-09,Peru,Colombia,1801.965,1862.497,1801.965311287643,1862.497414462048,-0.00031128764317145396,-0.00041446204795647645,comparado
20210710_Brazil_vs_Argentina,2021-07-10,Brazil,Argentina,2071.465,1959.352,2071.465334436131,1959.3520045401783,-0.00033443613074268796,-4.540178224488045e-06,comparado
20210711_England_vs_Italy,2021-07-11,England,Italy,1993.943,2011.106,1993.942586919957,2011.1061159662854,0.0004130800430175441,-0.00011596628542065446,comparado
20221120_Qatar_vs_Ecuador,2022-11-20,Qatar,Ecuador,1736.288,1790.801,1736.287664391664,1790.8009343410242,0.0003356083359449258,6.565897569998924e-05,comparado
20221121_Senegal_vs_Netherlands,2022-11-21,Senegal,Netherlands,1747.744,1948.612,1747.7441353747797,1948.6118026745708,-0.00013537477980207768,0.00019732542932615615,comparado
20221121_England_vs_Iran,2022-11-21,England,Iran,1934.576,1856.414,1934.5755667406236,1856.414224258251,0.0004332593764502235,-0.00022425825090977014,comparado
20221121_United_States_vs_Wales,2022-11-21,United States,Wales,1843.038,1765.392,1843.0379421084715,1765.3918550016836,5.789152851320978e-05,0.00014499831650027772,comparado
20221122_Argentina_vs_Saudi_Arabia,2022-11-22,Argentina,Saudi Arabia,2042.577,1731.116,2042.5768110665033,1731.1158889617425,0.00018893349670179305,0.00011103825750069518,comparado
20221122_Mexico_vs_Poland,2022-11-22,Mexico,Poland,1837.384,1788.353,1837.383878128083,1788.3534119986225,0.00012187191691737098,-0.00041199862243956886,comparado
20221122_Denmark_vs_Tunisia,2022-11-22,Denmark,Tunisia,1894.822,1745.443,1894.821975254645,1745.44299580402,2.4745354949118337e-05,4.19597995460208e-06,comparado
20221122_France_vs_Australia,2022-11-22,France,Australia,1966.331,1785.816,1966.330644195783,1785.815768852059,0.00035580421695158293,0.00023114794112188974,comparado
20221123_Germany_vs_Japan,2022-11-23,Germany,Japan,1923.094,1846.437,1923.0941575155896,1846.4374353919861,-0.0001575155895352509,-0.0004353919862296607,comparado
20221123_Spain_vs_Costa_Rica,2022-11-23,Spain,Costa Rica,1979.074,1779.181,1979.0743193652875,1779.1808685638152,-0.0003193652873960673,0.00013143618480171426,comparado
20221123_Morocco_vs_Croatia,2022-11-23,Morocco,Croatia,1800.991,1857.808,1800.9905195155045,1857.808238285337,0.0004804844954833243,-0.0002382853369908844,comparado
20221123_Belgium_vs_Canada,2022-11-23,Belgium,Canada,1972.342,1793.514,1972.3418555919782,1793.513729149623,0.0001444080219243915,0.0002708503768644732,comparado
20221124_Switzerland_vs_Cameroon,2022-11-24,Switzerland,Cameroon,1861.133,1701.036,1861.1332596471311,1701.03599569251,-0.0002596471310880588,4.307490144128678e-06,comparado
20221124_Brazil_vs_Serbia,2022-11-24,Brazil,Serbia,2080.318,1815.207,2080.318239941185,1815.206693399121,-0.00023994118464543135,0.00030660087918477075,comparado
20221124_Uruguay_vs_South_Korea,2022-11-24,Uruguay,South Korea,1885.522,1836.847,1885.5219125822125,1836.8466500826369,8.741778742660244e-05,0.0003499173631098529,comparado
20221124_Portugal_vs_Ghana,2022-11-24,Portugal,Ghana,1925.439,1661.124,1925.4392586224767,1661.1243843950656,-0.00025862247662189475,-0.000384395065566423,comparado
20221125_Qatar_vs_Senegal,2022-11-25,Qatar,Senegal,1717.278,1737.624,1717.2782793855429,1737.6244235394229,-0.00027938554285356076,-0.00042353942285444646,comparado
20221125_Netherlands_vs_Ecuador,2022-11-25,Netherlands,Ecuador,1958.732,1809.81,1958.7315145099276,1809.8103193471454,0.00048549007237852493,-0.00031934714547787735,comparado
20221125_Wales_vs_Iran,2022-11-25,Wales,Iran,1770.008,1830.997,1770.0084035900518,1830.9967896655332,-0.0004035900517465052,0.000210334466828499,comparado
20221125_England_vs_United_States,2022-11-25,England,United States,1959.993,1838.421,1959.9930013333412,1838.4213935201033,-1.3333412880456308e-06,-0.00039352010321636044,comparado
20221126_Poland_vs_Saudi_Arabia,2022-11-26,Poland,Saudi Arabia,1791.297,1767.122,1791.2974358798158,1767.1218199420869,-0.0004358798157682031,0.0001800579132122948,comparado
20221126_Argentina_vs_Mexico,2022-11-26,Argentina,Mexico,2006.571,1834.44,2006.570880086159,1834.4398542468898,0.00011991384099019342,0.00014575311024600524,comparado
20221126_Tunisia_vs_Australia,2022-11-26,Tunisia,Australia,1753.954,1771.754,1753.9538177514949,1771.7544325796616,0.00018224850509795942,-0.000432579661719501,comparado
20221126_France_vs_Denmark,2022-11-26,France,Denmark,1980.392,1886.311,1980.3919804681802,1886.3111533071701,1.9531819816620555e-05,-0.000153307170194239,comparado
20221127_Japan_vs_Costa_Rica,2022-11-27,Japan,Costa Rica,1871.997,1759.937,1871.997038437475,1759.936749310372,-3.843747504106432e-05,0.00025068962781915616,comparado
20221127_Spain_vs_Germany,2022-11-27,Spain,Germany,1998.318,1897.535,1998.3184386187306,1897.5345544701006,-0.00043861873064088286,0.00044552989947987953,comparado
20221127_Belgium_vs_Morocco,2022-11-27,Belgium,Morocco,1983.396,1804.394,1983.3961321168617,1804.394454396456,-0.00013211686177783122,-0.000454396456007089,comparado
20221127_Croatia_vs_Canada,2022-11-27,Croatia,Canada,1854.404,1782.459,1854.4043034043855,1782.4594526247395,-0.00030340438547682425,-0.0004526247394096572,comparado
20221128_Cameroon_vs_Serbia,2022-11-28,Cameroon,Serbia,1689.081,1807.854,1689.0814000027958,1807.853524488884,-0.0004000027959136787,0.00047551111606480845,comparado
20221128_Brazil_vs_Switzerland,2022-11-28,Brazil,Switzerland,2087.671,1873.088,2087.671408851422,1873.0878553368452,-0.0004088514219802164,0.0001446631547423749,comparado
20221128_South_Korea_vs_Ghana,2022-11-28,South Korea,Ghana,1839.77,1653.596,1839.7696233865731,1653.5963888752437,0.00037661342685169075,-0.00038887524374331406,comparado
20221128_Portugal_vs_Uruguay,2022-11-28,Portugal,Uruguay,1932.967,1882.599,1932.9672541422985,1882.5989392782762,-0.0002541422984450037,6.0721723684764584e-05,comparado
20221129_Ecuador_vs_Senegal,2022-11-29,Ecuador,Senegal,1818.298,1759.147,1818.298003914848,1759.14672984642,-3.9148480937001295e-06,0.00027015358000426204,comparado
20221129_Qatar_vs_Netherlands,2022-11-29,Qatar,Netherlands,1695.756,1950.244,1695.7559730785458,1950.243829942225,2.6921454264083877e-05,0.0001700577749943477,comparado
20221129_Wales_vs_England,2022-11-29,Wales,England,1751.46,1952.931,1751.4604688447234,1952.9307684757096,-0.0004688447234002524,0.00023152429048423073,comparado
20221129_Iran_vs_United_States,2022-11-29,Iran,United States,1849.545,1845.484,1849.5447244108616,1845.483626377735,0.0002755891384822462,0.00037362226498771633,comparado
20221130_Poland_vs_Argentina,2022-11-30,Poland,Argentina,1812.532,2018.157,1812.5321929862935,2018.156837494381,-0.00019298629354125296,0.00016250561884589843,comparado
20221130_Saudi_Arabia_vs_Mexico,2022-11-30,Saudi Arabia,Mexico,1745.887,1822.854,1745.8870628356092,1822.8538968386677,-6.283560924202902e-05,0.00010316133239030023,comparado
20221130_Australia_vs_Denmark,2022-11-30,Australia,Denmark,1791.679,1870.863,1791.679452958491,1870.8626381048723,-0.0004529584909960249,0.00036189512775308685,comparado
20221130_Tunisia_vs_France,2022-11-30,Tunisia,France,1734.029,1995.84,1734.0287973726654,1995.840495670478,0.000202627334601857,-0.0004956704781307053,comparado
20221201_Japan_vs_Spain,2022-12-01,Japan,Spain,1844.449,1992.392,1844.4492872302126,1992.3920741381548,-0.00028723021250698366,-7.413815478685137e-05,comparado
20221201_Costa_Rica_vs_Germany,2022-12-01,Costa Rica,Germany,1787.485,1903.461,1787.4845005176346,1903.4609189506764,0.0004994823652850755,8.104932362584805e-05,comparado
20221201_Croatia_vs_Belgium,2022-12-01,Croatia,Belgium,1876.839,1951.949,1876.8391542597074,1951.9485558556876,-0.00015425970741489436,0.00044414431249606423,comparado
20221201_Canada_vs_Morocco,2022-12-01,Canada,Morocco,1760.025,1835.842,1760.0246017694176,1835.8420306576302,0.00039823058250476606,-3.0657630077257636e-05,comparado
20221202_Serbia_vs_Switzerland,2022-12-02,Serbia,Switzerland,1800.942,1863.627,1800.9417681431767,1863.6267156640595,0.00023185682334769808,0.00028433594047783117,comparado
20221202_Cameroon_vs_Brazil,2022-12-02,Cameroon,Brazil,1695.993,2097.133,1695.9931563485031,2097.132548524208,-0.00015634850319656834,0.0004514757920333068,comparado
20221202_Ghana_vs_Uruguay,2022-12-02,Ghana,Uruguay,1684.883,1863.292,1684.8830263025743,1863.2915038740857,-2.6302574269720935e-05,0.0004961259141964547,comparado
20221202_South_Korea_vs_Portugal,2022-12-02,South Korea,Portugal,1808.483,1952.275,1808.4829859592426,1952.274689546489,1.4040757378097624e-05,0.00031045351101965935,comparado
20221203_Netherlands_vs_United_States,2022-12-03,Netherlands,United States,1958.007,1866.729,1958.0071276233436,1866.7290795738256,-0.0001276233435874019,-7.95738255874312e-05,comparado
20221203_Argentina_vs_Australia,2022-12-03,Argentina,Australia,2028.048,1817.384,2028.047671803589,1817.3843316986581,0.0003281964109191904,-0.00033169865810123156,comparado
20221204_France_vs_Poland,2022-12-04,France,Poland,1961.458,1802.641,1961.4579345458505,1802.6413586770855,6.545414953507134e-05,-0.00035867708538717125,comparado
20221204_England_vs_Senegal,2022-12-04,England,Senegal,1965.664,1783.688,1965.6635616835576,1783.6878542174709,0.00043831644234160194,0.00014578252921637613,comparado
20221205_Japan_vs_Croatia,2022-12-05,Japan,Croatia,1873.887,1881.31,1873.8874383779096,1881.309556170725,-0.00043837790963152656,0.00044382927490005386,comparado
20221205_Brazil_vs_South_Korea,2022-12-05,Brazil,South Korea,2058.928,1837.71,2058.928025025341,1837.7097389595003,-2.502534107406973e-05,0.0002610404997085425,comparado
20221206_Morocco_vs_Spain,2022-12-06,Morocco,Spain,1852.331,1962.954,1852.330790645997,1962.9539229904578,0.00020935400289090467,7.700954211031785e-05,comparado
20221206_Portugal_vs_Switzerland,2022-12-06,Portugal,Switzerland,1923.048,1880.878,1923.0479365462313,1880.8784415468974,6.345376868921448e-05,-0.00044154689749120735,comparado
20221209_Croatia_vs_Brazil,2022-12-09,Croatia,Brazil,1880.861,2070.497,1880.8610103844185,2070.496666427188,-1.0384418374087545e-05,0.00033357281199641875,comparado
20221209_Netherlands_vs_Argentina,2022-12-09,Netherlands,Argentina,1974.47,2037.675,1974.4695053016078,2037.6752463353534,0.00049469839223093,-0.00024633535349494196,comparado
20221210_Morocco_vs_Portugal,2022-12-10,Morocco,Portugal,1858.8,1955.508,1858.8000200714137,1955.5080688237445,-2.007141370086174e-05,-6.88237444137485e-05,comparado
20221210_England_vs_France,2022-12-10,England,France,1979.629,1973.772,1979.629157907998,1973.771841103419,-0.00015790799807291478,0.00015889658084233815,comparado
20221213_Argentina_vs_Croatia,2022-12-13,Argentina,Croatia,2033.897,1891.306,2033.8965049907379,1891.3059335731496,0.0004950092620674695,6.642685048063868e-05,comparado
20221214_France_vs_Morocco,2022-12-14,France,Morocco,1995.126,1885.499,1995.1258405385242,1885.498906782342,0.00015946147573231428,9.321765810454963e-05,comparado
20221217_Croatia_vs_Morocco,2022-12-17,Croatia,Morocco,1874.596,1870.236,1874.5961643196638,1870.2358617857926,-0.0001643196637814981,0.00013821420748172386,comparado
20221218_Argentina_vs_France,2022-12-18,Argentina,France,2050.606,2010.389,2050.6062742442236,2010.3888855350735,-0.00027424422341937316,0.00011446492635514005,comparado
20240614_Germany_vs_Scotland,2024-06-14,Germany,Scotland,1903.973,1730.932,1903.9730970129274,1730.932001860167,-9.701292742647638e-05,-1.8601670035423012e-06,comparado
20240615_Hungary_vs_Switzerland,2024-06-15,Hungary,Switzerland,1777.009,1793.823,1777.009102168143,1793.8234335867576,-0.00010216814303021238,-0.00043358675748095266,comparado
20240615_Spain_vs_Croatia,2024-06-15,Spain,Croatia,1968.943,1888.733,1968.9431421827112,1888.7327165728855,-0.00014218271121535508,0.0002834271144820377,comparado
20240615_Italy_vs_Albania,2024-06-15,Italy,Albania,1916.728,1601.266,1916.7282298320658,1601.2655565524713,-0.00022983206577009696,0.0004434475288235262,comparado
20240616_Slovenia_vs_Denmark,2024-06-16,Slovenia,Denmark,1687.77,1826.517,1687.7698038368296,1826.5169380296127,0.00019616317035797692,6.197038737809635e-05,comparado
20240616_Serbia_vs_England,2024-06-16,Serbia,England,1760.508,1967.698,1760.507722431634,1967.6978948244132,0.00027756836607295554,0.0001051755868957116,comparado
20240616_Poland_vs_Netherlands,2024-06-16,Poland,Netherlands,1748.423,1946.762,1748.4227272722378,1946.7617827505549,0.0002727277621943358,0.00021724944508605404,comparado
20240617_Austria_vs_France,2024-06-17,Austria,France,1785.428,2027.16,1785.4283695262777,2027.1602366082077,-0.0003695262776091113,-0.0002366082076150633,comparado
20240617_Romania_vs_Ukraine,2024-06-17,Romania,Ukraine,1668.083,1792.558,1668.0828337643163,1792.558160403189,0.00016623568376417097,-0.00016040318905652384,comparado
20240617_Belgium_vs_Slovakia,2024-06-17,Belgium,Slovakia,1960.985,1669.578,1960.9852254834411,1669.5776002589719,-0.00022548344122697017,0.0003997410281044722,comparado
20240618_Turkey_vs_Georgia,2024-06-18,Turkey,Georgia,1726.522,1632.825,1726.522454203447,1632.8245845402191,-0.0004542034471342049,0.0004154597809247207,comparado
20240618_Portugal_vs_Czech_Republic,2024-06-18,Portugal,Czech Republic,1950.023,1734.455,1950.0230884538453,1734.4546062676422,-8.845384536471101e-05,0.0003937323576792551,comparado
20240619_Germany_vs_Hungary,2024-06-19,Germany,Hungary,1920.875,1755.22,1920.8749667824459,1755.2204279602724,3.321755411889171e-05,-0.0004279602724182041,comparado
20240619_Scotland_vs_Switzerland,2024-06-19,Scotland,Switzerland,1714.03,1815.612,1714.0301320906485,1815.6121077946282,-0.0001320906485489104,-0.00010779462809296092,comparado
20240619_Croatia_vs_Albania,2024-06-19,Croatia,Albania,1867.016,1595.389,1867.0163445312726,1595.3888889795455,-0.0003445312725034455,0.00011102045436928165,comparado
20240620_Spain_vs_Italy,2024-06-20,Spain,Italy,1990.66,1922.605,1990.659514224324,1922.6048974049916,0.0004857756759975018,0.00010259500845677394,comparado
20240620_Slovenia_vs_Serbia,2024-06-20,Slovenia,Serbia,1695.737,1750.731,1695.7369841389655,1750.7309827994748,1.586103462614119e-05,1.7200525235239184e-05,comparado
20240620_Denmark_vs_England,2024-06-20,Denmark,England,1818.55,1977.475,1818.5497577274768,1977.4746344565724,0.00024227252310993208,0.0003655434275060543,comparado
20240620_Argentina_vs_Canada,2024-06-20,Argentina,Canada,2064.829,1750.0,2064.828870839146,1750.000207686477,0.00012916085415781708,-0.00020768647709701327,comparado
20240621_Poland_vs_Austria,2024-06-21,Poland,Austria,1738.259,1777.063,1738.2586172679057,1777.0634340175682,0.0003827320942946244,-0.00043401756806815683,comparado
20240621_Netherlands_vs_France,2024-06-21,Netherlands,France,1956.926,2035.525,1956.925892754887,2035.5251721169172,0.00010724511298576545,-0.00017211691715601773,comparado
20240621_Slovakia_vs_Ukraine,2024-06-21,Slovakia,Ukraine,1704.966,1755.535,1704.9655475279737,1755.5352118635685,0.0004524720261542825,-0.00021186356843827525,comparado
20240621_Peru_vs_Chile,2024-06-21,Peru,Chile,1763.19,1730.725,1763.1898444321164,1730.7245390534995,0.00015556788366666296,0.00046094650042505236,comparado
20240622_Belgium_vs_Romania,2024-06-22,Belgium,Romania,1925.597,1705.106,1925.5972782144393,1705.1057823039368,-0.00027821443927678047,0.00021769606314592238,comparado
20240622_Georgia_vs_Czech_Republic,2024-06-22,Georgia,Czech Republic,1616.523,1725.035,1616.5232685963467,1725.0349600746708,-0.00026859634681386524,3.9925329247125774e-05,comparado
20240622_Turkey_vs_Portugal,2024-06-22,Turkey,Portugal,1742.824,1959.443,1742.8237701473195,1959.4427346468167,0.00022985268060438102,0.00026535318329479196,comparado
20240622_Ecuador_vs_Venezuela,2024-06-22,Ecuador,Venezuela,1831.787,1732.428,1831.7872575529555,1732.4279635941054,-0.00025755295541785017,3.640589466158417e-05,comparado
20240622_Mexico_vs_Jamaica,2024-06-22,Mexico,Jamaica,1822.279,1681.372,1822.2786831377143,1681.3719859870653,0.0003168622856719594,1.4012934798302012e-05,comparado
20240623_Germany_vs_Switzerland,2024-06-23,Germany,Switzerland,1932.811,1809.641,1932.8111901621169,1809.6413750286624,-0.00019016211695088714,-0.0003750286623471766,comparado
20240623_Scotland_vs_Hungary,2024-06-23,Scotland,Hungary,1720.001,1743.284,1720.0008648566143,1743.2842045806015,0.00013514338570530526,-0.00020458060134842526,comparado
20240623_United_States_vs_Bolivia,2024-06-23,United States,Bolivia,1858.127,1573.054,1858.1265559406743,1573.05443682981,0.00044405932567315176,-0.00043682980981429864,comparado
20240623_Uruguay_vs_Panama,2024-06-23,Uruguay,Panama,1913.551,1741.595,1913.5512435216558,1741.594872631701,-0.00024352165587515628,0.00012736829899040458,comparado
20240624_Albania_vs_Spain,2024-06-24,Albania,Spain,1609.117,2007.598,1609.1174806537176,2007.597911141054,-0.0004806537176591519,8.885894590093812e-05,comparado
20240624_Croatia_vs_Italy,2024-06-24,Croatia,Italy,1853.288,1905.667,1853.2877528571005,1905.6665004882616,0.000247142899524988,0.000499511738325964,comparado
20240624_Colombia_vs_Paraguay,2024-06-24,Colombia,Paraguay,1934.447,1692.16,1934.4466763320233,1692.160416213563,0.000323667976545039,-0.0004162135628575925,comparado
20240624_Brazil_vs_Costa_Rica,2024-06-24,Brazil,Costa Rica,1990.391,1720.376,1990.391082103238,1720.375857575062,-8.21032379008102e-05,0.00014242493807614665,comparado
20240625_England_vs_Slovenia,2024-06-25,England,Slovenia,1968.487,1699.033,1968.4870291658167,1699.0334939387624,-2.9165816613385687e-05,-0.0004939387624744995,comparado
20240625_Denmark_vs_Serbia,2024-06-25,Denmark,Serbia,1827.537,1747.434,1827.5373630182326,1747.4344729996778,-0.0003630182325196074,-0.0004729996778678469,comparado
20240625_Netherlands_vs_Austria,2024-06-25,Netherlands,Austria,1961.597,1797.213,1961.5972374852863,1797.2127815423917,-0.0002374852863340493,0.00021845760829819483,comparado
20240625_France_vs_Poland,2024-06-25,France,Poland,2030.854,1718.109,2030.8538273865179,1718.1092697430822,0.00017261348216379702,-0.00026974308229910093,comparado
20240625_Peru_vs_Canada,2024-06-25,Peru,Canada,1761.233,1744.335,1761.2332399719412,1744.334518375647,-0.00023997194125513488,0.0004816243531422515,comparado
20240625_Chile_vs_Argentina,2024-06-25,Chile,Argentina,1732.681,2070.495,1732.6811435136747,2070.494560149976,-0.00014351367462950293,0.0004398500236675318,comparado
20240626_Slovakia_vs_Romania,2024-06-26,Slovakia,Romania,1687.001,1695.905,1687.000719290891,1695.9050849147927,0.00028070910889255174,-8.49147927510785e-05,comparado
20240626_Ukraine_vs_Belgium,2024-06-26,Ukraine,Belgium,1773.5,1934.798,1773.5000401006512,1934.7979756035834,-4.010065117654449e-05,2.4396416620220407e-05,comparado
20240626_Georgia_vs_Portugal,2024-06-26,Georgia,Portugal,1622.877,1971.275,1622.876772561413,1971.2749471703326,0.0002274385869895923,5.282966753838991e-05,comparado
20240626_Czech_Republic_vs_Turkey,2024-06-26,Czech Republic,Turkey,1718.681,1730.992,1718.6814561096046,1730.9915576238036,-0.00045610960455633176,0.00044237619636078307,comparado
20240626_Ecuador_vs_Jamaica,2024-06-26,Ecuador,Jamaica,1804.94,1668.451,1804.9402331240099,1668.4506440835928,-0.00023312400981012615,0.0003559164072157728,comparado
20240626_Venezuela_vs_Mexico,2024-06-26,Venezuela,Mexico,1759.275,1835.2,1759.274988023051,1835.2000250411868,1.1976949053860153e-05,-2.5041186745511368e-05,comparado
20240627_United_States_vs_Panama,2024-06-27,United States,Panama,1864.757,1730.0,1864.7574346712738,1729.9995647845574,-0.00043467127375151904,0.0004352154426214838,comparado
20240627_Uruguay_vs_Bolivia,2024-06-27,Uruguay,Bolivia,1925.147,1566.424,1925.1465513687995,1566.4235580992104,0.0004486312004701176,0.00044190078961037216,comparado
20240628_Colombia_vs_Costa_Rica,2024-06-28,Colombia,Costa Rica,1942.79,1734.048,1942.7902537751722,1734.0484791932217,-0.0002537751722684334,-0.0004791932217358408,comparado
20240628_Paraguay_vs_Brazil,2024-06-28,Paraguay,Brazil,1683.817,1976.718,1683.816838770414,1976.7184604850781,0.00016122958595587988,-0.0004604850780651759,comparado
20240629_Switzerland_vs_Italy,2024-06-29,Switzerland,Italy,1816.789,1902.524,1816.7891501170755,1902.5243482230185,-0.0001501170754636405,-0.00034822301859094296,comparado
20240629_Germany_vs_Denmark,2024-06-29,Germany,Denmark,1925.663,1822.78,1925.6634150737038,1822.7797164100966,-0.0004150737038344232,0.00028358990334709233,comparado
20240629_Argentina_vs_Peru,2024-06-29,Argentina,Peru,2075.751,1739.213,2075.7505340432003,1739.212637615488,0.00046595679987149197,0.00036238451207282196,comparado
20240629_Canada_vs_Chile,2024-06-29,Canada,Chile,1766.355,1727.425,1766.3551207321002,1727.4251696204506,-0.00012073210018570535,-0.00016962045060608943,comparado
20240630_England_vs_Slovakia,2024-06-30,England,Slovakia,1954.834,1687.539,1954.8339867434113,1687.5388067973254,1.325658877249225e-05,0.00019320267460898322,comparado
20240630_Spain_vs_Georgia,2024-06-30,Spain,Georgia,2011.447,1657.985,2011.4465644921415,1657.985182703195,0.000435507858355777,-0.00018270319515067968,comparado
20240630_Mexico_vs_Ecuador,2024-06-30,Mexico,Ecuador,1809.683,1818.543,1809.6825814529761,1818.5429716983201,0.00041854702385535347,2.8301679776632227e-05,comparado
20240630_Jamaica_vs_Venezuela,2024-06-30,Jamaica,Venezuela,1654.848,1784.792,1654.8479055092826,1784.7924316112617,9.449071740164072e-05,-0.00043161126177437836,comparado
20240701_France_vs_Belgium,2024-07-01,France,Belgium,2015.81,1925.694,2015.810026266481,1925.6935517473353,-2.6266480972481077e-05,0.00044825266468251357,comparado
20240701_Portugal_vs_Slovenia,2024-07-01,Portugal,Slovenia,1936.167,1712.687,1936.1665370285505,1712.6865363611678,0.0004629714494512882,0.0004636388321159757,comparado
20240701_United_States_vs_Uruguay,2024-07-01,United States,Uruguay,1835.998,1932.429,1835.9975645585978,1932.4288056788394,0.00043544140226003947,0.0001943211607340345,comparado
20240701_Bolivia_vs_Panama,2024-07-01,Bolivia,Panama,1559.141,1758.759,1559.1413037891705,1758.7594348972334,-0.0003037891704025242,-0.0004348972333900747,comparado
20240702_Romania_vs_Netherlands,2024-07-02,Romania,Netherlands,1695.367,1931.342,1695.3669974083584,1931.341906234952,2.59164153249003e-06,9.376504817737441e-05,comparado
20240702_Austria_vs_Turkey,2024-07-02,Austria,Turkey,1827.468,1751.248,1827.468112792726,1751.2478110992522,-0.00011279272598585521,0.00018890074784394528,comparado
20240702_Brazil_vs_Colombia,2024-07-02,Brazil,Colombia,1984.749,1955.085,1984.7492859496924,1955.0845253161126,-0.00028594969239748025,0.00047468388743254764,comparado
20240702_Costa_Rica_vs_Paraguay,2024-07-02,Costa Rica,Paraguay,1721.754,1675.786,1721.7542076522814,1675.7860133057998,-0.00020765228146046866,-1.330579971181578e-05,comparado
20240704_Argentina_vs_Ecuador,2024-07-04,Argentina,Ecuador,2080.791,1818.008,2080.790962333757,1818.0075404529723,3.766624331547064e-05,0.00045954702773087774,comparado
20240705_Germany_vs_Spain,2024-07-05,Germany,Spain,1941.361,2017.246,1941.3612713190807,2017.2460448849595,-0.00027131908063893206,-4.4884959379487555e-05,comparado
20240705_Portugal_vs_France,2024-07-05,Portugal,France,1924.258,2031.482,1924.2575866644318,2031.4820773896488,0.0004133355682824913,-7.738964882264554e-05,comparado
20240705_Venezuela_vs_Canada,2024-07-05,Venezuela,Canada,1802.454,1764.012,1802.4539745868506,1764.0118815103194,2.541314938753203e-05,0.00011848968051708653,comparado
20240706_England_vs_Switzerland,2024-07-06,England,Switzerland,1962.257,1844.366,1962.256563200985,1844.3656249625471,0.00043679901500581764,0.0003750374528408429,comparado
20240706_Netherlands_vs_Turkey,2024-07-06,Netherlands,Turkey,1942.096,1776.782,1942.0955480322468,1776.7822723591491,0.0004519677531789057,-0.0002723591492213018,comparado
20240706_Uruguay_vs_Brazil,2024-07-06,Uruguay,Brazil,1947.745,1982.961,1947.745421208304,1982.9606074481521,-0.0004212083040329162,0.00039255184788089537,comparado
20240706_Colombia_vs_Panama,2024-07-06,Colombia,Panama,1956.873,1768.94,1956.873203817653,1768.9399173263255,-0.00020381765284582798,8.267367456937791e-05,comparado
20240709_Spain_vs_France,2024-07-09,Spain,France,2033.731,2025.199,2033.730922376032,2025.1993328798762,7.762396808175254e-05,-0.00033287987616859027,comparado
20240709_Argentina_vs_Canada,2024-07-09,Argentina,Canada,2067.374,1766.326,2067.3735817633956,1766.32599579484,0.00041823660421869135,4.2051599393744254e-06,comparado
20240710_Netherlands_vs_England,2024-07-10,Netherlands,England,1953.795,1955.392,1953.7950345070735,1955.3923381767581,-3.4507073451095494e-05,-0.00033817675807767955,comparado
20240710_Uruguay_vs_Colombia,2024-07-10,Uruguay,Colombia,1949.867,1974.425,1949.8666686102854,1974.4250995279672,0.0003313897145744704,-9.952796722245694e-05,comparado
20240713_Canada_vs_Uruguay,2024-07-13,Canada,Uruguay,1760.229,1930.349,1760.229390896398,1930.3485831482885,-0.00039089639790290676,0.0004168517114067072,comparado
20240714_Spain_vs_England,2024-07-14,Spain,England,2054.215,1976.296,2054.2153523416832,1976.2957932569605,-0.00035234168308306835,0.00020674303959822282,comparado
20240714_Argentina_vs_Colombia,2024-07-14,Argentina,Colombia,2073.47,1993.943,2073.4701866618375,1993.943184989964,-0.00018666183768800693,-0.0001849899640546937,comparado
