match_id,date,competition,phase,team_a,team_b,goals_a,goals_b,neutral,knockout,elo_a_pre,elo_b_pre,fifa_rank_a_pre,fifa_rank_b_pre,market_prob_a_pre,market_prob_draw_pre,market_prob_b_pre,squad_quality_a_pre,squad_quality_b_pre,historical_strength_a_pre,historical_strength_b_pre,city,venue_country,source_dataset,source_url,data_quality_note
19500624_Brazil_vs_Mexico,1950-06-24,FIFA World Cup,unknown_stage_from_source,Brazil,Mexico,4,0,0,,1776.493,1652.380,,,,,,,,0.626468,0.000000,Rio de Janeiro,Brazil,martj42/international_results,https://github.com/martj42/international_results,"Resultados oficiales publicos; Elo e historial usan solo partidos previos. Ranking FIFA, mercado, plantilla y fase exacta quedan vacios si no hay fuente real conectada."
19500625_Chile_vs_England,1950-06-25,FIFA World Cup,unknown_stage_from_source,Chile,England,0,2,1,,1489.726,1726.578,,,,,,,,0.330046,,Rio de Janeiro,Brazil,martj42/international_results,https://github.com/martj42/international_results,"Resultados oficiales publicos; Elo e historial usan solo partidos previos. Ranking FIFA, mercado, plantilla y fase exacta quedan vacios si no hay fuente real conectada."
19500625_Italy_vs_Sweden,1950-06-25,FIFA World Cup,unknown_stage_from_source,Italy,Sweden,2,3,1,,1778.604,1666.652,,,,,,,,0.924259,0.436000,São Paulo,Brazil,martj42/international_results,https://github.com/martj42/international_results,"Resultados oficiales publicos; Elo e historial usan solo partidos previos. Ranking FIFA, mercado, plantilla y fase exacta quedan vacios si no hay fuente real conectada."
19500625_Spain_vs_United_States,1950-06-25,FIFA World Cup,unknown_stage_from_source,Spain,United States,3,1,1,,1623.231,1436.628,,,,,,,,0.469444,0.443750,Curitiba,Brazil,martj42/international_results,https://github.com/martj42/international_results,"Resultados oficiales publicos; Elo e historial usan solo partidos previos. Ranking FIFA, mercado, plantilla y fase exacta quedan vacios si no hay fuente real conectada."
19500625_Switzerland_vs_Yugoslavia,1950-06-25,FIFA World Cup,unknown_stage_from_source,Switzerland,Yugoslavia,0,3,1,,1514.404,1598.035,,,,,,,,0.472667,0.636667,Belo Horizonte,Brazil,martj42/international_results,https://github.com/martj42/international_results,"Resultados oficiales publicos; Elo e historial usan solo partidos previos. Ranking FIFA, mercado, plantilla y fase exacta quedan vacios si no hay fuente real conectada."
19500628_Brazil_vs_Switzerland,1950-06-28,FIFA World Cup,unknown_stage_from_source,Brazil,Switzerland,2,2,0,,1797.520,1492.982,,,,,,,,0.633284,0.386389,São Paulo,Brazil,martj42/international_results,https://github.com/martj42/international_results,"Resultados oficiales publicos; Elo e historial usan solo partidos previos. Ranking FIFA, mercado, plantilla y fase exacta quedan vacios si no hay fuente real conectada."
19500628_Mexico_vs_Yugoslavia,1950-06-28,FIFA World Cup,unknown_stage_from_source,Mexico,Yugoslavia,1,4,1,,1631.353,1619.458,,,,,,,,0.000000,0.738750,Porto Alegre,Brazil,martj42/international_results,https://github.com/martj42/international_results,"Resultados oficiales publicos; Elo e historial usan solo partidos previos. Ranking FIFA, mercado, plantilla y fase exacta quedan vacios si no hay fuente real conectada."
19500629_Chile_vs_Spain,1950-06-29,FIFA World Cup,unknown_stage_from_source,Chile,Spain,0,2,1,,1481.241,1634.060,,,,,,,,0.325586,0.602083,Rio de Janeiro,Brazil,martj42/international_results,https://github.com/martj42/international_results,"Resultados oficiales publicos; Elo e historial usan solo partidos previos. Ranking FIFA, mercado, plantilla y fase exacta quedan vacios si no hay fuente real conectada."
19500629_England_vs_United_States,1950-06-29,FIFA World Cup,unknown_stage_from_source,England,United States,0,1,1,,1735.063,1425.799,,,,,,,,1.000000,0.355000,Belo Horizonte,Brazil,martj42/international_results,https://github.com/martj42/international_results,"Resultados oficiales publicos; Elo e historial usan solo partidos previos. Ranking FIFA, mercado, plantilla y fase exacta quedan vacios si no hay fuente real conectada."
19500629_Paraguay_vs_Sweden,1950-06-29,FIFA World Cup,unknown_stage_from_source,Paraguay,Sweden,2,2,1,,1641.192,1694.194,,,,,,,,0.472984,0.522500,Curitiba,Brazil,martj42/international_results,https://github.com/martj42/international_results,"Resultados oficiales publicos; Elo e historial usan solo partidos previos. Ranking FIFA, mercado, plantilla y fase exacta quedan vacios si no hay fuente real conectada."
19500701_Brazil_vs_Yugoslavia,1950-07-01,FIFA World Cup,unknown_stage_from_source,Brazil,Yugoslavia,2,0,0,,1782.721,1649.404,,,,,,,,0.629372,0.800000,Rio de Janeiro,Brazil,martj42/international_results,https://github.com/martj42/international_results,"Resultados oficiales publicos; Elo e historial usan solo partidos previos. Ranking FIFA, mercado, plantilla y fase exacta quedan vacios si no hay fuente real conectada."
19500702_Bolivia_vs_Uruguay,1950-07-02,FIFA World Cup,unknown_stage_from_source,Bolivia,Uruguay,0,8,1,,1350.835,1569.234,,,,,,,,0.080980,0.712299,Belo Horizonte,Brazil,martj42/international_results,https://github.com/martj42/international_results,"Resultados oficiales publicos; Elo e historial usan solo partidos previos. Ranking FIFA, mercado, plantilla y fase exacta quedan vacios si no hay fuente real conectada."
19500702_Chile_vs_United_States,1950-07-02,FIFA World Cup,unknown_stage_from_source,Chile,United States,5,2,1,,1468.589,1461.739,,,,,,,,0.321244,0.455000,Recife,Brazil,martj42/international_results,https://github.com/martj42/international_results,"Resultados oficiales publicos; Elo e historial usan solo partidos previos. Ranking FIFA, mercado, plantilla y fase exacta quedan vacios si no hay fuente real conectada."
19500702_England_vs_Spain,1950-07-02,FIFA World Cup,unknown_stage_from_source,England,Spain,0,1,1,,1699.122,1646.712,,,,,,,,0.522500,0.681667,Rio de Janeiro,Brazil,martj42/international_results,https://github.com/martj42/international_results,"Resultados oficiales publicos; Elo e historial usan solo partidos previos. Ranking FIFA, mercado, plantilla y fase exacta quedan vacios si no hay fuente real conectada."
19500702_Italy_vs_Paraguay,1950-07-02,FIFA World Cup,unknown_stage_from_source,Italy,Paraguay,2,0,1,,1751.062,1644.371,,,,,,,,0.836333,0.471243,São Paulo,Brazil,martj42/international_results,https://github.com/martj42/international_results,"Resultados oficiales publicos; Elo e historial usan solo partidos previos. Ranking FIFA, mercado, plantilla y fase exacta quedan vacios si no hay fuente real conectada."
19500702_Mexico_vs_Switzerland,1950-07-02,FIFA World Cup,unknown_stage_from_source,Mexico,Switzerland,1,2,1,,1601.406,1507.780,,,,,,,,0.000000,0.383095,Porto Alegre,Brazil,martj42/international_results,https://github.com/martj42/international_results,"Resultados oficiales publicos; Elo e historial usan solo partidos previos. Ranking FIFA, mercado, plantilla y fase exacta quedan vacios si no hay fuente real conectada."
19500709_Brazil_vs_Sweden,1950-07-09,FIFA World Cup,unknown_stage_from_source,Brazil,Sweden,7,1,0,,1796.514,1691.015,,,,,,,,0.634667,0.499762,Rio de Janeiro,Brazil,martj42/international_results,https://github.com/martj42/international_results,"Resultados oficiales publicos; Elo e historial usan solo partidos previos. Ranking FIFA, mercado, plantilla y fase exacta quedan vacios si no hay fuente real conectada."
19500709_Spain_vs_Uruguay,1950-07-09,FIFA World Cup,unknown_stage_from_source,Spain,Uruguay,2,2,1,,1670.856,1587.826,,,,,,,,0.727222,0.718636,São Paulo,Brazil,martj42/international_results,https://github.com/martj42/international_results,"Resultados oficiales publicos; Elo e historial usan solo partidos previos. Ranking FIFA, mercado, plantilla y fase exacta quedan vacios si no hay fuente real conectada."
19500713_Brazil_vs_Spain,1950-07-13,FIFA World Cup,unknown_stage_from_source,Brazil,Spain,6,1,0,,1824.019,1665.931,,,,,,,,0.642347,0.675238,Rio de Janeiro,Brazil,martj42/international_results,https://github.com/martj42/international_results,"Resultados oficiales publicos; Elo e historial usan solo partidos previos. Ranking FIFA, mercado, plantilla y fase exacta quedan vacios si no hay fuente real conectada."
19500713_Sweden_vs_Uruguay,1950-07-13,FIFA World Cup,unknown_stage_from_source,Sweden,Uruguay,2,3,1,,1663.511,1592.751,,,,,,,,0.414792,0.714644,São Paulo,Brazil,martj42/international_results,https://github.com/martj42/international_results,"Resultados oficiales publicos; Elo e historial usan solo partidos previos. Ranking FIFA, mercado, plantilla y fase exacta quedan vacios si no hay fuente real conectada."
19500716_Brazil_vs_Uruguay,1950-07-16,FIFA World Cup,unknown_stage_from_source,Brazil,Uruguay,1,2,0,,1844.168,1617.970,,,,,,,,0.649190,0.717315,Rio de Janeiro,Brazil,martj42/international_results,https://github.com/martj42/international_results,"Resultados oficiales publicos; Elo e historial usan solo partidos previos. Ranking FIFA, mercado, plantilla y fase exacta quedan vacios si no hay fuente real conectada."
19500716_Spain_vs_Sweden,1950-07-16,FIFA World Cup,unknown_stage_from_source,Spain,Sweden,1,3,1,,1645.781,1638.292,,,,,,,,0.573958,0.373704,São Paulo,Brazil,martj42/international_results,https://github.com/martj42/international_results,"Resultados oficiales publicos; Elo e historial usan solo partidos previos. Ranking FIFA, mercado, plantilla y fase exacta quedan vacios si no hay fuente real conectada."
19530222_Peru_vs_Bolivia,1953-02-22,Copa América,unknown_stage_from_source,Peru,Bolivia,0,1,0,,1580.279,1332.244,,,,,,,,0.405947,0.070952,Lima,Peru,martj42/international_results,https://github.com/martj42/international_results,"Resultados oficiales publicos; Elo e historial usan solo partidos previos. Ranking FIFA, mercado, plantilla y fase exacta quedan vacios si no hay fuente real conectada."
19530225_Bolivia_vs_Uruguay,1953-02-25,Copa América,unknown_stage_from_source,Bolivia,Uruguay,0,2,1,,1366.120,1659.197,,,,,,,,0.095509,0.719927,Lima,Peru,martj42/international_results,https://github.com/martj42/international_results,"Resultados oficiales publicos; Elo e historial usan solo partidos previos. Ranking FIFA, mercado, plantilla y fase exacta quedan vacios si no hay fuente real conectada."
19530225_Chile_vs_Paraguay,1953-02-25,Copa América,unknown_stage_from_source,Chile,Paraguay,0,3,1,,1560.762,1628.919,,,,,,,,0.330768,0.463880,Lima,Peru,martj42/international_results,https://github.com/martj42/international_results,"Resultados oficiales publicos; Elo e historial usan solo partidos previos. Ranking FIFA, mercado, plantilla y fase exacta quedan vacios si no hay fuente real conectada."
19530228_Peru_vs_Ecuador,1953-02-28,Copa América,unknown_stage_from_source,Peru,Ecuador,1,0,0,,1546.404,1232.194,,,,,,,,0.397926,0.004657,Lima,Peru,martj42/international_results,https://github.com/martj42/international_results,"Resultados oficiales publicos; Elo e historial usan solo partidos previos. Ranking FIFA, mercado, plantilla y fase exacta quedan vacios si no hay fuente real conectada."
19530301_Bolivia_vs_Brazil,1953-03-01,Copa América,unknown_stage_from_source,Bolivia,Brazil,1,8,1,,1359.761,1824.564,,,,,,,,0.092928,0.640913,Lima,Peru,martj42/international_results,https://github.com/martj42/international_results,"Resultados oficiales publicos; Elo e historial usan solo partidos previos. Ranking FIFA, mercado, plantilla y fase exacta quedan vacios si no hay fuente real conectada."
19530301_Chile_vs_Uruguay,1953-03-01,Copa América,unknown_stage_from_source,Chile,Uruguay,3,2,1,,1537.994,1665.555,,,,,,,,0.325887,0.722971,Lima,Peru,martj42/international_results,https://github.com/martj42/international_results,"Resultados oficiales publicos; Elo e historial usan solo partidos previos. Ranking FIFA, mercado, plantilla y fase exacta quedan vacios si no hay fuente real conectada."
19530304_Ecuador_vs_Paraguay,1953-03-04,Copa América,unknown_stage_from_source,Ecuador,Paraguay,0,0,1,,1226.281,1651.687,,,,,,,,0.005810,0.472821,Lima,Peru,martj42/international_results,https://github.com/martj42/international_results,"Resultados oficiales publicos; Elo e historial usan solo partidos previos. Ranking FIFA, mercado, plantilla y fase exacta quedan vacios si no hay fuente real conectada."
19530304_Peru_vs_Chile,1953-03-04,Copa América,unknown_stage_from_source,Peru,Chile,0,0,0,,1552.317,1566.376,,,,,,,,0.410036,0.333953,Lima,Peru,martj42/international_results,https://github.com/martj42/international_results,"Resultados oficiales publicos; Elo e historial usan solo partidos previos. Ranking FIFA, mercado, plantilla y fase exacta quedan vacios si no hay fuente real conectada."
19530308_Bolivia_vs_Ecuador,1953-03-08,Copa América,unknown_stage_from_source,Bolivia,Ecuador,1,1,1,,1355.116,1243.941,,,,,,,,0.084561,0.015741,Lima,Peru,martj42/international_results,https://github.com/martj42/international_results,"Resultados oficiales publicos; Elo e historial usan solo partidos previos. Ranking FIFA, mercado, plantilla y fase exacta quedan vacios si no hay fuente real conectada."
19530308_Peru_vs_Paraguay,1953-03-08,Copa América,unknown_stage_from_source,Peru,Paraguay,2,2,0,,1553.166,1634.027,,,,,,,,0.409043,0.471162,Lima,Peru,martj42/international_results,https://github.com/martj42/international_results,"Resultados oficiales publicos; Elo e historial usan solo partidos previos. Ranking FIFA, mercado, plantilla y fase exacta quedan vacios si no hay fuente real conectada."
19530312_Brazil_vs_Ecuador,1953-03-12,Copa América,unknown_stage_from_source,Brazil,Ecuador,2,0,1,,1829.209,1250.441,,,,,,,,0.648806,0.025135,Lima,Peru,martj42/international_results,https://github.com/martj42/international_results,"Resultados oficiales publicos; Elo e historial usan solo partidos previos. Ranking FIFA, mercado, plantilla y fase exacta quedan vacios si no hay fuente real conectada."
19530312_Paraguay_vs_Uruguay,1953-03-12,Copa América,unknown_stage_from_source,Paraguay,Uruguay,2,2,1,,1629.226,1637.174,,,,,,,,0.469552,0.715681,Lima,Peru,martj42/international_results,https://github.com/martj42/international_results,"Resultados oficiales publicos; Elo e historial usan solo partidos previos. Ranking FIFA, mercado, plantilla y fase exacta quedan vacios si no hay fuente real conectada."
19530315_Brazil_vs_Uruguay,1953-03-15,Copa América,unknown_stage_from_source,Brazil,Uruguay,1,0,1,,1830.470,1636.694,,,,,,,,0.653489,0.711933,Lima,Peru,martj42/international_results,https://github.com/martj42/international_results,"Resultados oficiales publicos; Elo e historial usan solo partidos previos. Ranking FIFA, mercado, plantilla y fase exacta quedan vacios si no hay fuente real conectada."
19530316_Bolivia_vs_Paraguay,1953-03-16,Copa América,unknown_stage_from_source,Bolivia,Paraguay,1,2,1,,1348.616,1629.707,,,,,,,,0.091709,0.467990,Lima,Peru,martj42/international_results,https://github.com/martj42/international_results,"Resultados oficiales publicos; Elo e historial usan solo partidos previos. Ranking FIFA, mercado, plantilla y fase exacta quedan vacios si no hay fuente real conectada."
19530319_Chile_vs_Ecuador,1953-03-19,Copa América,unknown_stage_from_source,Chile,Ecuador,3,0,1,,1565.526,1249.180,,,,,,,,0.334325,0.024474,Lima,Peru,martj42/international_results,https://github.com/martj42/international_results,"Resultados oficiales publicos; Elo e historial usan solo partidos previos. Ranking FIFA, mercado, plantilla y fase exacta quedan vacios si no hay fuente real conectada."
19530319_Peru_vs_Brazil,1953-03-19,Copa América,unknown_stage_from_source,Peru,Brazil,1,0,0,,1557.967,1840.838,,,,,,,,0.408090,0.657456,Lima,Peru,martj42/international_results,https://github.com/martj42/international_results,"Resultados oficiales publicos; Elo e historial usan solo partidos previos. Ranking FIFA, mercado, plantilla y fase exacta quedan vacios si no hay fuente real conectada."
19530323_Brazil_vs_Chile,1953-03-23,Copa América,unknown_stage_from_source,Brazil,Chile,3,2,1,,1805.728,1572.618,,,,,,,,0.649502,0.343208,Lima,Peru,martj42/international_results,https://github.com/martj42/international_results,"Resultados oficiales publicos; Elo e historial usan solo partidos previos. Ranking FIFA, mercado, plantilla y fase exacta quedan vacios si no hay fuente real conectada."
19530323_Ecuador_vs_Uruguay,1953-03-23,Copa América,unknown_stage_from_source,Ecuador,Uruguay,0,6,1,,1242.089,1626.326,,,,,,,,0.022692,0.704912,Lima,Peru,martj42/international_results,https://github.com/martj42/international_results,"Resultados oficiales publicos; Elo e historial usan solo partidos previos. Ranking FIFA, mercado, plantilla y fase exacta quedan vacios si no hay fuente real conectada."
19530327_Brazil_vs_Paraguay,1953-03-27,Copa América,unknown_stage_from_source,Brazil,Paraguay,1,2,1,,1814.431,1636.656,,,,,,,,0.653419,0.475048,Lima,Peru,martj42/international_results,https://github.com/martj42/international_results,"Resultados oficiales publicos; Elo e historial usan solo partidos previos. Ranking FIFA, mercado, plantilla y fase exacta quedan vacios si no hay fuente real conectada."
19530328_Bolivia_vs_Chile,1953-03-28,Copa América,unknown_stage_from_source,Bolivia,Chile,2,2,1,,1341.667,1563.916,,,,,,,,0.090542,0.339527,Lima,Peru,martj42/international_results,https://github.com/martj42/international_results,"Resultados oficiales publicos; Elo e historial usan solo partidos previos. Ranking FIFA, mercado, plantilla y fase exacta quedan vacios si no hay fuente real conectada."
19530328_Peru_vs_Uruguay,1953-03-28,Copa América,unknown_stage_from_source,Peru,Uruguay,0,3,0,,1593.077,1633.192,,,,,,,,0.419252,0.709861,Lima,Peru,martj42/international_results,https://github.com/martj42/international_results,"Resultados oficiales publicos; Elo e historial usan solo partidos previos. Ranking FIFA, mercado, plantilla y fase exacta quedan vacios si no hay fuente real conectada."
19530401_Brazil_vs_Paraguay,1953-04-01,Copa América,unknown_stage_from_source,Brazil,Paraguay,2,3,1,,1783.534,1667.553,,,,,,,,0.645717,0.481905,Lima,Peru,martj42/international_results,https://github.com/martj42/international_results,"Resultados oficiales publicos; Elo e historial usan solo partidos previos. Ranking FIFA, mercado, plantilla y fase exacta quedan vacios si no hay fuente real conectada."
19540616_Austria_vs_Scotland,1954-06-16,FIFA World Cup,unknown_stage_from_source,Austria,Scotland,1,0,1,,1647.017,1621.229,,,,,,,,0.500000,,Zürich,Switzerland,martj42/international_results,https://github.com/martj42/international_results,"Resultados oficiales publicos; Elo e historial usan solo partidos previos. Ranking FIFA, mercado, plantilla y fase exacta quedan vacios si no hay fuente real conectada."
19540616_Brazil_vs_Mexico,1954-06-16,FIFA World Cup,unknown_stage_from_source,Brazil,Mexico,5,0,1,,1795.806,1603.436,,,,,,,,0.638208,0.000000,Geneva,Switzerland,martj42/international_results,https://github.com/martj42/international_results,"Resultados oficiales publicos; Elo e historial usan solo partidos previos. Ranking FIFA, mercado, plantilla y fase exacta quedan vacios si no hay fuente real conectada."
19540616_Czechoslovakia_vs_Uruguay,1954-06-16,FIFA World Cup,unknown_stage_from_source,Czechoslovakia,Uruguay,0,2,1,,1588.080,1661.778,,,,,,,,0.629762,0.713316,Bern,Switzerland,martj42/international_results,https://github.com/martj42/international_results,"Resultados oficiales publicos; Elo e historial usan solo partidos previos. Ranking FIFA, mercado, plantilla y fase exacta quedan vacios si no hay fuente real conectada."
19540616_France_vs_Yugoslavia,1954-06-16,FIFA World Cup,unknown_stage_from_source,France,Yugoslavia,0,1,1,,1574.521,1684.870,,,,,,,,0.363333,0.666667,Lausanne,Switzerland,martj42/international_results,https://github.com/martj42/international_results,"Resultados oficiales publicos; Elo e historial usan solo partidos previos. Ranking FIFA, mercado, plantilla y fase exacta quedan vacios si no hay fuente real conectada."
19540617_Belgium_vs_England,1954-06-17,FIFA World Cup,unknown_stage_from_source,Belgium,England,4,4,1,,1529.938,1693.841,,,,,,,,0.000000,0.363333,Basel,Switzerland,martj42/international_results,https://github.com/martj42/international_results,"Resultados oficiales publicos; Elo e historial usan solo partidos previos. Ranking FIFA, mercado, plantilla y fase exacta quedan vacios si no hay fuente real conectada."
19540617_Germany_vs_Turkey,1954-06-17,FIFA World Cup,unknown_stage_from_source,Germany,Turkey,4,1,1,,1715.119,1517.005,,,,,,,,0.553056,,Bern,Switzerland,martj42/international_results,https://github.com/martj42/international_results,"Resultados oficiales publicos; Elo e historial usan solo partidos previos. Ranking FIFA, mercado, plantilla y fase exacta quedan vacios si no hay fuente real conectada."
19540617_Hungary_vs_South_Korea,1954-06-17,FIFA World Cup,unknown_stage_from_source,Hungary,South Korea,9,0,1,,1784.100,1531.809,,,,,,,,0.719167,,Zürich,Switzerland,martj42/international_results,https://github.com/martj42/international_results,"Resultados oficiales publicos; Elo e historial usan solo partidos previos. Ranking FIFA, mercado, plantilla y fase exacta quedan vacios si no hay fuente real conectada."
19540617_Switzerland_vs_Italy,1954-06-17,FIFA World Cup,unknown_stage_from_source,Switzerland,Italy,2,1,0,,1502.562,1748.774,,,,,,,,0.454583,0.851212,Lausanne,Switzerland,martj42/international_results,https://github.com/martj42/international_results,"Resultados oficiales publicos; Elo e historial usan solo partidos previos. Ranking FIFA, mercado, plantilla y fase exacta quedan vacios si no hay fuente real conectada."
19540619_Austria_vs_Czechoslovakia,1954-06-19,FIFA World Cup,unknown_stage_from_source,Austria,Czechoslovakia,5,0,1,,1666.461,1570.422,,,,,,,,0.591000,0.551042,Zürich,Switzerland,martj42/international_results,https://github.com/martj42/international_results,"Resultados oficiales publicos; Elo e historial usan solo partidos previos. Ranking FIFA, mercado, plantilla y fase exacta quedan vacios si no hay fuente real conectada."
19540619_Brazil_vs_Yugoslavia,1954-06-19,FIFA World Cup,unknown_stage_from_source,Brazil,Yugoslavia,1,1,1,,1812.994,1699.416,,,,,,,,0.644342,0.707857,Lausanne,Switzerland,martj42/international_results,https://github.com/martj42/international_results,"Resultados oficiales publicos; Elo e historial usan solo partidos previos. Ranking FIFA, mercado, plantilla y fase exacta quedan vacios si no hay fuente real conectada."
19540619_France_vs_Mexico,1954-06-19,FIFA World Cup,unknown_stage_from_source,France,Mexico,3,2,1,,1559.976,1586.249,,,,,,,,0.317857,0.000000,Geneva,Switzerland,martj42/international_results,https://github.com/martj42/international_results,"Resultados oficiales publicos; Elo e historial usan solo partidos previos. Ranking FIFA, mercado, plantilla y fase exacta quedan vacios si no hay fuente real conectada."
19540619_Scotland_vs_Uruguay,1954-06-19,FIFA World Cup,unknown_stage_from_source,Scotland,Uruguay,0,7,1,,1601.785,1679.436,,,,,,,,0.045000,0.716241,Basel,Switzerland,martj42/international_results,https://github.com/martj42/international_results,"Resultados oficiales publicos; Elo e historial usan solo partidos previos. Ranking FIFA, mercado, plantilla y fase exacta quedan vacios si no hay fuente real conectada."
19540620_Belgium_vs_Italy,1954-06-20,FIFA World Cup,unknown_stage_from_source,Belgium,Italy,1,4,1,,1539.169,1714.968,,,,,,,,0.063667,0.784028,Lugano,Switzerland,martj42/international_results,https://github.com/martj42/international_results,"Resultados oficiales publicos; Elo e historial usan solo partidos previos. Ranking FIFA, mercado, plantilla y fase exacta quedan vacios si no hay fuente real conectada."
19540620_Germany_vs_Hungary,1954-06-20,FIFA World Cup,unknown_stage_from_source,Germany,Hungary,3,8,1,,1728.058,1800.554,,,,,,,,0.623333,0.804286,Basel,Switzerland,martj42/international_results,https://github.com/martj42/international_results,"Resultados oficiales publicos; Elo e historial usan solo partidos previos. Ranking FIFA, mercado, plantilla y fase exacta quedan vacios si no hay fuente real conectada."
19540620_South_Korea_vs_Turkey,1954-06-20,FIFA World Cup,unknown_stage_from_source,South Korea,Turkey,0,7,1,,1515.356,1504.066,,,,,,,,0.000000,0.000000,Geneva,Switzerland,martj42/international_results,https://github.com/martj42/international_results,"Resultados oficiales publicos; Elo e historial usan solo partidos previos. Ranking FIFA, mercado, plantilla y fase exacta quedan vacios si no hay fuente real conectada."
19540620_Switzerland_vs_England,1954-06-20,FIFA World Cup,unknown_stage_from_source,Switzerland,England,0,2,0,,1536.369,1684.609,,,,,,,,0.510185,0.363333,Bern,Switzerland,martj42/international_results,https://github.com/martj42/international_results,"Resultados oficiales publicos; Elo e historial usan solo partidos previos. Ranking FIFA, mercado, plantilla y fase exacta quedan vacios si no hay fuente real conectada."
19540623_Germany_vs_Turkey,1954-06-23,FIFA World Cup,unknown_stage_from_source,Germany,Turkey,7,2,1,,1699.124,1548.923,,,,,,,,0.528542,0.590000,Zürich,Switzerland,martj42/international_results,https://github.com/martj42/international_results,"Resultados oficiales publicos; Elo e historial usan solo partidos previos. Ranking FIFA, mercado, plantilla y fase exacta quedan vacios si no hay fuente real conectada."
19540623_Switzerland_vs_Italy,1954-06-23,FIFA World Cup,unknown_stage_from_source,Switzerland,Italy,4,1,0,,1523.455,1729.341,,,,,,,,0.459167,0.804103,Basel,Switzerland,martj42/international_results,https://github.com/martj42/international_results,"Resultados oficiales publicos; Elo e historial usan solo partidos previos. Ranking FIFA, mercado, plantilla y fase exacta quedan vacios si no hay fuente real conectada."
19540626_England_vs_Uruguay,1954-06-26,FIFA World Cup,unknown_stage_from_source,England,Uruguay,2,4,1,,1697.523,1712.342,,,,,,,,0.490667,0.721380,Basel,Switzerland,martj42/international_results,https://github.com/martj42/international_results,"Resultados oficiales publicos; Elo e historial usan solo partidos previos. Ranking FIFA, mercado, plantilla y fase exacta quedan vacios si no hay fuente real conectada."
19540626_Switzerland_vs_Austria,1954-06-26,FIFA World Cup,unknown_stage_from_source,Switzerland,Austria,5,7,0,,1564.232,1692.794,,,,,,,,0.512424,0.681667,Lausanne,Switzerland,martj42/international_results,https://github.com/martj42/international_results,"Resultados oficiales publicos; Elo e historial usan solo partidos previos. Ranking FIFA, mercado, plantilla y fase exacta quedan vacios si no hay fuente real conectada."
19540627_Brazil_vs_Hungary,1954-06-27,FIFA World Cup,unknown_stage_from_source,Brazil,Hungary,2,4,1,,1806.363,1829.488,,,,,,,,0.640915,0.845625,Bern,Switzerland,martj42/international_results,https://github.com/martj42/international_results,"Resultados oficiales publicos; Elo e historial usan solo partidos previos. Ranking FIFA, mercado, plantilla y fase exacta quedan vacios si no hay fuente real conectada."
19540627_Germany_vs_Yugoslavia,1954-06-27,FIFA World Cup,unknown_stage_from_source,Germany,Yugoslavia,2,0,1,,1720.002,1706.046,,,,,,,,0.595926,0.664792,Geneva,Switzerland,martj42/international_results,https://github.com/martj42/international_results,"Resultados oficiales publicos; Elo e historial usan solo partidos previos. Ranking FIFA, mercado, plantilla y fase exacta quedan vacios si no hay fuente real conectada."
19540630_Austria_vs_Germany,1954-06-30,FIFA World Cup,unknown_stage_from_source,Austria,Germany,1,6,1,,1706.875,1742.007,,,,,,,,0.727143,0.636333,Basel,Switzerland,martj42/international_results,https://github.com/martj42/international_results,"Resultados oficiales publicos; Elo e historial usan solo partidos previos. Ranking FIFA, mercado, plantilla y fase exacta quedan vacios si no hay fuente real conectada."
19540630_Hungary_vs_Uruguay,1954-06-30,FIFA World Cup,unknown_stage_from_source,Hungary,Uruguay,4,2,1,,1850.802,1734.282,,,,,,,,0.862778,0.724167,Lausanne,Switzerland,martj42/international_results,https://github.com/martj42/international_results,"Resultados oficiales publicos; Elo e historial usan solo partidos previos. Ranking FIFA, mercado, plantilla y fase exacta quedan vacios si no hay fuente real conectada."
19540703_Austria_vs_Uruguay,1954-07-03,FIFA World Cup,unknown_stage_from_source,Austria,Uruguay,3,1,1,,1673.572,1719.456,,,,,,,,0.619375,0.716997,Zürich,Switzerland,martj42/international_results,https://github.com/martj42/international_results,"Resultados oficiales publicos; Elo e historial usan solo partidos previos. Ranking FIFA, mercado, plantilla y fase exacta quedan vacios si no hay fuente real conectada."
19540704_Germany_vs_Hungary,1954-07-04,FIFA World Cup,unknown_stage_from_source,Germany,Hungary,3,2,1,,1775.310,1865.628,,,,,,,,0.681667,0.876500,Bern,Switzerland,martj42/international_results,https://github.com/martj42/international_results,"Resultados oficiales publicos; Elo e historial usan solo partidos previos. Ranking FIFA, mercado, plantilla y fase exacta quedan vacios si no hay fuente real conectada."
19550227_Chile_vs_Ecuador,1955-02-27,Copa América,unknown_stage_from_source,Chile,Ecuador,7,1,0,,1506.898,1235.222,,,,,,,,0.339817,0.017625,Santiago,Chile,martj42/international_results,https://github.com/martj42/international_results,"Resultados oficiales publicos; Elo e historial usan solo partidos previos. Ranking FIFA, mercado, plantilla y fase exacta quedan vacios si no hay fuente real conectada."
19550302_Argentina_vs_Paraguay,1955-03-02,Copa América,unknown_stage_from_source,Argentina,Paraguay,5,3,1,,1852.590,1694.293,,,,,,,,0.801179,0.488568,Santiago,Chile,martj42/international_results,https://github.com/martj42/international_results,"Resultados oficiales publicos; Elo e historial usan solo partidos previos. Ranking FIFA, mercado, plantilla y fase exacta quedan vacios si no hay fuente real conectada."
19550306_Chile_vs_Peru,1955-03-06,Copa América,unknown_stage_from_source,Chile,Peru,5,4,0,,1519.490,1572.765,,,,,,,,0.349940,0.409967,Santiago,Chile,martj42/international_results,https://github.com/martj42/international_results,"Resultados oficiales publicos; Elo e historial usan solo partidos previos. Ranking FIFA, mercado, plantilla y fase exacta quedan vacios si no hay fuente real conectada."
19550309_Argentina_vs_Ecuador,1955-03-09,Copa América,unknown_stage_from_source,Argentina,Ecuador,4,0,1,,1864.933,1222.631,,,,,,,,0.803574,0.012805,Santiago,Chile,martj42/international_results,https://github.com/martj42/international_results,"Resultados oficiales publicos; Elo e historial usan solo partidos previos. Ranking FIFA, mercado, plantilla y fase exacta quedan vacios si no hay fuente real conectada."
19550309_Paraguay_vs_Uruguay,1955-03-09,Copa América,unknown_stage_from_source,Paraguay,Uruguay,1,3,1,,1681.950,1693.889,,,,,,,,0.481782,0.709967,Santiago,Chile,martj42/international_results,https://github.com/martj42/international_results,"Resultados oficiales publicos; Elo e historial usan solo partidos previos. Ranking FIFA, mercado, plantilla y fase exacta quedan vacios si no hay fuente real conectada."
19550313_Chile_vs_Uruguay,1955-03-13,Copa América,unknown_stage_from_source,Chile,Uruguay,2,2,0,,1543.685,1716.047,,,,,,,,0.357143,0.712783,Santiago,Chile,martj42/international_results,https://github.com/martj42/international_results,"Resultados oficiales publicos; Elo e historial usan solo partidos previos. Ranking FIFA, mercado, plantilla y fase exacta quedan vacios si no hay fuente real conectada."
19550313_Ecuador_vs_Peru,1955-03-13,Copa América,unknown_stage_from_source,Ecuador,Peru,2,4,1,,1221.365,1548.570,,,,,,,,0.010357,0.402810,Santiago,Chile,martj42/international_results,https://github.com/martj42/international_results,"Resultados oficiales publicos; Elo e historial usan solo partidos previos. Ranking FIFA, mercado, plantilla y fase exacta quedan vacios si no hay fuente real conectada."
19550316_Argentina_vs_Peru,1955-03-16,Copa América,unknown_stage_from_source,Argentina,Peru,2,2,1,,1866.199,1553.872,,,,,,,,0.806984,0.414295,Santiago,Chile,martj42/international_results,https://github.com/martj42/international_results,"Resultados oficiales publicos; Elo e historial usan solo partidos previos. Ranking FIFA, mercado, plantilla y fase exacta quedan vacios si no hay fuente real conectada."
19550316_Ecuador_vs_Paraguay,1955-03-16,Copa América,unknown_stage_from_source,Ecuador,Paraguay,0,2,1,,1216.064,1659.792,,,,,,,,0.010116,0.475183,Santiago,Chile,martj42/international_results,https://github.com/martj42/international_results,"Resultados oficiales publicos; Elo e historial usan solo partidos previos. Ranking FIFA, mercado, plantilla y fase exacta quedan vacios si no hay fuente real conectada."
19550320_Chile_vs_Paraguay,1955-03-20,Copa América,unknown_stage_from_source,Chile,Paraguay,5,0,0,,1553.325,1662.561,,,,,,,,0.357216,0.482275,Santiago,Chile,martj42/international_results,https://github.com/martj42/international_results,"Resultados oficiales publicos; Elo e historial usan solo partidos previos. Ranking FIFA, mercado, plantilla y fase exacta quedan vacios si no hay fuente real conectada."
19550323_Ecuador_vs_Uruguay,1955-03-23,Copa América,unknown_stage_from_source,Ecuador,Uruguay,1,5,1,,1213.294,1706.407,,,,,,,,0.009886,0.709423,Santiago,Chile,martj42/international_results,https://github.com/martj42/international_results,"Resultados oficiales publicos; Elo e historial usan solo partidos previos. Ranking FIFA, mercado, plantilla y fase exacta quedan vacios si no hay fuente real conectada."
19550323_Paraguay_vs_Peru,1955-03-23,Copa América,unknown_stage_from_source,Paraguay,Peru,1,1,1,,1615.801,1568.903,,,,,,,,0.474044,0.413333,Santiago,Chile,martj42/international_results,https://github.com/martj42/international_results,"Resultados oficiales publicos; Elo e historial usan solo partidos previos. Ranking FIFA, mercado, plantilla y fase exacta quedan vacios si no hay fuente real conectada."
19550327_Argentina_vs_Uruguay,1955-03-27,Copa América,unknown_stage_from_source,Argentina,Uruguay,6,1,1,,1851.167,1709.459,,,,,,,,0.801765,0.713048,Santiago,Chile,martj42/international_results,https://github.com/martj42/international_results,"Resultados oficiales publicos; Elo e historial usan solo partidos previos. Ranking FIFA, mercado, plantilla y fase exacta quedan vacios si no hay fuente real conectada."
19550330_Chile_vs_Argentina,1955-03-30,Copa América,unknown_stage_from_source,Chile,Argentina,0,1,0,,1600.085,1872.849,,,,,,,,0.366260,0.805640,Santiago,Chile,martj42/international_results,https://github.com/martj42/international_results,"Resultados oficiales publicos; Elo e historial usan solo partidos previos. Ranking FIFA, mercado, plantilla y fase exacta quedan vacios si no hay fuente real conectada."
19550330_Peru_vs_Uruguay,1955-03-30,Copa América,unknown_stage_from_source,Peru,Uruguay,2,1,1,,1571.721,1687.778,,,,,,,,0.412407,0.705047,Santiago,Chile,martj42/international_results,https://github.com/martj42/international_results,"Resultados oficiales publicos; Elo e historial usan solo partidos previos. Ranking FIFA, mercado, plantilla y fase exacta quedan vacios si no hay fuente real conectada."
19560121_Uruguay_vs_Paraguay,1956-01-21,Copa América,unknown_stage_from_source,Uruguay,Paraguay,4,2,0,,1660.013,1610.752,,,,,,,,0.698879,0.472588,Montevideo,Uruguay,martj42/international_results,https://github.com/martj42/international_results,"Resultados oficiales publicos; Elo e historial usan solo partidos previos. Ranking FIFA, mercado, plantilla y fase exacta quedan vacios si no hay fuente real conectada."
19560122_Argentina_vs_Peru,1956-01-22,Copa América,unknown_stage_from_source,Argentina,Peru,2,1,1,,1880.081,1599.486,,,,,,,,0.807356,0.422273,Montevideo,Uruguay,martj42/international_results,https://github.com/martj42/international_results,"Resultados oficiales publicos; Elo e historial usan solo partidos previos. Ranking FIFA, mercado, plantilla y fase exacta quedan vacios si no hay fuente real conectada."
19560124_Brazil_vs_Chile,1956-01-24,Copa América,unknown_stage_from_source,Brazil,Chile,1,4,1,,1787.483,1592.651,,,,,,,,0.633193,0.362567,Montevideo,Uruguay,martj42/international_results,https://github.com/martj42/international_results,"Resultados oficiales publicos; Elo e historial usan solo partidos previos. Ranking FIFA, mercado, plantilla y fase exacta quedan vacios si no hay fuente real conectada."
19560128_Uruguay_vs_Peru,1956-01-28,Copa América,unknown_stage_from_source,Uruguay,Peru,2,0,0,,1679.400,1592.519,,,,,,,,0.701667,0.415536,Montevideo,Uruguay,martj42/international_results,https://github.com/martj42/international_results,"Resultados oficiales publicos; Elo e historial usan solo partidos previos. Ranking FIFA, mercado, plantilla y fase exacta quedan vacios si no hay fuente real conectada."
19560129_Argentina_vs_Chile,1956-01-29,Copa América,unknown_stage_from_source,Argentina,Chile,2,0,1,,1887.047,1632.995,,,,,,,,0.809034,0.370322,Montevideo,Uruguay,martj42/international_results,https://github.com/martj42/international_results,"Resultados oficiales publicos; Elo e historial usan solo partidos previos. Ranking FIFA, mercado, plantilla y fase exacta quedan vacios si no hay fuente real conectada."
19560129_Brazil_vs_Paraguay,1956-01-29,Copa América,unknown_stage_from_source,Brazil,Paraguay,0,0,1,,1747.139,1591.365,,,,,,,,0.625119,0.466450,Montevideo,Uruguay,martj42/international_results,https://github.com/martj42/international_results,"Resultados oficiales publicos; Elo e historial usan solo partidos previos. Ranking FIFA, mercado, plantilla y fase exacta quedan vacios si no hay fuente real conectada."
19560201_Argentina_vs_Paraguay,1956-02-01,Copa América,unknown_stage_from_source,Argentina,Paraguay,1,0,1,,1894.828,1600.196,,,,,,,,0.811180,0.465128,Montevideo,Uruguay,martj42/international_results,https://github.com/martj42/international_results,"Resultados oficiales publicos; Elo e historial usan solo partidos previos. Ranking FIFA, mercado, plantilla y fase exacta quedan vacios si no hay fuente real conectada."
19560201_Brazil_vs_Peru,1956-02-01,Copa América,unknown_stage_from_source,Brazil,Peru,2,1,1,,1738.307,1575.762,,,,,,,,0.622039,0.408246,Montevideo,Uruguay,martj42/international_results,https://github.com/martj42/international_results,"Resultados oficiales publicos; Elo e historial usan solo partidos previos. Ranking FIFA, mercado, plantilla y fase exacta quedan vacios si no hay fuente real conectada."
19560205_Argentina_vs_Brazil,1956-02-05,Copa América,unknown_stage_from_source,Argentina,Brazil,0,1,1,,1901.337,1750.142,,,,,,,,0.812778,0.625911,Montevideo,Uruguay,martj42/international_results,https://github.com/martj42/international_results,"Resultados oficiales publicos; Elo e historial usan solo partidos previos. Ranking FIFA, mercado, plantilla y fase exacta quedan vacios si no hay fuente real conectada."
19560205_Paraguay_vs_Peru,1956-02-05,Copa América,unknown_stage_from_source,Paraguay,Peru,1,1,1,,1593.687,1563.928,,,,,,,,0.459810,0.401983,Montevideo,Uruguay,martj42/international_results,https://github.com/martj42/international_results,"Resultados oficiales publicos; Elo e historial usan solo partidos previos. Ranking FIFA, mercado, plantilla y fase exacta quedan vacios si no hay fuente real conectada."
19560206_Uruguay_vs_Chile,1956-02-06,Copa América,unknown_stage_from_source,Uruguay,Chile,2,1,0,,1696.157,1625.215,,,,,,,,0.704404,0.366161,Montevideo,Uruguay,martj42/international_results,https://github.com/martj42/international_results,"Resultados oficiales publicos; Elo e historial usan solo partidos previos. Ranking FIFA, mercado, plantilla y fase exacta quedan vacios si no hay fuente real conectada."
19560209_Chile_vs_Peru,1956-02-09,Copa América,unknown_stage_from_source,Chile,Peru,4,3,1,,1608.444,1565.722,,,,,,,,0.362593,0.401328,Montevideo,Uruguay,martj42/international_results,https://github.com/martj42/international_results,"Resultados oficiales publicos; Elo e historial usan solo partidos previos. Ranking FIFA, mercado, plantilla y fase exacta quedan vacios si no hay fuente real conectada."
19560210_Uruguay_vs_Brazil,1956-02-10,Copa América,unknown_stage_from_source,Uruguay,Brazil,0,0,0,,1712.928,1779.744,,,,,,,,0.706682,0.629693,Montevideo,Uruguay,martj42/international_results,https://github.com/martj42/international_results,"Resultados oficiales publicos; Elo e historial usan solo partidos previos. Ranking FIFA, mercado, plantilla y fase exacta quedan vacios si no hay fuente real conectada."
19560212_Chile_vs_Paraguay,1956-02-12,Copa América,unknown_stage_from_source,Chile,Paraguay,2,0,1,,1626.875,1591.893,,,,,,,,0.369103,0.458604,Montevideo,Uruguay,martj42/international_results,https://github.com/martj42/international_results,"Resultados oficiales publicos; Elo e historial usan solo partidos previos. Ranking FIFA, mercado, plantilla y fase exacta quedan vacios si no hay fuente real conectada."
19560215_Uruguay_vs_Argentina,1956-02-15,Copa América,unknown_stage_from_source,Uruguay,Argentina,1,0,0,,1716.918,1871.735,,,,,,,,0.703589,0.804341,Montevideo,Uruguay,martj42/international_results,https://github.com/martj42/international_results,"Resultados oficiales publicos; Elo e historial usan solo partidos previos. Ranking FIFA, mercado, plantilla y fase exacta quedan vacios si no hay fuente real conectada."
19570307_Ecuador_vs_Uruguay,1957-03-07,Copa América,unknown_stage_from_source,Ecuador,Uruguay,2,5,1,,1210.242,1728.470,,,,,,,,0.007667,0.705833,Lima,Peru,martj42/international_results,https://github.com/martj42/international_results,"Resultados oficiales publicos; Elo e historial usan solo partidos previos. Ranking FIFA, mercado, plantilla y fase exacta quedan vacios si no hay fuente real conectada."
19570310_Peru_vs_Ecuador,1957-03-10,Copa América,unknown_stage_from_source,Peru,Ecuador,2,1,0,,1556.827,1207.971,,,,,,,,0.395389,0.006522,Lima,Peru,martj42/international_results,https://github.com/martj42/international_results,"Resultados oficiales publicos; Elo e historial usan solo partidos previos. Ranking FIFA, mercado, plantilla y fase exacta quedan vacios si no hay fuente real conectada."
19570313_Argentina_vs_Colombia,1957-03-13,Copa América,unknown_stage_from_source,Argentina,Colombia,8,2,1,,1857.037,1299.706,,,,,,,,0.796087,0.077833,Lima,Peru,martj42/international_results,https://github.com/martj42/international_results,"Resultados oficiales publicos; Elo e historial usan solo partidos previos. Ranking FIFA, mercado, plantilla y fase exacta quedan vacios si no hay fuente real conectada."
19570313_Brazil_vs_Chile,1957-03-13,Copa América,unknown_stage_from_source,Brazil,Chile,4,2,1,,1810.289,1630.125,,,,,,,,0.626667,0.375960,Lima,Peru,martj42/international_results,https://github.com/martj42/international_results,"Resultados oficiales publicos; Elo e historial usan solo partidos previos. Ranking FIFA, mercado, plantilla y fase exacta quedan vacios si no hay fuente real conectada."
19570316_Peru_vs_Chile,1957-03-16,Copa América,unknown_stage_from_source,Peru,Chile,1,0,0,,1561.797,1618.963,,,,,,,,0.404563,0.371918,Lima,Peru,martj42/international_results,https://github.com/martj42/international_results,"Resultados oficiales publicos; Elo e historial usan solo partidos previos. Ranking FIFA, mercado, plantilla y fase exacta quedan vacios si no hay fuente real conectada."
19570317_Argentina_vs_Ecuador,1957-03-17,Copa América,unknown_stage_from_source,Argentina,Ecuador,3,0,1,,1859.571,1203.000,,,,,,,,0.800215,0.007340,Lima,Peru,martj42/international_results,https://github.com/martj42/international_results,"Resultados oficiales publicos; Elo e historial usan solo partidos previos. Ranking FIFA, mercado, plantilla y fase exacta quedan vacios si no hay fuente real conectada."
19570317_Colombia_vs_Uruguay,1957-03-17,Copa América,unknown_stage_from_source,Colombia,Uruguay,1,0,1,,1297.172,1730.741,,,,,,,,0.065556,0.708835,Lima,Peru,martj42/international_results,https://github.com/martj42/international_results,"Resultados oficiales publicos; Elo e historial usan solo partidos previos. Ranking FIFA, mercado, plantilla y fase exacta quedan vacios si no hay fuente real conectada."
19570320_Argentina_vs_Uruguay,1957-03-20,Copa América,unknown_stage_from_source,Argentina,Uruguay,4,0,1,,1860.572,1691.939,,,,,,,,0.802819,0.703012,Lima,Peru,martj42/international_results,https://github.com/martj42/international_results,"Resultados oficiales publicos; Elo e historial usan solo partidos previos. Ranking FIFA, mercado, plantilla y fase exacta quedan vacios si no hay fuente real conectada."
19570321_Brazil_vs_Ecuador,1957-03-21,Copa América,unknown_stage_from_source,Brazil,Ecuador,7,1,1,,1821.451,1201.999,,,,,,,,0.630861,0.006250,Lima,Peru,martj42/international_results,https://github.com/martj42/international_results,"Resultados oficiales publicos; Elo e historial usan solo partidos previos. Ranking FIFA, mercado, plantilla y fase exacta quedan vacios si no hay fuente real conectada."
19570321_Chile_vs_Colombia,1957-03-21,Copa América,unknown_stage_from_source,Chile,Colombia,3,2,1,,1594.539,1335.974,,,,,,,,0.368440,0.105985,Lima,Peru,martj42/international_results,https://github.com/martj42/international_results,"Resultados oficiales publicos; Elo e historial usan solo partidos previos. Ranking FIFA, mercado, plantilla y fase exacta quedan vacios si no hay fuente real conectada."
19570323_Peru_vs_Uruguay,1957-03-23,Copa América,unknown_stage_from_source,Peru,Uruguay,3,5,0,,1586.222,1674.690,,,,,,,,0.413441,0.696116,Lima,Peru,martj42/international_results,https://github.com/martj42/international_results,"Resultados oficiales publicos; Elo e historial usan solo partidos previos. Ranking FIFA, mercado, plantilla y fase exacta quedan vacios si no hay fuente real conectada."
19570324_Brazil_vs_Colombia,1957-03-24,Copa América,unknown_stage_from_source,Brazil,Colombia,9,0,1,,1823.205,1328.239,,,,,,,,0.636963,0.103333,Lima,Peru,martj42/international_results,https://github.com/martj42/international_results,"Resultados oficiales publicos; Elo e historial usan solo partidos previos. Ranking FIFA, mercado, plantilla y fase exacta quedan vacios si no hay fuente real conectada."
19570324_Chile_vs_Ecuador,1957-03-24,Copa América,unknown_stage_from_source,Chile,Ecuador,2,2,1,,1602.274,1200.246,,,,,,,,0.374614,0.002449,Lima,Peru,martj42/international_results,https://github.com/martj42/international_results,"Resultados oficiales publicos; Elo e historial usan solo partidos previos. Ranking FIFA, mercado, plantilla y fase exacta quedan vacios si no hay fuente real conectada."
19570327_Peru_vs_Colombia,1957-03-27,Copa América,unknown_stage_from_source,Peru,Colombia,4,1,0,,1569.571,1323.919,,,,,,,,0.406878,0.085903,Lima,Peru,martj42/international_results,https://github.com/martj42/international_results,"Resultados oficiales publicos; Elo e historial usan solo partidos previos. Ranking FIFA, mercado, plantilla y fase exacta quedan vacios si no hay fuente real conectada."
19570328_Argentina_vs_Chile,1957-03-28,Copa América,unknown_stage_from_source,Argentina,Chile,6,2,1,,1877.821,1585.051,,,,,,,,0.805842,0.374497,Lima,Peru,martj42/international_results,https://github.com/martj42/international_results,"Resultados oficiales publicos; Elo e historial usan solo partidos previos. Ranking FIFA, mercado, plantilla y fase exacta quedan vacios si no hay fuente real conectada."
19570328_Brazil_vs_Uruguay,1957-03-28,Copa América,unknown_stage_from_source,Brazil,Uruguay,2,3,1,,1827.525,1691.341,,,,,,,,0.644414,0.698736,Lima,Peru,martj42/international_results,https://github.com/martj42/international_results,"Resultados oficiales publicos; Elo e historial usan solo partidos previos. Ranking FIFA, mercado, plantilla y fase exacta quedan vacios si no hay fuente real conectada."
19570331_Peru_vs_Brazil,1957-03-31,Copa América,unknown_stage_from_source,Peru,Brazil,0,1,0,,1579.815,1798.690,,,,,,,,0.416849,0.637899,Lima,Peru,martj42/international_results,https://github.com/martj42/international_results,"Resultados oficiales publicos; Elo e historial usan solo partidos previos. Ranking FIFA, mercado, plantilla y fase exacta quedan vacios si no hay fuente real conectada."
19570401_Chile_vs_Uruguay,1957-04-01,Copa América,unknown_stage_from_source,Chile,Uruguay,0,2,1,,1575.721,1720.175,,,,,,,,0.369708,0.700926,Lima,Peru,martj42/international_results,https://github.com/martj42/international_results,"Resultados oficiales publicos; Elo e historial usan solo partidos previos. Ranking FIFA, mercado, plantilla y fase exacta quedan vacios si no hay fuente real conectada."
19570401_Colombia_vs_Ecuador,1957-04-01,Copa América,unknown_stage_from_source,Colombia,Ecuador,4,1,1,,1313.675,1217.468,,,,,,,,0.080667,0.009667,Lima,Peru,martj42/international_results,https://github.com/martj42/international_results,"Resultados oficiales publicos; Elo e historial usan solo partidos previos. Ranking FIFA, mercado, plantilla y fase exacta quedan vacios si no hay fuente real conectada."
19570403_Argentina_vs_Brazil,1957-04-03,Copa América,unknown_stage_from_source,Argentina,Brazil,3,0,1,,1887.151,1807.972,,,,,,,,0.808802,0.641308,Lima,Peru,martj42/international_results,https://github.com/martj42/international_results,"Resultados oficiales publicos; Elo e historial usan solo partidos previos. Ranking FIFA, mercado, plantilla y fase exacta quedan vacios si no hay fuente real conectada."
19570406_Peru_vs_Argentina,1957-04-06,Copa América,unknown_stage_from_source,Peru,Argentina,2,1,0,,1570.534,1908.956,,,,,,,,0.411128,0.811237,Lima,Peru,martj42/international_results,https://github.com/martj42/international_results,"Resultados oficiales publicos; Elo e historial usan solo partidos previos. Ranking FIFA, mercado, plantilla y fase exacta quedan vacios si no hay fuente real conectada."
19580608_Argentina_vs_Germany,1958-06-08,FIFA World Cup,unknown_stage_from_source,Argentina,Germany,1,3,1,,1838.897,1718.115,,,,,,,,0.803418,0.704444,Malmö,Sweden,martj42/international_results,https://github.com/martj42/international_results,"Resultados oficiales publicos; Elo e historial usan solo partidos previos. Ranking FIFA, mercado, plantilla y fase exacta quedan vacios si no hay fuente real conectada."
19580608_Austria_vs_Brazil,1958-06-08,FIFA World Cup,unknown_stage_from_source,Austria,Brazil,0,3,1,,1687.861,1780.432,,,,,,,,0.661667,0.634007,Uddevalla,Sweden,martj42/international_results,https://github.com/martj42/international_results,"Resultados oficiales publicos; Elo e historial usan solo partidos previos. Ranking FIFA, mercado, plantilla y fase exacta quedan vacios si no hay fuente real conectada."
19580608_Czechoslovakia_vs_Northern_Ireland,1958-06-08,FIFA World Cup,unknown_stage_from_source,Czechoslovakia,Northern Ireland,0,1,1,,1640.215,1458.309,,,,,,,,0.474815,,Halmstad,Sweden,martj42/international_results,https://github.com/martj42/international_results,"Resultados oficiales publicos; Elo e historial usan solo partidos previos. Ranking FIFA, mercado, plantilla y fase exacta quedan vacios si no hay fuente real conectada."
19580608_England_vs_Russia,1958-06-08,FIFA World Cup,unknown_stage_from_source,England,Russia,2,2,1,,1719.786,1603.066,,,,,,,,0.408889,,Gothenburg,Sweden,martj42/international_results,https://github.com/martj42/international_results,"Resultados oficiales publicos; Elo e historial usan solo partidos previos. Ranking FIFA, mercado, plantilla y fase exacta quedan vacios si no hay fuente real conectada."
19580608_France_vs_Paraguay,1958-06-08,FIFA World Cup,unknown_stage_from_source,France,Paraguay,7,3,1,,1633.028,1574.016,,,,,,,,0.397500,0.452942,Norrköping,Sweden,martj42/international_results,https://github.com/martj42/international_results,"Resultados oficiales publicos; Elo e historial usan solo partidos previos. Ranking FIFA, mercado, plantilla y fase exacta quedan vacios si no hay fuente real conectada."
19580608_Hungary_vs_Wales,1958-06-08,FIFA World Cup,unknown_stage_from_source,Hungary,Wales,1,1,1,,1814.153,1499.191,,,,,,,,0.800909,,Sandviken,Sweden,martj42/international_results,https://github.com/martj42/international_results,"Resultados oficiales publicos; Elo e historial usan solo partidos previos. Ranking FIFA, mercado, plantilla y fase exacta quedan vacios si no hay fuente real conectada."
19580608_Scotland_vs_Yugoslavia,1958-06-08,FIFA World Cup,unknown_stage_from_source,Scotland,Yugoslavia,1,1,1,,1589.737,1691.633,,,,,,,,0.000000,0.590926,Västerås,Sweden,martj42/international_results,https://github.com/martj42/international_results,"Resultados oficiales publicos; Elo e historial usan solo partidos previos. Ranking FIFA, mercado, plantilla y fase exacta quedan vacios si no hay fuente real conectada."
19580608_Sweden_vs_Mexico,1958-06-08,FIFA World Cup,unknown_stage_from_source,Sweden,Mexico,3,0,0,,1621.724,1638.311,,,,,,,,0.436333,0.000000,Solna,Sweden,martj42/international_results,https://github.com/martj42/international_results,"Resultados oficiales publicos; Elo e historial usan solo partidos previos. Ranking FIFA, mercado, plantilla y fase exacta quedan vacios si no hay fuente real conectada."
19580611_Argentina_vs_Northern_Ireland,1958-06-11,FIFA World Cup,unknown_stage_from_source,Argentina,Northern Ireland,3,1,1,,1809.716,1489.399,,,,,,,,0.795303,0.955000,Halmstad,Sweden,martj42/international_results,https://github.com/martj42/international_results,"Resultados oficiales publicos; Elo e historial usan solo partidos previos. Ranking FIFA, mercado, plantilla y fase exacta quedan vacios si no hay fuente real conectada."
19580611_Austria_vs_Russia,1958-06-11,FIFA World Cup,unknown_stage_from_source,Austria,Russia,0,2,1,,1667.197,1609.867,,,,,,,,0.591000,0.363333,Borås,Sweden,martj42/international_results,https://github.com/martj42/international_results,"Resultados oficiales publicos; Elo e historial usan solo partidos previos. Ranking FIFA, mercado, plantilla y fase exacta quedan vacios si no hay fuente real conectada."
19580611_Brazil_vs_England,1958-06-11,FIFA World Cup,unknown_stage_from_source,Brazil,England,0,0,1,,1801.097,1712.985,,,,,,,,0.638333,0.402381,Gothenburg,Sweden,martj42/international_results,https://github.com/martj42/international_results,"Resultados oficiales publicos; Elo e historial usan solo partidos previos. Ranking FIFA, mercado, plantilla y fase exacta quedan vacios si no hay fuente real conectada."
19580611_Czechoslovakia_vs_Germany,1958-06-11,FIFA World Cup,unknown_stage_from_source,Czechoslovakia,Germany,2,2,1,,1609.126,1747.296,,,,,,,,0.431833,0.727179,Helsingborg,Sweden,martj42/international_results,https://github.com/martj42/international_results,"Resultados oficiales publicos; Elo e historial usan solo partidos previos. Ranking FIFA, mercado, plantilla y fase exacta quedan vacios si no hay fuente real conectada."
19580611_France_vs_Yugoslavia,1958-06-11,FIFA World Cup,unknown_stage_from_source,France,Yugoslavia,2,3,1,,1660.406,1685.645,,,,,,,,0.474444,0.568167,Västerås,Sweden,martj42/international_results,https://github.com/martj42/international_results,"Resultados oficiales publicos; Elo e historial usan solo partidos previos. Ranking FIFA, mercado, plantilla y fase exacta quedan vacios si no hay fuente real conectada."
19580611_Mexico_vs_Wales,1958-06-11,FIFA World Cup,unknown_stage_from_source,Mexico,Wales,1,1,1,,1608.038,1514.300,,,,,,,,0.000000,0.363333,Solna,Sweden,martj42/international_results,https://github.com/martj42/international_results,"Resultados oficiales publicos; Elo e historial usan solo partidos previos. Ranking FIFA, mercado, plantilla y fase exacta quedan vacios si no hay fuente real conectada."
19580611_Paraguay_vs_Scotland,1958-06-11,FIFA World Cup,unknown_stage_from_source,Paraguay,Scotland,3,2,1,,1546.638,1595.725,,,,,,,,0.446321,0.061111,Norrköping,Sweden,martj42/international_results,https://github.com/martj42/international_results,"Resultados oficiales publicos; Elo e historial usan solo partidos previos. Ranking FIFA, mercado, plantilla y fase exacta quedan vacios si no hay fuente real conectada."
19580612_Sweden_vs_Hungary,1958-06-12,FIFA World Cup,unknown_stage_from_source,Sweden,Hungary,2,1,0,,1651.997,1799.045,,,,,,,,0.491667,0.764444,Solna,Sweden,martj42/international_results,https://github.com/martj42/international_results,"Resultados oficiales publicos; Elo e historial usan solo partidos previos. Ranking FIFA, mercado, plantilla y fase exacta quedan vacios si no hay fuente real conectada."
19580615_Argentina_vs_Czechoslovakia,1958-06-15,FIFA World Cup,unknown_stage_from_source,Argentina,Czechoslovakia,1,6,1,,1815.218,1617.063,,,,,,,,0.797350,0.425606,Helsingborg,Sweden,martj42/international_results,https://github.com/martj42/international_results,"Resultados oficiales publicos; Elo e historial usan solo partidos previos. Ranking FIFA, mercado, plantilla y fase exacta quedan vacios si no hay fuente real conectada."
19580615_Austria_vs_England,1958-06-15,FIFA World Cup,unknown_stage_from_source,Austria,England,2,2,1,,1641.035,1718.200,,,,,,,,0.537273,0.397500,Borås,Sweden,martj42/international_results,https://github.com/martj42/international_results,"Resultados oficiales publicos; Elo e historial usan solo partidos previos. Ranking FIFA, mercado, plantilla y fase exacta quedan vacios si no hay fuente real conectada."
19580615_Brazil_vs_Russia,1958-06-15,FIFA World Cup,unknown_stage_from_source,Brazil,Russia,2,0,1,,1795.882,1636.029,,,,,,,,0.635469,0.681667,Gothenburg,Sweden,martj42/international_results,https://github.com/martj42/international_results,"Resultados oficiales publicos; Elo e historial usan solo partidos previos. Ranking FIFA, mercado, plantilla y fase exacta quedan vacios si no hay fuente real conectada."
19580615_France_vs_Scotland,1958-06-15,FIFA World Cup,unknown_stage_from_source,France,Scotland,2,1,1,,1640.929,1571.778,,,,,,,,0.431500,0.057083,Örebro,Sweden,martj42/international_results,https://github.com/martj42/international_results,"Resultados oficiales publicos; Elo e historial usan solo partidos previos. Ranking FIFA, mercado, plantilla y fase exacta quedan vacios si no hay fuente real conectada."
19580615_Germany_vs_Northern_Ireland,1958-06-15,FIFA World Cup,unknown_stage_from_source,Germany,Northern Ireland,2,2,1,,1739.359,1483.897,,,,,,,,0.701190,0.477500,Malmö,Sweden,martj42/international_results,https://github.com/martj42/international_results,"Resultados oficiales publicos; Elo e historial usan solo partidos previos. Ranking FIFA, mercado, plantilla y fase exacta quedan vacios si no hay fuente real conectada."
19580615_Hungary_vs_Mexico,1958-06-15,FIFA World Cup,unknown_stage_from_source,Hungary,Mexico,4,0,1,,1769.652,1602.506,,,,,,,,0.709103,0.000333,Sandviken,Sweden,martj42/international_results,https://github.com/martj42/international_results,"Resultados oficiales publicos; Elo e historial usan solo partidos previos. Ranking FIFA, mercado, plantilla y fase exacta quedan vacios si no hay fuente real conectada."
19580615_Paraguay_vs_Yugoslavia,1958-06-15,FIFA World Cup,unknown_stage_from_source,Paraguay,Yugoslavia,3,3,1,,1570.586,1705.122,,,,,,,,0.452450,0.603333,Eskilstuna,Sweden,martj42/international_results,https://github.com/martj42/international_results,"Resultados oficiales publicos; Elo e historial usan solo partidos previos. Ranking FIFA, mercado, plantilla y fase exacta quedan vacios si no hay fuente real conectada."
19580615_Sweden_vs_Wales,1958-06-15,FIFA World Cup,unknown_stage_from_source,Sweden,Wales,0,0,0,,1681.390,1519.832,,,,,,,,0.530278,0.363333,Solna,Sweden,martj42/international_results,https://github.com/martj42/international_results,"Resultados oficiales publicos; Elo e historial usan solo partidos previos. Ranking FIFA, mercado, plantilla y fase exacta quedan vacios si no hay fuente real conectada."
19580617_Czechoslovakia_vs_Northern_Ireland,1958-06-17,FIFA World Cup,unknown_stage_from_source,Czechoslovakia,Northern Ireland,1,2,1,,1669.379,1497.049,,,,,,,,0.484722,0.439444,Malmö,Sweden,martj42/international_results,https://github.com/martj42/international_results,"Resultados oficiales publicos; Elo e historial usan solo partidos previos. Ranking FIFA, mercado, plantilla y fase exacta quedan vacios si no hay fuente real conectada."
19580617_England_vs_Russia,1958-06-17,FIFA World Cup,unknown_stage_from_source,England,Russia,0,1,1,,1713.611,1623.773,,,,,,,,0.393704,0.454444,Gothenburg,Sweden,martj42/international_results,https://github.com/martj42/international_results,"Resultados oficiales publicos; Elo e historial usan solo partidos previos. Ranking FIFA, mercado, plantilla y fase exacta quedan vacios si no hay fuente real conectada."
19580617_Hungary_vs_Wales,1958-06-17,FIFA World Cup,unknown_stage_from_source,Hungary,Wales,1,2,1,,1787.019,1528.949,,,,,,,,0.736310,0.363333,Solna,Sweden,martj42/international_results,https://github.com/martj42/international_results,"Resultados oficiales publicos; Elo e historial usan solo partidos previos. Ranking FIFA, mercado, plantilla y fase exacta quedan vacios si no hay fuente real conectada."
19580619_Brazil_vs_Wales,1958-06-19,FIFA World Cup,unknown_stage_from_source,Brazil,Wales,1,0,1,,1808.139,1563.196,,,,,,,,0.639227,0.511250,Gothenburg,Sweden,martj42/international_results,https://github.com/martj42/international_results,"Resultados oficiales publicos; Elo e historial usan solo partidos previos. Ranking FIFA, mercado, plantilla y fase exacta quedan vacios si no hay fuente real conectada."
19580619_France_vs_Northern_Ireland,1958-06-19,FIFA World Cup,unknown_stage_from_source,France,Northern Ireland,4,0,1,,1657.803,1527.687,,,,,,,,0.479091,0.568333,Norrköping,Sweden,martj42/international_results,https://github.com/martj42/international_results,"Resultados oficiales publicos; Elo e historial usan solo partidos previos. Ranking FIFA, mercado, plantilla y fase exacta quedan vacios si no hay fuente real conectada."
19580619_Germany_vs_Yugoslavia,1958-06-19,FIFA World Cup,unknown_stage_from_source,Germany,Yugoslavia,1,0,1,,1726.207,1697.374,,,,,,,,0.678667,0.583333,Malmö,Sweden,martj42/international_results,https://github.com/martj42/international_results,"Resultados oficiales publicos; Elo e historial usan solo partidos previos. Ranking FIFA, mercado, plantilla y fase exacta quedan vacios si no hay fuente real conectada."
19580619_Sweden_vs_Russia,1958-06-19,FIFA World Cup,unknown_stage_from_source,Sweden,Russia,2,0,0,,1672.273,1650.085,,,,,,,,0.517436,0.579583,Solna,Sweden,martj42/international_results,https://github.com/martj42/international_results,"Resultados oficiales publicos; Elo e historial usan solo partidos previos. Ranking FIFA, mercado, plantilla y fase exacta quedan vacios si no hay fuente real conectada."
19580624_Brazil_vs_France,1958-06-24,FIFA World Cup,unknown_stage_from_source,Brazil,France,5,2,1,,1816.380,1678.292,,,,,,,,0.642449,0.530000,Solna,Sweden,martj42/international_results,https://github.com/martj42/international_results,"Resultados oficiales publicos; Elo e historial usan solo partidos previos. Ranking FIFA, mercado, plantilla y fase exacta quedan vacios si no hay fuente real conectada."
19580624_Sweden_vs_Germany,1958-06-24,FIFA World Cup,unknown_stage_from_source,Sweden,Germany,3,1,0,,1693.657,1745.468,,,,,,,,0.551905,0.695937,Gothenburg,Sweden,martj42/international_results,https://github.com/martj42/international_results,"Resultados oficiales publicos; Elo e historial usan solo partidos previos. Ranking FIFA, mercado, plantilla y fase exacta quedan vacios si no hay fuente real conectada."
19580628_France_vs_Germany,1958-06-28,FIFA World Cup,unknown_stage_from_source,France,Germany,6,3,1,,1661.248,1719.591,,,,,,,,0.485769,0.655000,Gothenburg,Sweden,martj42/international_results,https://github.com/martj42/international_results,"Resultados oficiales publicos; Elo e historial usan solo partidos previos. Ranking FIFA, mercado, plantilla y fase exacta quedan vacios si no hay fuente real conectada."
19580629_Sweden_vs_Brazil,1958-06-29,FIFA World Cup,unknown_stage_from_source,Sweden,Brazil,2,5,0,,1719.533,1833.425,,,,,,,,0.581778,0.646515,Solna,Sweden,martj42/international_results,https://github.com/martj42/international_results,"Resultados oficiales publicos; Elo e historial usan solo partidos previos. Ranking FIFA, mercado, plantilla y fase exacta quedan vacios si no hay fuente real conectada."
19590307_Argentina_vs_Chile,1959-03-07,Copa América,unknown_stage_from_source,Argentina,Chile,6,1,0,,1762.902,1551.566,,,,,,,,0.788119,0.365935,Buenos Aires,Argentina,martj42/international_results,https://github.com/martj42/international_results,"Resultados oficiales publicos; Elo e historial usan solo partidos previos. Ranking FIFA, mercado, plantilla y fase exacta quedan vacios si no hay fuente real conectada."
19590308_Bolivia_vs_Uruguay,1959-03-08,Copa América,unknown_stage_from_source,Bolivia,Uruguay,0,7,1,,1431.561,1711.810,,,,,,,,0.097195,0.703460,Buenos Aires,Argentina,martj42/international_results,https://github.com/martj42/international_results,"Resultados oficiales publicos; Elo e historial usan solo partidos previos. Ranking FIFA, mercado, plantilla y fase exacta quedan vacios si no hay fuente real conectada."
19590310_Brazil_vs_Peru,1959-03-10,Copa América,unknown_stage_from_source,Brazil,Peru,2,2,1,,1852.343,1603.541,,,,,,,,0.650500,0.419369,Buenos Aires,Argentina,martj42/international_results,https://github.com/martj42/international_results,"Resultados oficiales publicos; Elo e historial usan solo partidos previos. Ranking FIFA, mercado, plantilla y fase exacta quedan vacios si no hay fuente real conectada."
19590311_Argentina_vs_Bolivia,1959-03-11,Copa América,unknown_stage_from_source,Argentina,Bolivia,2,0,0,,1778.594,1418.690,,,,,,,,0.791520,0.089524,Buenos Aires,Argentina,martj42/international_results,https://github.com/martj42/international_results,"Resultados oficiales publicos; Elo e historial usan solo partidos previos. Ranking FIFA, mercado, plantilla y fase exacta quedan vacios si no hay fuente real conectada."
19590311_Chile_vs_Paraguay,1959-03-11,Copa América,unknown_stage_from_source,Chile,Paraguay,1,2,1,,1535.875,1578.334,,,,,,,,0.360875,0.451389,Buenos Aires,Argentina,martj42/international_results,https://github.com/martj42/international_results,"Resultados oficiales publicos; Elo e historial usan solo partidos previos. Ranking FIFA, mercado, plantilla y fase exacta quedan vacios si no hay fuente real conectada."
19590314_Peru_vs_Uruguay,1959-03-14,Copa América,unknown_stage_from_source,Peru,Uruguay,5,3,1,,1616.445,1724.681,,,,,,,,0.418532,0.707843,Buenos Aires,Argentina,martj42/international_results,https://github.com/martj42/international_results,"Resultados oficiales publicos; Elo e historial usan solo partidos previos. Ranking FIFA, mercado, plantilla y fase exacta quedan vacios si no hay fuente real conectada."
19590315_Bolivia_vs_Paraguay,1959-03-15,Copa América,unknown_stage_from_source,Bolivia,Paraguay,0,5,1,,1414.254,1596.780,,,,,,,,0.087442,0.457314,Buenos Aires,Argentina,martj42/international_results,https://github.com/martj42/international_results,"Resultados oficiales publicos; Elo e historial usan solo partidos previos. Ranking FIFA, mercado, plantilla y fase exacta quedan vacios si no hay fuente real conectada."
19590315_Brazil_vs_Chile,1959-03-15,Copa América,unknown_stage_from_source,Brazil,Chile,3,0,1,,1839.438,1517.428,,,,,,,,0.647657,0.357717,Buenos Aires,Argentina,martj42/international_results,https://github.com/martj42/international_results,"Resultados oficiales publicos; Elo e historial usan solo partidos previos. Ranking FIFA, mercado, plantilla y fase exacta quedan vacios si no hay fuente real conectada."
19590318_Argentina_vs_Peru,1959-03-18,Copa América,unknown_stage_from_source,Argentina,Peru,3,1,0,,1783.030,1645.071,,,,,,,,0.793544,0.427083,Buenos Aires,Argentina,martj42/international_results,https://github.com/martj42/international_results,"Resultados oficiales publicos; Elo e historial usan solo partidos previos. Ranking FIFA, mercado, plantilla y fase exacta quedan vacios si no hay fuente real conectada."
19590318_Paraguay_vs_Uruguay,1959-03-18,Copa América,unknown_stage_from_source,Paraguay,Uruguay,1,3,1,,1614.784,1696.055,,,,,,,,0.465194,0.701944,Buenos Aires,Argentina,martj42/international_results,https://github.com/martj42/international_results,"Resultados oficiales publicos; Elo e historial usan solo partidos previos. Ranking FIFA, mercado, plantilla y fase exacta quedan vacios si no hay fuente real conectada."
19590321_Bolivia_vs_Brazil,1959-03-21,Copa América,unknown_stage_from_source,Bolivia,Brazil,2,4,1,,1396.250,1846.318,,,,,,,,0.082386,0.651552,Buenos Aires,Argentina,martj42/international_results,https://github.com/martj42/international_results,"Resultados oficiales publicos; Elo e historial usan solo partidos previos. Ranking FIFA, mercado, plantilla y fase exacta quedan vacios si no hay fuente real conectada."
19590321_Chile_vs_Peru,1959-03-21,Copa América,unknown_stage_from_source,Chile,Peru,1,1,1,,1510.549,1631.556,,,,,,,,0.353729,0.420894,Buenos Aires,Argentina,martj42/international_results,https://github.com/martj42/international_results,"Resultados oficiales publicos; Elo e historial usan solo partidos previos. Ranking FIFA, mercado, plantilla y fase exacta quedan vacios si no hay fuente real conectada."
19590322_Argentina_vs_Paraguay,1959-03-22,Copa América,unknown_stage_from_source,Argentina,Paraguay,3,1,0,,1796.545,1597.647,,,,,,,,0.795529,0.459847,Buenos Aires,Argentina,martj42/international_results,https://github.com/martj42/international_results,"Resultados oficiales publicos; Elo e historial usan solo partidos previos. Ranking FIFA, mercado, plantilla y fase exacta quedan vacios si no hay fuente real conectada."
19590326_Bolivia_vs_Chile,1959-03-26,Copa América,unknown_stage_from_source,Bolivia,Chile,2,5,1,,1393.579,1517.581,,,,,,,,0.080556,0.353824,Buenos Aires,Argentina,martj42/international_results,https://github.com/martj42/international_results,"Resultados oficiales publicos; Elo e historial usan solo partidos previos. Ranking FIFA, mercado, plantilla y fase exacta quedan vacios si no hay fuente real conectada."
19590326_Brazil_vs_Uruguay,1959-03-26,Copa América,unknown_stage_from_source,Brazil,Uruguay,3,1,1,,1848.989,1713.192,,,,,,,,0.654935,0.704408,Buenos Aires,Argentina,martj42/international_results,https://github.com/martj42/international_results,"Resultados oficiales publicos; Elo e historial usan solo partidos previos. Ranking FIFA, mercado, plantilla y fase exacta quedan vacios si no hay fuente real conectada."
19590329_Bolivia_vs_Peru,1959-03-29,Copa América,unknown_stage_from_source,Bolivia,Peru,0,0,1,,1375.459,1624.524,,,,,,,,0.077826,0.420071,Buenos Aires,Argentina,martj42/international_results,https://github.com/martj42/international_results,"Resultados oficiales publicos; Elo e historial usan solo partidos previos. Ranking FIFA, mercado, plantilla y fase exacta quedan vacios si no hay fuente real conectada."
19590329_Brazil_vs_Paraguay,1959-03-29,Copa América,unknown_stage_from_source,Brazil,Paraguay,4,1,1,,1862.633,1587.431,,,,,,,,0.658253,0.454621,Buenos Aires,Argentina,martj42/international_results,https://github.com/martj42/international_results,"Resultados oficiales publicos; Elo e historial usan solo partidos previos. Ranking FIFA, mercado, plantilla y fase exacta quedan vacios si no hay fuente real conectada."
19590330_Argentina_vs_Uruguay,1959-03-30,Copa América,unknown_stage_from_source,Argentina,Uruguay,4,1,0,,1806.761,1699.548,,,,,,,,0.797476,0.698634,Buenos Aires,Argentina,martj42/international_results,https://github.com/martj42/international_results,"Resultados oficiales publicos; Elo e historial usan solo partidos previos. Ranking FIFA, mercado, plantilla y fase exacta quedan vacios si no hay fuente real conectada."
19590402_Chile_vs_Uruguay,1959-04-02,Copa América,unknown_stage_from_source,Chile,Uruguay,1,0,1,,1535.701,1680.093,,,,,,,,0.360534,0.692588,Buenos Aires,Argentina,martj42/international_results,https://github.com/martj42/international_results,"Resultados oficiales publicos; Elo e historial usan solo partidos previos. Ranking FIFA, mercado, plantilla y fase exacta quedan vacios si no hay fuente real conectada."
19590402_Paraguay_vs_Peru,1959-04-02,Copa América,unknown_stage_from_source,Paraguay,Peru,2,1,1,,1578.623,1611.610,,,,,,,,0.449007,0.419272,Buenos Aires,Argentina,martj42/international_results,https://github.com/martj42/international_results,"Resultados oficiales publicos; Elo e historial usan solo partidos previos. Ranking FIFA, mercado, plantilla y fase exacta quedan vacios si no hay fuente real conectada."
19590404_Argentina_vs_Brazil,1959-04-04,Copa América,unknown_stage_from_source,Argentina,Brazil,1,1,0,,1826.216,1871.441,,,,,,,,0.799811,0.661937,Buenos Aires,Argentina,martj42/international_results,https://github.com/martj42/international_results,"Resultados oficiales publicos; Elo e historial usan solo partidos previos. Ranking FIFA, mercado, plantilla y fase exacta quedan vacios si no hay fuente real conectada."
19591205_Brazil_vs_Paraguay,1959-12-05,Copa América,unknown_stage_from_source,Brazil,Paraguay,3,2,1,,1880.872,1608.966,,,,,,,,0.659119,0.454630,Guayaquil,Ecuador,martj42/international_results,https://github.com/martj42/international_results,"Resultados oficiales publicos; Elo e historial usan solo partidos previos. Ranking FIFA, mercado, plantilla y fase exacta quedan vacios si no hay fuente real conectada."
19591206_Ecuador_vs_Uruguay,1959-12-06,Copa América,unknown_stage_from_source,Ecuador,Uruguay,0,4,0,,1197.107,1643.481,,,,,,,,0.008595,0.687366,Guayaquil,Ecuador,martj42/international_results,https://github.com/martj42/international_results,"Resultados oficiales publicos; Elo e historial usan solo partidos previos. Ranking FIFA, mercado, plantilla y fase exacta quedan vacios si no hay fuente real conectada."
19591209_Argentina_vs_Paraguay,1959-12-09,Copa América,unknown_stage_from_source,Argentina,Paraguay,4,2,1,,1819.224,1601.704,,,,,,,,0.795732,0.450128,Guayaquil,Ecuador,martj42/international_results,https://github.com/martj42/international_results,"Resultados oficiales publicos; Elo e historial usan solo partidos previos. Ranking FIFA, mercado, plantilla y fase exacta quedan vacios si no hay fuente real conectada."
19591212_Brazil_vs_Uruguay,1959-12-12,Copa América,unknown_stage_from_source,Brazil,Uruguay,0,3,1,,1888.134,1647.478,,,,,,,,0.661885,0.690587,Guayaquil,Ecuador,martj42/international_results,https://github.com/martj42/international_results,"Resultados oficiales publicos; Elo e historial usan solo partidos previos. Ranking FIFA, mercado, plantilla y fase exacta quedan vacios si no hay fuente real conectada."
19591212_Ecuador_vs_Argentina,1959-12-12,Copa América,unknown_stage_from_source,Ecuador,Argentina,1,1,0,,1193.111,1828.560,,,,,,,,0.006699,0.797623,Guayaquil,Ecuador,martj42/international_results,https://github.com/martj42/international_results,"Resultados oficiales publicos; Elo e historial usan solo partidos previos. Ranking FIFA, mercado, plantilla y fase exacta quedan vacios si no hay fuente real conectada."
19591216_Argentina_vs_Uruguay,1959-12-16,Copa América,unknown_stage_from_source,Argentina,Uruguay,0,5,1,,1808.616,1689.456,,,,,,,,0.793639,0.693399,Guayaquil,Ecuador,martj42/international_results,https://github.com/martj42/international_results,"Resultados oficiales publicos; Elo e historial usan solo partidos previos. Ranking FIFA, mercado, plantilla y fase exacta quedan vacios si no hay fuente real conectada."
19591219_Ecuador_vs_Brazil,1959-12-19,Copa América,unknown_stage_from_source,Ecuador,Brazil,1,3,0,,1213.055,1846.155,,,,,,,,0.013428,0.655340,Guayaquil,Ecuador,martj42/international_results,https://github.com/martj42/international_results,"Resultados oficiales publicos; Elo e historial usan solo partidos previos. Ranking FIFA, mercado, plantilla y fase exacta quedan vacios si no hay fuente real conectada."
19591222_Argentina_vs_Brazil,1959-12-22,Copa América,unknown_stage_from_source,Argentina,Brazil,4,1,1,,1761.139,1847.068,,,,,,,,0.785197,0.658502,Guayaquil,Ecuador,martj42/international_results,https://github.com/martj42/international_results,"Resultados oficiales publicos; Elo e historial usan solo partidos previos. Ranking FIFA, mercado, plantilla y fase exacta quedan vacios si no hay fuente real conectada."
19591222_Paraguay_vs_Uruguay,1959-12-22,Copa América,unknown_stage_from_source,Paraguay,Uruguay,1,1,1,,1592.368,1736.933,,,,,,,,0.445236,0.696877,Guayaquil,Ecuador,martj42/international_results,https://github.com/martj42/international_results,"Resultados oficiales publicos; Elo e historial usan solo partidos previos. Ranking FIFA, mercado, plantilla y fase exacta quedan vacios si no hay fuente real conectada."
19591225_Ecuador_vs_Paraguay,1959-12-25,Copa América,unknown_stage_from_source,Ecuador,Paraguay,3,1,0,,1212.142,1600.635,,,,,,,,0.013179,0.444355,Guayaquil,Ecuador,martj42/international_results,https://github.com/martj42/international_results,"Resultados oficiales publicos; Elo e historial usan solo partidos previos. Ranking FIFA, mercado, plantilla y fase exacta quedan vacios si no hay fuente real conectada."
19600706_Czechoslovakia_vs_Russia,1960-07-06,UEFA Euro,unknown_stage_from_source,Czechoslovakia,Russia,0,3,1,,1659.783,1679.957,,,,,,,,0.450897,0.463667,Marseille,France,martj42/international_results,https://github.com/martj42/international_results,"Resultados oficiales publicos; Elo e historial usan solo partidos previos. Ranking FIFA, mercado, plantilla y fase exacta quedan vacios si no hay fuente real conectada."
19600706_France_vs_Yugoslavia,1960-07-06,UEFA Euro,unknown_stage_from_source,France,Yugoslavia,4,5,0,,1718.141,1682.051,,,,,,,,0.525714,0.541923,Paris,France,martj42/international_results,https://github.com/martj42/international_results,"Resultados oficiales publicos; Elo e historial usan solo partidos previos. Ranking FIFA, mercado, plantilla y fase exacta quedan vacios si no hay fuente real conectada."
19600709_France_vs_Czechoslovakia,1960-07-09,UEFA Euro,unknown_stage_from_source,France,Czechoslovakia,0,2,0,,1694.968,1632.609,,,,,,,,0.493667,0.415476,Marseille,France,martj42/international_results,https://github.com/martj42/international_results,"Resultados oficiales publicos; Elo e historial usan solo partidos previos. Ranking FIFA, mercado, plantilla y fase exacta quedan vacios si no hay fuente real conectada."
19600710_Russia_vs_Yugoslavia,1960-07-10,UEFA Euro,unknown_stage_from_source,Russia,Yugoslavia,2,1,1,,1707.131,1705.224,,,,,,,,0.560556,0.571429,Paris,France,martj42/international_results,https://github.com/martj42/international_results,"Resultados oficiales publicos; Elo e historial usan solo partidos previos. Ranking FIFA, mercado, plantilla y fase exacta quedan vacios si no hay fuente real conectada."
19620530_Argentina_vs_Bulgaria,1962-05-30,FIFA World Cup,unknown_stage_from_source,Argentina,Bulgaria,1,0,1,,1790.202,1544.217,,,,,,,,0.787538,,Rancagua,Chile,martj42/international_results,https://github.com/martj42/international_results,"Resultados oficiales publicos; Elo e historial usan solo partidos previos. Ranking FIFA, mercado, plantilla y fase exacta quedan vacios si no hay fuente real conectada."
19620530_Brazil_vs_Mexico,1962-05-30,FIFA World Cup,unknown_stage_from_source,Brazil,Mexico,2,0,1,,1862.809,1633.498,,,,,,,,0.652106,0.000000,Viña del Mar,Chile,martj42/international_results,https://github.com/martj42/international_results,"Resultados oficiales publicos; Elo e historial usan solo partidos previos. Ranking FIFA, mercado, plantilla y fase exacta quedan vacios si no hay fuente real conectada."
19620530_Chile_vs_Switzerland,1962-05-30,FIFA World Cup,unknown_stage_from_source,Chile,Switzerland,3,1,0,,1562.374,1530.873,,,,,,,,0.366250,0.469722,Santiago,Chile,martj42/international_results,https://github.com/martj42/international_results,"Resultados oficiales publicos; Elo e historial usan solo partidos previos. Ranking FIFA, mercado, plantilla y fase exacta quedan vacios si no hay fuente real conectada."
19620530_Colombia_vs_Uruguay,1962-05-30,FIFA World Cup,unknown_stage_from_source,Colombia,Uruguay,1,2,1,,1364.629,1704.838,,,,,,,,0.117756,0.694271,Arica,Chile,martj42/international_results,https://github.com/martj42/international_results,"Resultados oficiales publicos; Elo e historial usan solo partidos previos. Ranking FIFA, mercado, plantilla y fase exacta quedan vacios si no hay fuente real conectada."
19620531_Czechoslovakia_vs_Spain,1962-05-31,FIFA World Cup,unknown_stage_from_source,Czechoslovakia,Spain,1,0,1,,1710.846,1702.312,,,,,,,,0.454444,0.510185,Viña del Mar,Chile,martj42/international_results,https://github.com/martj42/international_results,"Resultados oficiales publicos; Elo e historial usan solo partidos previos. Ranking FIFA, mercado, plantilla y fase exacta quedan vacios si no hay fuente real conectada."
19620531_England_vs_Hungary,1962-05-31,FIFA World Cup,unknown_stage_from_source,England,Hungary,1,2,1,,1698.540,1735.707,,,,,,,,0.358833,0.690222,Rancagua,Chile,martj42/international_results,https://github.com/martj42/international_results,"Resultados oficiales publicos; Elo e historial usan solo partidos previos. Ranking FIFA, mercado, plantilla y fase exacta quedan vacios si no hay fuente real conectada."
19620531_Germany_vs_Italy,1962-05-31,FIFA World Cup,unknown_stage_from_source,Germany,Italy,0,0,1,,1699.275,1665.939,,,,,,,,0.616111,0.743452,Santiago,Chile,martj42/international_results,https://github.com/martj42/international_results,"Resultados oficiales publicos; Elo e historial usan solo partidos previos. Ranking FIFA, mercado, plantilla y fase exacta quedan vacios si no hay fuente real conectada."
19620531_Russia_vs_Yugoslavia,1962-05-31,FIFA World Cup,unknown_stage_from_source,Russia,Yugoslavia,2,0,1,,1765.196,1736.528,,,,,,,,0.616905,0.536333,Arica,Chile,martj42/international_results,https://github.com/martj42/international_results,"Resultados oficiales publicos; Elo e historial usan solo partidos previos. Ranking FIFA, mercado, plantilla y fase exacta quedan vacios si no hay fuente real conectada."
19620602_Argentina_vs_England,1962-06-02,FIFA World Cup,unknown_stage_from_source,Argentina,England,1,3,1,,1798.404,1679.778,,,,,,,,0.789033,0.330303,Rancagua,Chile,martj42/international_results,https://github.com/martj42/international_results,"Resultados oficiales publicos; Elo e historial usan solo partidos previos. Ranking FIFA, mercado, plantilla y fase exacta quedan vacios si no hay fuente real conectada."
19620602_Brazil_vs_Czechoslovakia,1962-06-02,FIFA World Cup,unknown_stage_from_source,Brazil,Czechoslovakia,0,0,1,,1871.618,1731.331,,,,,,,,0.655240,0.485729,Viña del Mar,Chile,martj42/international_results,https://github.com/martj42/international_results,"Resultados oficiales publicos; Elo e historial usan solo partidos previos. Ranking FIFA, mercado, plantilla y fase exacta quedan vacios si no hay fuente real conectada."
19620602_Chile_vs_Italy,1962-06-02,FIFA World Cup,unknown_stage_from_source,Chile,Italy,2,0,0,,1583.062,1667.948,,,,,,,,0.372286,0.718111,Santiago,Chile,martj42/international_results,https://github.com/martj42/international_results,"Resultados oficiales publicos; Elo e historial usan solo partidos previos. Ranking FIFA, mercado, plantilla y fase exacta quedan vacios si no hay fuente real conectada."
19620602_Uruguay_vs_Yugoslavia,1962-06-02,FIFA World Cup,unknown_stage_from_source,Uruguay,Yugoslavia,1,3,1,,1710.031,1715.629,,,,,,,,0.696292,0.502812,Arica,Chile,martj42/international_results,https://github.com/martj42/international_results,"Resultados oficiales publicos; Elo e historial usan solo partidos previos. Ranking FIFA, mercado, plantilla y fase exacta quedan vacios si no hay fuente real conectada."
19620603_Bulgaria_vs_Hungary,1962-06-03,FIFA World Cup,unknown_stage_from_source,Bulgaria,Hungary,1,6,1,,1536.015,1754.469,,,,,,,,0.045000,0.706771,Rancagua,Chile,martj42/international_results,https://github.com/martj42/international_results,"Resultados oficiales publicos; Elo e historial usan solo partidos previos. Ranking FIFA, mercado, plantilla y fase exacta quedan vacios si no hay fuente real conectada."
19620603_Colombia_vs_Russia,1962-06-03,FIFA World Cup,unknown_stage_from_source,Colombia,Russia,4,4,1,,1359.436,1786.096,,,,,,,,0.115062,0.664792,Arica,Chile,martj42/international_results,https://github.com/martj42/international_results,"Resultados oficiales publicos; Elo e historial usan solo partidos previos. Ranking FIFA, mercado, plantilla y fase exacta quedan vacios si no hay fuente real conectada."
19620603_Germany_vs_Switzerland,1962-06-03,FIFA World Cup,unknown_stage_from_source,Germany,Switzerland,2,1,1,,1697.266,1510.185,,,,,,,,0.602807,0.433590,Santiago,Chile,martj42/international_results,https://github.com/martj42/international_results,"Resultados oficiales publicos; Elo e historial usan solo partidos previos. Ranking FIFA, mercado, plantilla y fase exacta quedan vacios si no hay fuente real conectada."
19620603_Mexico_vs_Spain,1962-06-03,FIFA World Cup,unknown_stage_from_source,Mexico,Spain,0,1,1,,1624.688,1681.828,,,,,,,,0.000000,0.463667,Viña del Mar,Chile,martj42/international_results,https://github.com/martj42/international_results,"Resultados oficiales publicos; Elo e historial usan solo partidos previos. Ranking FIFA, mercado, plantilla y fase exacta quedan vacios si no hay fuente real conectada."
19620606_Argentina_vs_Hungary,1962-06-06,FIFA World Cup,unknown_stage_from_source,Argentina,Hungary,0,0,1,,1769.317,1769.625,,,,,,,,0.782050,0.731961,Rancagua,Chile,martj42/international_results,https://github.com/martj42/international_results,"Resultados oficiales publicos; Elo e historial usan solo partidos previos. Ranking FIFA, mercado, plantilla y fase exacta quedan vacios si no hay fuente real conectada."
19620606_Brazil_vs_Spain,1962-06-06,FIFA World Cup,unknown_stage_from_source,Brazil,Spain,2,1,1,,1863.571,1699.405,,,,,,,,0.652634,0.508333,Viña del Mar,Chile,martj42/international_results,https://github.com/martj42/international_results,"Resultados oficiales publicos; Elo e historial usan solo partidos previos. Ranking FIFA, mercado, plantilla y fase exacta quedan vacios si no hay fuente real conectada."
19620606_Chile_vs_Germany,1962-06-06,FIFA World Cup,unknown_stage_from_source,Chile,Germany,0,2,0,,1610.598,1707.938,,,,,,,,0.378208,0.620417,Santiago,Chile,martj42/international_results,https://github.com/martj42/international_results,"Resultados oficiales publicos; Elo e historial usan solo partidos previos. Ranking FIFA, mercado, plantilla y fase exacta quedan vacios si no hay fuente real conectada."
19620606_Russia_vs_Uruguay,1962-06-06,FIFA World Cup,unknown_stage_from_source,Russia,Uruguay,2,1,1,,1768.414,1687.390,,,,,,,,0.631296,0.690936,Arica,Chile,martj42/international_results,https://github.com/martj42/international_results,"Resultados oficiales publicos; Elo e historial usan solo partidos previos. Ranking FIFA, mercado, plantilla y fase exacta quedan vacios si no hay fuente real conectada."
19620607_Bulgaria_vs_England,1962-06-07,FIFA World Cup,unknown_stage_from_source,Bulgaria,England,0,0,1,,1520.858,1708.865,,,,,,,,0.000000,0.386111,Rancagua,Chile,martj42/international_results,https://github.com/martj42/international_results,"Resultados oficiales publicos; Elo e historial usan solo partidos previos. Ranking FIFA, mercado, plantilla y fase exacta quedan vacios si no hay fuente real conectada."
19620607_Colombia_vs_Yugoslavia,1962-06-07,FIFA World Cup,unknown_stage_from_source,Colombia,Yugoslavia,0,5,1,,1377.118,1738.271,,,,,,,,0.123929,0.532059,Arica,Chile,martj42/international_results,https://github.com/martj42/international_results,"Resultados oficiales publicos; Elo e historial usan solo partidos previos. Ranking FIFA, mercado, plantilla y fase exacta quedan vacios si no hay fuente real conectada."
19620607_Czechoslovakia_vs_Mexico,1962-06-07,FIFA World Cup,unknown_stage_from_source,Czechoslovakia,Mexico,1,3,1,,1739.377,1607.111,,,,,,,,0.478529,0.000000,Viña del Mar,Chile,martj42/international_results,https://github.com/martj42/international_results,"Resultados oficiales publicos; Elo e historial usan solo partidos previos. Ranking FIFA, mercado, plantilla y fase exacta quedan vacios si no hay fuente real conectada."
19620607_Italy_vs_Switzerland,1962-06-07,FIFA World Cup,unknown_stage_from_source,Italy,Switzerland,3,0,1,,1640.412,1499.513,,,,,,,,0.673229,0.405833,Santiago,Chile,martj42/international_results,https://github.com/martj42/international_results,"Resultados oficiales publicos; Elo e historial usan solo partidos previos. Ranking FIFA, mercado, plantilla y fase exacta quedan vacios si no hay fuente real conectada."
19620610_Brazil_vs_England,1962-06-10,FIFA World Cup,unknown_stage_from_source,Brazil,England,3,1,1,,1875.326,1698.494,,,,,,,,0.655310,0.384359,Viña del Mar,Chile,martj42/international_results,https://github.com/martj42/international_results,"Resultados oficiales publicos; Elo e historial usan solo partidos previos. Ranking FIFA, mercado, plantilla y fase exacta quedan vacios si no hay fuente real conectada."
19620610_Chile_vs_Russia,1962-06-10,FIFA World Cup,unknown_stage_from_source,Chile,Russia,2,1,0,,1594.537,1784.603,,,,,,,,0.374673,0.663667,Arica,Chile,martj42/international_results,https://github.com/martj42/international_results,"Resultados oficiales publicos; Elo e historial usan solo partidos previos. Ranking FIFA, mercado, plantilla y fase exacta quedan vacios si no hay fuente real conectada."
19620610_Czechoslovakia_vs_Hungary,1962-06-10,FIFA World Cup,unknown_stage_from_source,Czechoslovakia,Hungary,1,0,1,,1709.708,1769.607,,,,,,,,0.451944,0.711481,Rancagua,Chile,martj42/international_results,https://github.com/martj42/international_results,"Resultados oficiales publicos; Elo e historial usan solo partidos previos. Ranking FIFA, mercado, plantilla y fase exacta quedan vacios si no hay fuente real conectada."
19620610_Germany_vs_Yugoslavia,1962-06-10,FIFA World Cup,unknown_stage_from_source,Germany,Yugoslavia,0,1,1,,1723.998,1745.456,,,,,,,,0.638492,0.565556,Santiago,Chile,martj42/international_results,https://github.com/martj42/international_results,"Resultados oficiales publicos; Elo e historial usan solo partidos previos. Ranking FIFA, mercado, plantilla y fase exacta quedan vacios si no hay fuente real conectada."
19620613_Chile_vs_Brazil,1962-06-13,FIFA World Cup,unknown_stage_from_source,Chile,Brazil,2,4,0,,1626.002,1886.663,,,,,,,,0.380046,0.658333,Santiago,Chile,martj42/international_results,https://github.com/martj42/international_results,"Resultados oficiales publicos; Elo e historial usan solo partidos previos. Ranking FIFA, mercado, plantilla y fase exacta quedan vacios si no hay fuente real conectada."
19620613_Czechoslovakia_vs_Yugoslavia,1962-06-13,FIFA World Cup,unknown_stage_from_source,Czechoslovakia,Yugoslavia,3,1,1,,1734.293,1765.161,,,,,,,,0.478421,0.586053,Viña del Mar,Chile,martj42/international_results,https://github.com/martj42/international_results,"Resultados oficiales publicos; Elo e historial usan solo partidos previos. Ranking FIFA, mercado, plantilla y fase exacta quedan vacios si no hay fuente real conectada."
19620616_Chile_vs_Yugoslavia,1962-06-16,FIFA World Cup,unknown_stage_from_source,Chile,Yugoslavia,1,0,0,,1618.479,1740.393,,,,,,,,0.376560,0.556750,Santiago,Chile,martj42/international_results,https://github.com/martj42/international_results,"Resultados oficiales publicos; Elo e historial usan solo partidos previos. Ranking FIFA, mercado, plantilla y fase exacta quedan vacios si no hay fuente real conectada."
19620617_Brazil_vs_Czechoslovakia,1962-06-17,FIFA World Cup,unknown_stage_from_source,Brazil,Czechoslovakia,3,1,1,,1894.186,1759.061,,,,,,,,0.661304,0.504500,Santiago,Chile,martj42/international_results,https://github.com/martj42/international_results,"Resultados oficiales publicos; Elo e historial usan solo partidos previos. Ranking FIFA, mercado, plantilla y fase exacta quedan vacios si no hay fuente real conectada."
19630310_Argentina_vs_Colombia,1963-03-10,Copa América,unknown_stage_from_source,Argentina,Colombia,4,2,1,,1781.009,1369.932,,,,,,,,0.778377,0.115000,Cochabamba,Bolivia,martj42/international_results,https://github.com/martj42/international_results,"Resultados oficiales publicos; Elo e historial usan solo partidos previos. Ranking FIFA, mercado, plantilla y fase exacta quedan vacios si no hay fuente real conectada."
19630310_Bolivia_vs_Ecuador,1963-03-10,Copa América,unknown_stage_from_source,Bolivia,Ecuador,4,4,0,,1399.117,1244.357,,,,,,,,0.083901,0.031121,La Paz,Bolivia,martj42/international_results,https://github.com/martj42/international_results,"Resultados oficiales publicos; Elo e historial usan solo partidos previos. Ranking FIFA, mercado, plantilla y fase exacta quedan vacios si no hay fuente real conectada."
19630310_Brazil_vs_Peru,1963-03-10,Copa América,unknown_stage_from_source,Brazil,Peru,1,0,1,,1902.964,1546.708,,,,,,,,0.664224,0.414074,Cochabamba,Bolivia,martj42/international_results,https://github.com/martj42/international_results,"Resultados oficiales publicos; Elo e historial usan solo partidos previos. Ranking FIFA, mercado, plantilla y fase exacta quedan vacios si no hay fuente real conectada."
19630313_Argentina_vs_Peru,1963-03-13,Copa América,unknown_stage_from_source,Argentina,Peru,1,2,1,,1784.344,1541.921,,,,,,,,0.780304,0.409018,Cochabamba,Bolivia,martj42/international_results,https://github.com/martj42/international_results,"Resultados oficiales publicos; Elo e historial usan solo partidos previos. Ranking FIFA, mercado, plantilla y fase exacta quedan vacios si no hay fuente real conectada."
19630314_Brazil_vs_Colombia,1963-03-14,Copa América,unknown_stage_from_source,Brazil,Colombia,5,1,1,,1907.751,1366.598,,,,,,,,0.666709,0.111167,La Paz,Bolivia,martj42/international_results,https://github.com/martj42/international_results,"Resultados oficiales publicos; Elo e historial usan solo partidos previos. Ranking FIFA, mercado, plantilla y fase exacta quedan vacios si no hay fuente real conectada."
19630314_Ecuador_vs_Paraguay,1963-03-14,Copa América,unknown_stage_from_source,Ecuador,Paraguay,1,3,1,,1253.138,1513.349,,,,,,,,0.037054,0.439628,La Paz,Bolivia,martj42/international_results,https://github.com/martj42/international_results,"Resultados oficiales publicos; Elo e historial usan solo partidos previos. Ranking FIFA, mercado, plantilla y fase exacta quedan vacios si no hay fuente real conectada."
19630317_Bolivia_vs_Colombia,1963-03-17,Copa América,unknown_stage_from_source,Bolivia,Colombia,2,1,0,,1390.336,1364.293,,,,,,,,0.089722,0.104677,Cochabamba,Bolivia,martj42/international_results,https://github.com/martj42/international_results,"Resultados oficiales publicos; Elo e historial usan solo partidos previos. Ranking FIFA, mercado, plantilla y fase exacta quedan vacios si no hay fuente real conectada."
19630317_Brazil_vs_Paraguay,1963-03-17,Copa América,unknown_stage_from_source,Brazil,Paraguay,0,2,1,,1910.056,1520.889,,,,,,,,0.670297,0.445526,La Paz,Bolivia,martj42/international_results,https://github.com/martj42/international_results,"Resultados oficiales publicos; Elo e historial usan solo partidos previos. Ranking FIFA, mercado, plantilla y fase exacta quedan vacios si no hay fuente real conectada."
19630317_Ecuador_vs_Peru,1963-03-17,Copa América,unknown_stage_from_source,Ecuador,Peru,1,2,1,,1245.598,1575.583,,,,,,,,0.036404,0.416396,La Paz,Bolivia,martj42/international_results,https://github.com/martj42/international_results,"Resultados oficiales publicos; Elo e historial usan solo partidos previos. Ranking FIFA, mercado, plantilla y fase exacta quedan vacios si no hay fuente real conectada."
19630320_Argentina_vs_Ecuador,1963-03-20,Copa América,unknown_stage_from_source,Argentina,Ecuador,4,2,1,,1750.682,1240.131,,,,,,,,0.773966,0.036552,Cochabamba,Bolivia,martj42/international_results,https://github.com/martj42/international_results,"Resultados oficiales publicos; Elo e historial usan solo partidos previos. Ranking FIFA, mercado, plantilla y fase exacta quedan vacios si no hay fuente real conectada."
19630320_Colombia_vs_Paraguay,1963-03-20,Copa América,unknown_stage_from_source,Colombia,Paraguay,2,3,1,,1344.864,1556.323,,,,,,,,0.102812,0.451302,Cochabamba,Bolivia,martj42/international_results,https://github.com/martj42/international_results,"Resultados oficiales publicos; Elo e historial usan solo partidos previos. Ranking FIFA, mercado, plantilla y fase exacta quedan vacios si no hay fuente real conectada."
19630321_Bolivia_vs_Peru,1963-03-21,Copa América,unknown_stage_from_source,Bolivia,Peru,3,2,0,,1409.765,1581.050,,,,,,,,0.107381,0.423578,La Paz,Bolivia,martj42/international_results,https://github.com/martj42/international_results,"Resultados oficiales publicos; Elo e historial usan solo partidos previos. Ranking FIFA, mercado, plantilla y fase exacta quedan vacios si no hay fuente real conectada."
19630324_Argentina_vs_Brazil,1963-03-24,Copa América,unknown_stage_from_source,Argentina,Brazil,3,0,1,,1752.565,1874.621,,,,,,,,0.775897,0.664664,La Paz,Bolivia,martj42/international_results,https://github.com/martj42/international_results,"Resultados oficiales publicos; Elo e historial usan solo partidos previos. Ranking FIFA, mercado, plantilla y fase exacta quedan vacios si no hay fuente real conectada."
19630324_Bolivia_vs_Paraguay,1963-03-24,Copa América,unknown_stage_from_source,Bolivia,Paraguay,2,0,0,,1440.353,1565.917,,,,,,,,0.124333,0.456495,Cochabamba,Bolivia,martj42/international_results,https://github.com/martj42/international_results,"Resultados oficiales publicos; Elo e historial usan solo partidos previos. Ranking FIFA, mercado, plantilla y fase exacta quedan vacios si no hay fuente real conectada."
19630324_Colombia_vs_Peru,1963-03-24,Copa América,unknown_stage_from_source,Colombia,Peru,1,1,1,,1335.270,1550.461,,,,,,,,0.101061,0.418596,La Paz,Bolivia,martj42/international_results,https://github.com/martj42/international_results,"Resultados oficiales publicos; Elo e historial usan solo partidos previos. Ranking FIFA, mercado, plantilla y fase exacta quedan vacios si no hay fuente real conectada."
19630327_Brazil_vs_Ecuador,1963-03-27,Copa América,unknown_stage_from_source,Brazil,Ecuador,2,2,1,,1837.729,1238.249,,,,,,,,0.658750,0.035932,Cochabamba,Bolivia,martj42/international_results,https://github.com/martj42/international_results,"Resultados oficiales publicos; Elo e historial usan solo partidos previos. Ranking FIFA, mercado, plantilla y fase exacta quedan vacios si no hay fuente real conectada."
19630327_Paraguay_vs_Peru,1963-03-27,Copa América,unknown_stage_from_source,Paraguay,Peru,4,1,1,,1536.531,1538.897,,,,,,,,0.451837,0.417879,Cochabamba,Bolivia,martj42/international_results,https://github.com/martj42/international_results,"Resultados oficiales publicos; Elo e historial usan solo partidos previos. Ranking FIFA, mercado, plantilla y fase exacta quedan vacios si no hay fuente real conectada."
19630328_Bolivia_vs_Argentina,1963-03-28,Copa América,unknown_stage_from_source,Bolivia,Argentina,3,2,0,,1469.740,1789.456,,,,,,,,0.141503,0.778178,La Paz,Bolivia,martj42/international_results,https://github.com/martj42/international_results,"Resultados oficiales publicos; Elo e historial usan solo partidos previos. Ranking FIFA, mercado, plantilla y fase exacta quedan vacios si no hay fuente real conectada."
19630331_Argentina_vs_Paraguay,1963-03-31,Copa América,unknown_stage_from_source,Argentina,Paraguay,1,1,1,,1753.210,1565.810,,,,,,,,0.772017,0.457828,La Paz,Bolivia,martj42/international_results,https://github.com/martj42/international_results,"Resultados oficiales publicos; Elo e historial usan solo partidos previos. Ranking FIFA, mercado, plantilla y fase exacta quedan vacios si no hay fuente real conectada."
19630331_Bolivia_vs_Brazil,1963-03-31,Copa América,unknown_stage_from_source,Bolivia,Brazil,5,4,0,,1505.986,1818.020,,,,,,,,0.157147,0.656309,Cochabamba,Bolivia,martj42/international_results,https://github.com/martj42/international_results,"Resultados oficiales publicos; Elo e historial usan solo partidos previos. Ranking FIFA, mercado, plantilla y fase exacta quedan vacios si no hay fuente real conectada."
19630331_Colombia_vs_Ecuador,1963-03-31,Copa América,unknown_stage_from_source,Colombia,Ecuador,3,4,1,,1346.835,1257.958,,,,,,,,0.108775,0.041389,La Paz,Bolivia,martj42/international_results,https://github.com/martj42/international_results,"Resultados oficiales publicos; Elo e historial usan solo partidos previos. Ranking FIFA, mercado, plantilla y fase exacta quedan vacios si no hay fuente real conectada."
19640617_Denmark_vs_Russia,1964-06-17,UEFA Euro,unknown_stage_from_source,Denmark,Russia,0,3,1,,1527.334,1769.770,,,,,,,,,0.607424,Barcelona,Spain,martj42/international_results,https://github.com/martj42/international_results,"Resultados oficiales publicos; Elo e historial usan solo partidos previos. Ranking FIFA, mercado, plantilla y fase exacta quedan vacios si no hay fuente real conectada."
19640617_Spain_vs_Hungary,1964-06-17,UEFA Euro,unknown_stage_from_source,Spain,Hungary,2,1,0,,1677.771,1751.476,,,,,,,,0.469722,0.676404,Madrid,Spain,martj42/international_results,https://github.com/martj42/international_results,"Resultados oficiales publicos; Elo e historial usan solo partidos previos. Ranking FIFA, mercado, plantilla y fase exacta quedan vacios si no hay fuente real conectada."
19640620_Hungary_vs_Denmark,1964-06-20,UEFA Euro,unknown_stage_from_source,Hungary,Denmark,3,1,1,,1726.086,1516.923,,,,,,,,0.644833,0.000000,Barcelona,Spain,martj42/international_results,https://github.com/martj42/international_results,"Resultados oficiales publicos; Elo e historial usan solo partidos previos. Ranking FIFA, mercado, plantilla y fase exacta quedan vacios si no hay fuente real conectada."
19640621_Spain_vs_Russia,1964-06-21,UEFA Euro,unknown_stage_from_source,Spain,Russia,2,1,0,,1703.160,1780.181,,,,,,,,0.507051,0.643889,Madrid,Spain,martj42/international_results,https://github.com/martj42/international_results,"Resultados oficiales publicos; Elo e historial usan solo partidos previos. Ranking FIFA, mercado, plantilla y fase exacta quedan vacios si no hay fuente real conectada."
19660711_England_vs_Uruguay,1966-07-11,FIFA World Cup,unknown_stage_from_source,England,Uruguay,0,0,0,,1729.100,1665.079,,,,,,,,0.356905,0.686005,London,England,martj42/international_results,https://github.com/martj42/international_results,"Resultados oficiales publicos; Elo e historial usan solo partidos previos. Ranking FIFA, mercado, plantilla y fase exacta quedan vacios si no hay fuente real conectada."
19660712_Brazil_vs_Bulgaria,1966-07-12,FIFA World Cup,unknown_stage_from_source,Brazil,Bulgaria,2,0,1,,1794.584,1591.080,,,,,,,,0.651298,0.091111,Liverpool,England,martj42/international_results,https://github.com/martj42/international_results,"Resultados oficiales publicos; Elo e historial usan solo partidos previos. Ranking FIFA, mercado, plantilla y fase exacta quedan vacios si no hay fuente real conectada."
19660712_Germany_vs_Switzerland,1966-07-12,FIFA World Cup,unknown_stage_from_source,Germany,Switzerland,5,0,1,,1732.303,1497.461,,,,,,,,0.611515,0.375778,Sheffield,England,martj42/international_results,https://github.com/martj42/international_results,"Resultados oficiales publicos; Elo e historial usan solo partidos previos. Ranking FIFA, mercado, plantilla y fase exacta quedan vacios si no hay fuente real conectada."
19660712_North_Korea_vs_Russia,1966-07-12,FIFA World Cup,unknown_stage_from_source,North Korea,Russia,0,3,1,,1635.900,1752.074,,,,,,,,,0.597821,Middlesbrough,England,martj42/international_results,https://github.com/martj42/international_results,"Resultados oficiales publicos; Elo e historial usan solo partidos previos. Ranking FIFA, mercado, plantilla y fase exacta quedan vacios si no hay fuente real conectada."
19660713_Argentina_vs_Spain,1966-07-13,FIFA World Cup,unknown_stage_from_source,Argentina,Spain,2,1,1,,1758.829,1704.944,,,,,,,,0.768611,0.539048,Birmingham,England,martj42/international_results,https://github.com/martj42/international_results,"Resultados oficiales publicos; Elo e historial usan solo partidos previos. Ranking FIFA, mercado, plantilla y fase exacta quedan vacios si no hay fuente real conectada."
19660713_Chile_vs_Italy,1966-07-13,FIFA World Cup,unknown_stage_from_source,Chile,Italy,0,2,1,,1610.119,1738.641,,,,,,,,0.381818,0.695098,Sunderland,England,martj42/international_results,https://github.com/martj42/international_results,"Resultados oficiales publicos; Elo e historial usan solo partidos previos. Ranking FIFA, mercado, plantilla y fase exacta quedan vacios si no hay fuente real conectada."
19660713_France_vs_Mexico,1966-07-13,FIFA World Cup,unknown_stage_from_source,France,Mexico,1,1,1,,1611.936,1710.594,,,,,,,,0.462812,0.068452,London,England,martj42/international_results,https://github.com/martj42/international_results,"Resultados oficiales publicos; Elo e historial usan solo partidos previos. Ranking FIFA, mercado, plantilla y fase exacta quedan vacios si no hay fuente real conectada."
19660713_Hungary_vs_Portugal,1966-07-13,FIFA World Cup,unknown_stage_from_source,Hungary,Portugal,1,3,1,,1745.597,1592.134,,,,,,,,0.661746,,Manchester,England,martj42/international_results,https://github.com/martj42/international_results,"Resultados oficiales publicos; Elo e historial usan solo partidos previos. Ranking FIFA, mercado, plantilla y fase exacta quedan vacios si no hay fuente real conectada."
19660715_Brazil_vs_Hungary,1966-07-15,FIFA World Cup,unknown_stage_from_source,Brazil,Hungary,1,3,1,,1804.576,1715.079,,,,,,,,0.654133,0.631667,Liverpool,England,martj42/international_results,https://github.com/martj42/international_results,"Resultados oficiales publicos; Elo e historial usan solo partidos previos. Ranking FIFA, mercado, plantilla y fase exacta quedan vacios si no hay fuente real conectada."
19660715_Chile_vs_North_Korea,1966-07-15,FIFA World Cup,unknown_stage_from_source,Chile,North Korea,1,1,1,,1596.036,1617.164,,,,,,,,0.378378,0.000000,Middlesbrough,England,martj42/international_results,https://github.com/martj42/international_results,"Resultados oficiales publicos; Elo e historial usan solo partidos previos. Ranking FIFA, mercado, plantilla y fase exacta quedan vacios si no hay fuente real conectada."
19660715_France_vs_Uruguay,1966-07-15,FIFA World Cup,unknown_stage_from_source,France,Uruguay,1,2,1,,1617.744,1668.905,,,,,,,,0.456961,0.683561,London,England,martj42/international_results,https://github.com/martj42/international_results,"Resultados oficiales publicos; Elo e historial usan solo partidos previos. Ranking FIFA, mercado, plantilla y fase exacta quedan vacios si no hay fuente real conectada."
19660715_Spain_vs_Switzerland,1966-07-15,FIFA World Cup,unknown_stage_from_source,Spain,Switzerland,2,1,1,,1687.175,1483.483,,,,,,,,0.506111,0.343854,Sheffield,England,martj42/international_results,https://github.com/martj42/international_results,"Resultados oficiales publicos; Elo e historial usan solo partidos previos. Ranking FIFA, mercado, plantilla y fase exacta quedan vacios si no hay fuente real conectada."
19660716_Argentina_vs_Germany,1966-07-16,FIFA World Cup,unknown_stage_from_source,Argentina,Germany,0,0,1,,1776.598,1746.281,,,,,,,,0.770152,0.634275,Birmingham,England,martj42/international_results,https://github.com/martj42/international_results,"Resultados oficiales publicos; Elo e historial usan solo partidos previos. Ranking FIFA, mercado, plantilla y fase exacta quedan vacios si no hay fuente real conectada."
19660716_Bulgaria_vs_Portugal,1966-07-16,FIFA World Cup,unknown_stage_from_source,Bulgaria,Portugal,0,3,1,,1581.087,1622.652,,,,,,,,0.068333,1.000000,Manchester,England,martj42/international_results,https://github.com/martj42/international_results,"Resultados oficiales publicos; Elo e historial usan solo partidos previos. Ranking FIFA, mercado, plantilla y fase exacta quedan vacios si no hay fuente real conectada."
19660716_England_vs_Mexico,1966-07-16,FIFA World Cup,unknown_stage_from_source,England,Mexico,2,0,0,,1725.274,1704.786,,,,,,,,0.357333,0.088111,London,England,martj42/international_results,https://github.com/martj42/international_results,"Resultados oficiales publicos; Elo e historial usan solo partidos previos. Ranking FIFA, mercado, plantilla y fase exacta quedan vacios si no hay fuente real conectada."
19660716_Italy_vs_Russia,1966-07-16,FIFA World Cup,unknown_stage_from_source,Italy,Russia,0,1,1,,1752.724,1770.810,,,,,,,,0.712037,0.629762,Sunderland,England,martj42/international_results,https://github.com/martj42/international_results,"Resultados oficiales publicos; Elo e historial usan solo partidos previos. Ranking FIFA, mercado, plantilla y fase exacta quedan vacios si no hay fuente real conectada."
19660719_Argentina_vs_Switzerland,1966-07-19,FIFA World Cup,unknown_stage_from_source,Argentina,Switzerland,2,0,1,,1774.770,1473.554,,,,,,,,0.766817,0.326275,Sheffield,England,martj42/international_results,https://github.com/martj42/international_results,"Resultados oficiales publicos; Elo e historial usan solo partidos previos. Ranking FIFA, mercado, plantilla y fase exacta quedan vacios si no hay fuente real conectada."
19660719_Brazil_vs_Portugal,1966-07-19,FIFA World Cup,unknown_stage_from_source,Brazil,Portugal,1,3,1,,1776.820,1647.822,,,,,,,,0.648858,1.000000,Liverpool,England,martj42/international_results,https://github.com/martj42/international_results,"Resultados oficiales publicos; Elo e historial usan solo partidos previos. Ranking FIFA, mercado, plantilla y fase exacta quedan vacios si no hay fuente real conectada."
19660719_Italy_vs_North_Korea,1966-07-19,FIFA World Cup,unknown_stage_from_source,Italy,North Korea,0,1,1,,1732.816,1615.889,,,,,,,,0.676930,0.159167,Middlesbrough,England,martj42/international_results,https://github.com/martj42/international_results,"Resultados oficiales publicos; Elo e historial usan solo partidos previos. Ranking FIFA, mercado, plantilla y fase exacta quedan vacios si no hay fuente real conectada."
19660719_Mexico_vs_Uruguay,1966-07-19,FIFA World Cup,unknown_stage_from_source,Mexico,Uruguay,0,0,1,,1683.274,1686.835,,,,,,,,0.082604,0.685602,London,England,martj42/international_results,https://github.com/martj42/international_results,"Resultados oficiales publicos; Elo e historial usan solo partidos previos. Ranking FIFA, mercado, plantilla y fase exacta quedan vacios si no hay fuente real conectada."
19660720_Bulgaria_vs_Hungary,1966-07-20,FIFA World Cup,unknown_stage_from_source,Bulgaria,Hungary,1,3,1,,1555.917,1742.836,,,,,,,,0.045667,0.647681,Manchester,England,martj42/international_results,https://github.com/martj42/international_results,"Resultados oficiales publicos; Elo e historial usan solo partidos previos. Ranking FIFA, mercado, plantilla y fase exacta quedan vacios si no hay fuente real conectada."
19660720_Chile_vs_Russia,1966-07-20,FIFA World Cup,unknown_stage_from_source,Chile,Russia,1,2,1,,1597.311,1790.718,,,,,,,,0.378244,0.651444,Sunderland,England,martj42/international_results,https://github.com/martj42/international_results,"Resultados oficiales publicos; Elo e historial usan solo partidos previos. Ranking FIFA, mercado, plantilla y fase exacta quedan vacios si no hay fuente real conectada."
19660720_England_vs_France,1966-07-20,FIFA World Cup,unknown_stage_from_source,England,France,2,0,0,,1746.786,1599.814,,,,,,,,0.397500,0.434074,London,England,martj42/international_results,https://github.com/martj42/international_results,"Resultados oficiales publicos; Elo e historial usan solo partidos previos. Ranking FIFA, mercado, plantilla y fase exacta quedan vacios si no hay fuente real conectada."
19660720_Germany_vs_Spain,1966-07-20,FIFA World Cup,unknown_stage_from_source,Germany,Spain,2,1,1,,1748.109,1697.104,,,,,,,,0.622986,0.534167,Birmingham,England,martj42/international_results,https://github.com/martj42/international_results,"Resultados oficiales publicos; Elo e historial usan solo partidos previos. Ranking FIFA, mercado, plantilla y fase exacta quedan vacios si no hay fuente real conectada."
19660723_England_vs_Argentina,1966-07-23,FIFA World Cup,unknown_stage_from_source,England,Argentina,1,0,0,,1759.773,1780.861,,,,,,,,0.432941,0.768713,London,England,martj42/international_results,https://github.com/martj42/international_results,"Resultados oficiales publicos; Elo e historial usan solo partidos previos. Ranking FIFA, mercado, plantilla y fase exacta quedan vacios si no hay fuente real conectada."
19660723_Germany_vs_Uruguay,1966-07-23,FIFA World Cup,unknown_stage_from_source,Germany,Uruguay,4,0,1,,1766.048,1686.620,,,,,,,,0.636267,0.683197,Sheffield,England,martj42/international_results,https://github.com/martj42/international_results,"Resultados oficiales publicos; Elo e historial usan solo partidos previos. Ranking FIFA, mercado, plantilla y fase exacta quedan vacios si no hay fuente real conectada."
19660723_Hungary_vs_Russia,1966-07-23,FIFA World Cup,unknown_stage_from_source,Hungary,Russia,1,2,1,,1753.649,1801.102,,,,,,,,0.662361,0.670417,Sunderland,England,martj42/international_results,https://github.com/martj42/international_results,"Resultados oficiales publicos; Elo e historial usan solo partidos previos. Ranking FIFA, mercado, plantilla y fase exacta quedan vacios si no hay fuente real conectada."
19660723_North_Korea_vs_Portugal,1966-07-23,FIFA World Cup,unknown_stage_from_source,North Korea,Portugal,3,5,1,,1643.701,1677.354,,,,,,,,0.424444,1.000000,Liverpool,England,martj42/international_results,https://github.com/martj42/international_results,"Resultados oficiales publicos; Elo e historial usan solo partidos previos. Ranking FIFA, mercado, plantilla y fase exacta quedan vacios si no hay fuente real conectada."
19660725_Germany_vs_Russia,1966-07-25,FIFA World Cup,unknown_stage_from_source,Germany,Russia,2,1,1,,1791.338,1819.252,,,,,,,,0.653718,0.687157,Liverpool,England,martj42/international_results,https://github.com/martj42/international_results,"Resultados oficiales publicos; Elo e historial usan solo partidos previos. Ranking FIFA, mercado, plantilla y fase exacta quedan vacios si no hay fuente real conectada."
19660726_England_vs_Portugal,1966-07-26,FIFA World Cup,unknown_stage_from_source,England,Portugal,2,1,0,,1782.046,1697.883,,,,,,,,0.461944,1.000000,London,England,martj42/international_results,https://github.com/martj42/international_results,"Resultados oficiales publicos; Elo e historial usan solo partidos previos. Ranking FIFA, mercado, plantilla y fase exacta quedan vacios si no hay fuente real conectada."
19660728_Portugal_vs_Russia,1966-07-28,FIFA World Cup,unknown_stage_from_source,Portugal,Russia,2,1,1,,1681.873,1796.568,,,,,,,,0.818000,0.651481,London,England,martj42/international_results,https://github.com/martj42/international_results,"Resultados oficiales publicos; Elo e historial usan solo partidos previos. Ranking FIFA, mercado, plantilla y fase exacta quedan vacios si no hay fuente real conectada."
19660730_England_vs_Germany,1966-07-30,FIFA World Cup,unknown_stage_from_source,England,Germany,4,2,0,,1798.056,1814.022,,,,,,,,0.487895,0.664877,London,England,martj42/international_results,https://github.com/martj42/international_results,"Resultados oficiales publicos; Elo e historial usan solo partidos previos. Ranking FIFA, mercado, plantilla y fase exacta quedan vacios si no hay fuente real conectada."
19670117_Uruguay_vs_Bolivia,1967-01-17,Copa América,unknown_stage_from_source,Uruguay,Bolivia,4,0,0,,1659.795,1532.941,,,,,,,,0.677469,0.172201,Montevideo,Uruguay,martj42/international_results,https://github.com/martj42/international_results,"Resultados oficiales publicos; Elo e historial usan solo partidos previos. Ranking FIFA, mercado, plantilla y fase exacta quedan vacios si no hay fuente real conectada."
19670118_Argentina_vs_Paraguay,1967-01-18,Copa América,unknown_stage_from_source,Argentina,Paraguay,4,1,1,,1758.588,1572.108,,,,,,,,0.762876,0.456883,Montevideo,Uruguay,martj42/international_results,https://github.com/martj42/international_results,"Resultados oficiales publicos; Elo e historial usan solo partidos previos. Ranking FIFA, mercado, plantilla y fase exacta quedan vacios si no hay fuente real conectada."
19670118_Chile_vs_Venezuela,1967-01-18,Copa América,unknown_stage_from_source,Chile,Venezuela,2,0,1,,1583.249,1412.844,,,,,,,,0.375295,,Montevideo,Uruguay,martj42/international_results,https://github.com/martj42/international_results,"Resultados oficiales publicos; Elo e historial usan solo partidos previos. Ranking FIFA, mercado, plantilla y fase exacta quedan vacios si no hay fuente real conectada."
19670121_Uruguay_vs_Venezuela,1967-01-21,Copa América,unknown_stage_from_source,Uruguay,Venezuela,4,0,0,,1680.575,1401.166,,,,,,,,0.680502,0.000000,Montevideo,Uruguay,martj42/international_results,https://github.com/martj42/international_results,"Resultados oficiales publicos; Elo e historial usan solo partidos previos. Ranking FIFA, mercado, plantilla y fase exacta quedan vacios si no hay fuente real conectada."
19670122_Bolivia_vs_Argentina,1967-01-22,Copa América,unknown_stage_from_source,Bolivia,Argentina,0,1,1,,1512.161,1772.261,,,,,,,,0.167346,0.765133,Montevideo,Uruguay,martj42/international_results,https://github.com/martj42/international_results,"Resultados oficiales publicos; Elo e historial usan solo partidos previos. Ranking FIFA, mercado, plantilla y fase exacta quedan vacios si no hay fuente real conectada."
19670122_Chile_vs_Paraguay,1967-01-22,Copa América,unknown_stage_from_source,Chile,Paraguay,4,2,1,,1594.927,1558.435,,,,,,,,0.380775,0.451914,Montevideo,Uruguay,martj42/international_results,https://github.com/martj42/international_results,"Resultados oficiales publicos; Elo e historial usan solo partidos previos. Ranking FIFA, mercado, plantilla y fase exacta quedan vacios si no hay fuente real conectada."
19670125_Argentina_vs_Venezuela,1967-01-25,Copa América,unknown_stage_from_source,Argentina,Venezuela,5,1,1,,1779.940,1391.161,,,,,,,,0.766640,0.000000,Montevideo,Uruguay,martj42/international_results,https://github.com/martj42/international_results,"Resultados oficiales publicos; Elo e historial usan solo partidos previos. Ranking FIFA, mercado, plantilla y fase exacta quedan vacios si no hay fuente real conectada."
19670125_Paraguay_vs_Bolivia,1967-01-25,Copa América,unknown_stage_from_source,Paraguay,Bolivia,1,0,1,,1538.115,1504.482,,,,,,,,0.447484,0.165121,Montevideo,Uruguay,martj42/international_results,https://github.com/martj42/international_results,"Resultados oficiales publicos; Elo e historial usan solo partidos previos. Ranking FIFA, mercado, plantilla y fase exacta quedan vacios si no hay fuente real conectada."
19670126_Uruguay_vs_Chile,1967-01-26,Copa América,unknown_stage_from_source,Uruguay,Chile,2,2,0,,1690.580,1615.247,,,,,,,,0.683491,0.386159,Montevideo,Uruguay,martj42/international_results,https://github.com/martj42/international_results,"Resultados oficiales publicos; Elo e historial usan solo partidos previos. Ranking FIFA, mercado, plantilla y fase exacta quedan vacios si no hay fuente real conectada."
19670128_Argentina_vs_Chile,1967-01-28,Copa América,unknown_stage_from_source,Argentina,Chile,2,0,1,,1785.477,1619.730,,,,,,,,0.769186,0.385963,Montevideo,Uruguay,martj42/international_results,https://github.com/martj42/international_results,"Resultados oficiales publicos; Elo e historial usan solo partidos previos. Ranking FIFA, mercado, plantilla y fase exacta quedan vacios si no hay fuente real conectada."
19670128_Bolivia_vs_Venezuela,1967-01-28,Copa América,unknown_stage_from_source,Bolivia,Venezuela,0,3,1,,1485.509,1385.623,,,,,,,,0.162976,0.000000,Montevideo,Uruguay,martj42/international_results,https://github.com/martj42/international_results,"Resultados oficiales publicos; Elo e historial usan solo partidos previos. Ranking FIFA, mercado, plantilla y fase exacta quedan vacios si no hay fuente real conectada."
19670129_Uruguay_vs_Paraguay,1967-01-29,Copa América,unknown_stage_from_source,Uruguay,Paraguay,2,0,0,,1686.097,1557.089,,,,,,,,0.681171,0.452411,Montevideo,Uruguay,martj42/international_results,https://github.com/martj42/international_results,"Resultados oficiales publicos; Elo e historial usan solo partidos previos. Ranking FIFA, mercado, plantilla y fase exacta quedan vacios si no hay fuente real conectada."
19670201_Bolivia_vs_Chile,1967-02-01,Copa América,unknown_stage_from_source,Bolivia,Chile,0,0,1,,1449.868,1607.799,,,,,,,,0.159327,0.382664,Montevideo,Uruguay,martj42/international_results,https://github.com/martj42/international_results,"Resultados oficiales publicos; Elo e historial usan solo partidos previos. Ranking FIFA, mercado, plantilla y fase exacta quedan vacios si no hay fuente real conectada."
19670201_Venezuela_vs_Paraguay,1967-02-01,Copa América,unknown_stage_from_source,Venezuela,Paraguay,3,5,1,,1421.264,1543.035,,,,,,,,0.216250,0.448061,Montevideo,Uruguay,martj42/international_results,https://github.com/martj42/international_results,"Resultados oficiales publicos; Elo e historial usan solo partidos previos. Ranking FIFA, mercado, plantilla y fase exacta quedan vacios si no hay fuente real conectada."
19670202_Uruguay_vs_Argentina,1967-02-02,Copa América,unknown_stage_from_source,Uruguay,Argentina,1,0,0,,1700.150,1797.409,,,,,,,,0.683465,0.770990,Montevideo,Uruguay,martj42/international_results,https://github.com/martj42/international_results,"Resultados oficiales publicos; Elo e historial usan solo partidos previos. Ranking FIFA, mercado, plantilla y fase exacta quedan vacios si no hay fuente real conectada."
19680605_England_vs_Yugoslavia,1968-06-05,UEFA Euro,unknown_stage_from_source,England,Yugoslavia,0,1,1,,1829.260,1666.554,,,,,,,,0.513500,0.532381,Florence,Italy,martj42/international_results,https://github.com/martj42/international_results,"Resultados oficiales publicos; Elo e historial usan solo partidos previos. Ranking FIFA, mercado, plantilla y fase exacta quedan vacios si no hay fuente real conectada."
19680605_Italy_vs_Russia,1968-06-05,UEFA Euro,unknown_stage_from_source,Italy,Russia,0,0,0,,1732.882,1760.364,,,,,,,,0.645333,0.619561,Naples,Italy,martj42/international_results,https://github.com/martj42/international_results,"Resultados oficiales publicos; Elo e historial usan solo partidos previos. Ranking FIFA, mercado, plantilla y fase exacta quedan vacios si no hay fuente real conectada."
19680608_England_vs_Russia,1968-06-08,UEFA Euro,unknown_stage_from_source,England,Russia,2,0,1,,1799.087,1758.706,,,,,,,,0.491190,0.606750,Rome,Italy,martj42/international_results,https://github.com/martj42/international_results,"Resultados oficiales publicos; Elo e historial usan solo partidos previos. Ranking FIFA, mercado, plantilla y fase exacta quedan vacios si no hay fuente real conectada."
19680608_Italy_vs_Yugoslavia,1968-06-08,UEFA Euro,unknown_stage_from_source,Italy,Yugoslavia,1,1,0,,1734.539,1696.728,,,,,,,,0.631905,0.551591,Rome,Italy,martj42/international_results,https://github.com/martj42/international_results,"Resultados oficiales publicos; Elo e historial usan solo partidos previos. Ranking FIFA, mercado, plantilla y fase exacta quedan vacios si no hay fuente real conectada."
19680610_Italy_vs_Yugoslavia,1968-06-10,UEFA Euro,unknown_stage_from_source,Italy,Yugoslavia,2,0,0,,1732.263,1699.004,,,,,,,,0.619697,0.543406,Rome,Italy,martj42/international_results,https://github.com/martj42/international_results,"Resultados oficiales publicos; Elo e historial usan solo partidos previos. Ranking FIFA, mercado, plantilla y fase exacta quedan vacios si no hay fuente real conectada."
19700531_Mexico_vs_Russia,1970-05-31,FIFA World Cup,unknown_stage_from_source,Mexico,Russia,0,0,0,,1627.580,1745.092,,,,,,,,0.099118,0.577857,Mexico City,Mexico,martj42/international_results,https://github.com/martj42/international_results,"Resultados oficiales publicos; Elo e historial usan solo partidos previos. Ranking FIFA, mercado, plantilla y fase exacta quedan vacios si no hay fuente real conectada."
19700602_Bulgaria_vs_Peru,1970-06-02,FIFA World Cup,unknown_stage_from_source,Bulgaria,Peru,2,3,1,,1615.186,1569.111,,,,,,,,0.038056,0.411944,León,Mexico,martj42/international_results,https://github.com/martj42/international_results,"Resultados oficiales publicos; Elo e historial usan solo partidos previos. Ranking FIFA, mercado, plantilla y fase exacta quedan vacios si no hay fuente real conectada."
19700602_England_vs_Romania,1970-06-02,FIFA World Cup,unknown_stage_from_source,England,Romania,1,0,1,,1819.658,1581.310,,,,,,,,0.514318,0.272667,Guadalajara,Mexico,martj42/international_results,https://github.com/martj42/international_results,"Resultados oficiales publicos; Elo e historial usan solo partidos previos. Ranking FIFA, mercado, plantilla y fase exacta quedan vacios si no hay fuente real conectada."
19700602_Israel_vs_Uruguay,1970-06-02,FIFA World Cup,unknown_stage_from_source,Israel,Uruguay,0,2,1,,1525.586,1704.676,,,,,,,,,0.685405,Puebla,Mexico,martj42/international_results,https://github.com/martj42/international_results,"Resultados oficiales publicos; Elo e historial usan solo partidos previos. Ranking FIFA, mercado, plantilla y fase exacta quedan vacios si no hay fuente real conectada."
19700603_Belgium_vs_El_Salvador,1970-06-03,FIFA World Cup,unknown_stage_from_source,Belgium,El Salvador,3,0,1,,1594.794,1574.279,,,,,,,,0.045556,,Mexico City,Mexico,martj42/international_results,https://github.com/martj42/international_results,"Resultados oficiales publicos; Elo e historial usan solo partidos previos. Ranking FIFA, mercado, plantilla y fase exacta quedan vacios si no hay fuente real conectada."
19700603_Brazil_vs_Czechoslovakia,1970-06-03,FIFA World Cup,unknown_stage_from_source,Brazil,Czechoslovakia,4,1,1,,1817.385,1710.123,,,,,,,,0.643667,0.480476,Guadalajara,Mexico,martj42/international_results,https://github.com/martj42/international_results,"Resultados oficiales publicos; Elo e historial usan solo partidos previos. Ranking FIFA, mercado, plantilla y fase exacta quedan vacios si no hay fuente real conectada."
19700603_Germany_vs_Morocco,1970-06-03,FIFA World Cup,unknown_stage_from_source,Germany,Morocco,2,1,1,,1783.230,1555.338,,,,,,,,0.641131,,León,Mexico,martj42/international_results,https://github.com/martj42/international_results,"Resultados oficiales publicos; Elo e historial usan solo partidos previos. Ranking FIFA, mercado, plantilla y fase exacta quedan vacios si no hay fuente real conectada."
19700603_Italy_vs_Sweden,1970-06-03,FIFA World Cup,unknown_stage_from_source,Italy,Sweden,1,0,1,,1776.571,1651.662,,,,,,,,0.636232,0.542604,Toluca,Mexico,martj42/international_results,https://github.com/martj42/international_results,"Resultados oficiales publicos; Elo e historial usan solo partidos previos. Ranking FIFA, mercado, plantilla y fase exacta quedan vacios si no hay fuente real conectada."
19700606_Belgium_vs_Russia,1970-06-06,FIFA World Cup,unknown_stage_from_source,Belgium,Russia,1,4,1,,1621.937,1738.248,,,,,,,,0.188333,0.568106,Mexico City,Mexico,martj42/international_results,https://github.com/martj42/international_results,"Resultados oficiales publicos; Elo e historial usan solo partidos previos. Ranking FIFA, mercado, plantilla y fase exacta quedan vacios si no hay fuente real conectada."
19700606_Czechoslovakia_vs_Romania,1970-06-06,FIFA World Cup,unknown_stage_from_source,Czechoslovakia,Romania,1,2,1,,1690.672,1572.814,,,,,,,,0.456591,0.234722,Guadalajara,Mexico,martj42/international_results,https://github.com/martj42/international_results,"Resultados oficiales publicos; Elo e historial usan solo partidos previos. Ranking FIFA, mercado, plantilla y fase exacta quedan vacios si no hay fuente real conectada."
19700606_Italy_vs_Uruguay,1970-06-06,FIFA World Cup,unknown_stage_from_source,Italy,Uruguay,0,0,1,,1790.330,1715.894,,,,,,,,0.649514,0.687636,Puebla,Mexico,martj42/international_results,https://github.com/martj42/international_results,"Resultados oficiales publicos; Elo e historial usan solo partidos previos. Ranking FIFA, mercado, plantilla y fase exacta quedan vacios si no hay fuente real conectada."
19700606_Morocco_vs_Peru,1970-06-06,FIFA World Cup,unknown_stage_from_source,Morocco,Peru,0,3,1,,1546.426,1592.879,,,,,,,,0.045000,0.418819,León,Mexico,martj42/international_results,https://github.com/martj42/international_results,"Resultados oficiales publicos; Elo e historial usan solo partidos previos. Ranking FIFA, mercado, plantilla y fase exacta quedan vacios si no hay fuente real conectada."
19700607_Brazil_vs_England,1970-06-07,FIFA World Cup,unknown_stage_from_source,Brazil,England,1,0,1,,1836.837,1828.154,,,,,,,,0.646852,0.533478,Guadalajara,Mexico,martj42/international_results,https://github.com/martj42/international_results,"Resultados oficiales publicos; Elo e historial usan solo partidos previos. Ranking FIFA, mercado, plantilla y fase exacta quedan vacios si no hay fuente real conectada."
19700607_Bulgaria_vs_Germany,1970-06-07,FIFA World Cup,unknown_stage_from_source,Bulgaria,Germany,2,5,1,,1591.417,1792.142,,,,,,,,0.039048,0.651954,León,Mexico,martj42/international_results,https://github.com/martj42/international_results,"Resultados oficiales publicos; Elo e historial usan solo partidos previos. Ranking FIFA, mercado, plantilla y fase exacta quedan vacios si no hay fuente real conectada."
19700607_Israel_vs_Sweden,1970-06-07,FIFA World Cup,unknown_stage_from_source,Israel,Sweden,1,1,1,,1514.368,1637.903,,,,,,,,0.000000,0.513333,Toluca,Mexico,martj42/international_results,https://github.com/martj42/international_results,"Resultados oficiales publicos; Elo e historial usan solo partidos previos. Ranking FIFA, mercado, plantilla y fase exacta quedan vacios si no hay fuente real conectada."
19700607_Mexico_vs_El_Salvador,1970-06-07,FIFA World Cup,unknown_stage_from_source,Mexico,El Salvador,4,0,0,,1634.424,1547.137,,,,,,,,0.113796,0.000000,Mexico City,Mexico,martj42/international_results,https://github.com/martj42/international_results,"Resultados oficiales publicos; Elo e historial usan solo partidos previos. Ranking FIFA, mercado, plantilla y fase exacta quedan vacios si no hay fuente real conectada."
19700610_Brazil_vs_Romania,1970-06-10,FIFA World Cup,unknown_stage_from_source,Brazil,Romania,3,2,1,,1857.312,1600.676,,,,,,,,0.649278,0.337619,Guadalajara,Mexico,martj42/international_results,https://github.com/martj42/international_results,"Resultados oficiales publicos; Elo e historial usan solo partidos previos. Ranking FIFA, mercado, plantilla y fase exacta quedan vacios si no hay fuente real conectada."
19700610_El_Salvador_vs_Russia,1970-06-10,FIFA World Cup,unknown_stage_from_source,El Salvador,Russia,0,2,1,,1522.628,1756.973,,,,,,,,0.000000,0.588841,Mexico City,Mexico,martj42/international_results,https://github.com/martj42/international_results,"Resultados oficiales publicos; Elo e historial usan solo partidos previos. Ranking FIFA, mercado, plantilla y fase exacta quedan vacios si no hay fuente real conectada."
19700610_Germany_vs_Peru,1970-06-10,FIFA World Cup,unknown_stage_from_source,Germany,Peru,3,1,1,,1804.920,1617.600,,,,,,,,0.665056,0.426646,León,Mexico,martj42/international_results,https://github.com/martj42/international_results,"Resultados oficiales publicos; Elo e historial usan solo partidos previos. Ranking FIFA, mercado, plantilla y fase exacta quedan vacios si no hay fuente real conectada."
19700610_Sweden_vs_Uruguay,1970-06-10,FIFA World Cup,unknown_stage_from_source,Sweden,Uruguay,1,0,1,,1630.736,1720.325,,,,,,,,0.505000,0.685352,Puebla,Mexico,martj42/international_results,https://github.com/martj42/international_results,"Resultados oficiales publicos; Elo e historial usan solo partidos previos. Ranking FIFA, mercado, plantilla y fase exacta quedan vacios si no hay fuente real conectada."
19700611_Bulgaria_vs_Morocco,1970-06-11,FIFA World Cup,unknown_stage_from_source,Bulgaria,Morocco,1,1,1,,1578.639,1521.706,,,,,,,,0.028542,0.000000,León,Mexico,martj42/international_results,https://github.com/martj42/international_results,"Resultados oficiales publicos; Elo e historial usan solo partidos previos. Ranking FIFA, mercado, plantilla y fase exacta quedan vacios si no hay fuente real conectada."
19700611_Czechoslovakia_vs_England,1970-06-11,FIFA World Cup,unknown_stage_from_source,Czechoslovakia,England,0,1,1,,1662.809,1807.679,,,,,,,,0.438696,0.513125,Guadalajara,Mexico,martj42/international_results,https://github.com/martj42/international_results,"Resultados oficiales publicos; Elo e historial usan solo partidos previos. Ranking FIFA, mercado, plantilla y fase exacta quedan vacios si no hay fuente real conectada."
19700611_Israel_vs_Italy,1970-06-11,FIFA World Cup,unknown_stage_from_source,Israel,Italy,0,0,1,,1521.536,1785.899,,,,,,,,0.181667,0.638067,Toluca,Mexico,martj42/international_results,https://github.com/martj42/international_results,"Resultados oficiales publicos; Elo e historial usan solo partidos previos. Ranking FIFA, mercado, plantilla y fase exacta quedan vacios si no hay fuente real conectada."
19700611_Mexico_vs_Belgium,1970-06-11,FIFA World Cup,unknown_stage_from_source,Mexico,Belgium,1,0,0,,1658.933,1603.212,,,,,,,,0.165175,0.159167,Mexico City,Mexico,martj42/international_results,https://github.com/martj42/international_results,"Resultados oficiales publicos; Elo e historial usan solo partidos previos. Ranking FIFA, mercado, plantilla y fase exacta quedan vacios si no hay fuente real conectada."
19700614_Brazil_vs_Peru,1970-06-14,FIFA World Cup,unknown_stage_from_source,Brazil,Peru,4,2,1,,1865.117,1606.807,,,,,,,,0.651667,0.421379,Guadalajara,Mexico,martj42/international_results,https://github.com/martj42/international_results,"Resultados oficiales publicos; Elo e historial usan solo partidos previos. Ranking FIFA, mercado, plantilla y fase exacta quedan vacios si no hay fuente real conectada."
19700614_England_vs_Germany,1970-06-14,FIFA World Cup,unknown_stage_from_source,England,Germany,2,3,1,,1820.397,1815.713,,,,,,,,0.530800,0.675860,León,Mexico,martj42/international_results,https://github.com/martj42/international_results,"Resultados oficiales publicos; Elo e historial usan solo partidos previos. Ranking FIFA, mercado, plantilla y fase exacta quedan vacios si no hay fuente real conectada."
19700614_Mexico_vs_Italy,1970-06-14,FIFA World Cup,unknown_stage_from_source,Mexico,Italy,1,4,0,,1676.593,1772.425,,,,,,,,0.204667,0.627500,Toluca,Mexico,martj42/international_results,https://github.com/martj42/international_results,"Resultados oficiales publicos; Elo e historial usan solo partidos previos. Ranking FIFA, mercado, plantilla y fase exacta quedan vacios si no hay fuente real conectada."
19700614_Russia_vs_Uruguay,1970-06-14,FIFA World Cup,unknown_stage_from_source,Russia,Uruguay,0,1,1,,1765.565,1694.027,,,,,,,,0.605972,0.680874,Mexico City,Mexico,martj42/international_results,https://github.com/martj42/international_results,"Resultados oficiales publicos; Elo e historial usan solo partidos previos. Ranking FIFA, mercado, plantilla y fase exacta quedan vacios si no hay fuente real conectada."
19700617_Brazil_vs_Uruguay,1970-06-17,FIFA World Cup,unknown_stage_from_source,Brazil,Uruguay,3,1,1,,1872.731,1719.291,,,,,,,,0.654367,0.682778,Guadalajara,Mexico,martj42/international_results,https://github.com/martj42/international_results,"Resultados oficiales publicos; Elo e historial usan solo partidos previos. Ranking FIFA, mercado, plantilla y fase exacta quedan vacios si no hay fuente real conectada."
19700617_Germany_vs_Italy,1970-06-17,FIFA World Cup,unknown_stage_from_source,Germany,Italy,3,4,1,,1836.996,1792.817,,,,,,,,0.684583,0.642963,Mexico City,Mexico,martj42/international_results,https://github.com/martj42/international_results,"Resultados oficiales publicos; Elo e historial usan solo partidos previos. Ranking FIFA, mercado, plantilla y fase exacta quedan vacios si no hay fuente real conectada."
19700620_Germany_vs_Uruguay,1970-06-20,FIFA World Cup,unknown_stage_from_source,Germany,Uruguay,1,0,1,,1813.340,1706.674,,,,,,,,0.665202,0.678069,Mexico City,Mexico,martj42/international_results,https://github.com/martj42/international_results,"Resultados oficiales publicos; Elo e historial usan solo partidos previos. Ranking FIFA, mercado, plantilla y fase exacta quedan vacios si no hay fuente real conectada."
19700621_Brazil_vs_Italy,1970-06-21,FIFA World Cup,unknown_stage_from_source,Brazil,Italy,4,1,1,,1885.347,1816.473,,,,,,,,0.657026,0.654107,Mexico City,Mexico,martj42/international_results,https://github.com/martj42/international_results,"Resultados oficiales publicos; Elo e historial usan solo partidos previos. Ranking FIFA, mercado, plantilla y fase exacta quedan vacios si no hay fuente real conectada."
19720614_Belgium_vs_Germany,1972-06-14,UEFA Euro,unknown_stage_from_source,Belgium,Germany,1,2,0,,1663.148,1845.733,,,,,,,,0.146481,0.673725,Antwerp,Belgium,martj42/international_results,https://github.com/martj42/international_results,"Resultados oficiales publicos; Elo e historial usan solo partidos previos. Ranking FIFA, mercado, plantilla y fase exacta quedan vacios si no hay fuente real conectada."
19720614_Hungary_vs_Russia,1972-06-14,UEFA Euro,unknown_stage_from_source,Hungary,Russia,0,1,1,,1720.804,1770.573,,,,,,,,0.637667,0.583533,Brussels,Belgium,martj42/international_results,https://github.com/martj42/international_results,"Resultados oficiales publicos; Elo e historial usan solo partidos previos. Ranking FIFA, mercado, plantilla y fase exacta quedan vacios si no hay fuente real conectada."
19720617_Belgium_vs_Hungary,1972-06-17,UEFA Euro,unknown_stage_from_source,Belgium,Hungary,2,1,0,,1652.269,1702.792,,,,,,,,0.136333,0.614872,Liège,Belgium,martj42/international_results,https://github.com/martj42/international_results,"Resultados oficiales publicos; Elo e historial usan solo partidos previos. Ranking FIFA, mercado, plantilla y fase exacta quedan vacios si no hay fuente real conectada."
19720618_Germany_vs_Russia,1972-06-18,UEFA Euro,unknown_stage_from_source,Germany,Russia,3,0,1,,1856.612,1788.586,,,,,,,,0.681762,0.597821,Brussels,Belgium,martj42/international_results,https://github.com/martj42/international_results,"Resultados oficiales publicos; Elo e historial usan solo partidos previos. Ranking FIFA, mercado, plantilla y fase exacta quedan vacios si no hay fuente real conectada."
19740613_Brazil_vs_Yugoslavia,1974-06-13,FIFA World Cup,unknown_stage_from_source,Brazil,Yugoslavia,0,0,1,,1897.696,1714.274,,,,,,,,0.659987,0.520764,Frankfurt am Main,Germany,martj42/international_results,https://github.com/martj42/international_results,"Resultados oficiales publicos; Elo e historial usan solo partidos previos. Ranking FIFA, mercado, plantilla y fase exacta quedan vacios si no hay fuente real conectada."
19740614_DR_Congo_vs_Scotland,1974-06-14,FIFA World Cup,unknown_stage_from_source,DR Congo,Scotland,0,2,1,,1711.636,1610.292,,,,,,,,,0.054667,Dortmund,Germany,martj42/international_results,https://github.com/martj42/international_results,"Resultados oficiales publicos; Elo e historial usan solo partidos previos. Ranking FIFA, mercado, plantilla y fase exacta quedan vacios si no hay fuente real conectada."
19740614_German_DR_vs_Australia,1974-06-14,FIFA World Cup,unknown_stage_from_source,German DR,Australia,2,0,1,,1712.452,1662.748,,,,,,,,,,Hamburg,Germany,martj42/international_results,https://github.com/martj42/international_results,"Resultados oficiales publicos; Elo e historial usan solo partidos previos. Ranking FIFA, mercado, plantilla y fase exacta quedan vacios si no hay fuente real conectada."
19740614_Germany_vs_Chile,1974-06-14,FIFA World Cup,unknown_stage_from_source,Germany,Chile,1,0,0,,1872.877,1649.226,,,,,,,,0.691852,0.382500,Berlin,Germany,martj42/international_results,https://github.com/martj42/international_results,"Resultados oficiales publicos; Elo e historial usan solo partidos previos. Ranking FIFA, mercado, plantilla y fase exacta quedan vacios si no hay fuente real conectada."
19740615_Italy_vs_Haiti,1974-06-15,FIFA World Cup,unknown_stage_from_source,Italy,Haiti,3,1,1,,1782.912,1596.207,,,,,,,,0.630000,,Munich,Germany,martj42/international_results,https://github.com/martj42/international_results,"Resultados oficiales publicos; Elo e historial usan solo partidos previos. Ranking FIFA, mercado, plantilla y fase exacta quedan vacios si no hay fuente real conectada."
19740615_Poland_vs_Argentina,1974-06-15,FIFA World Cup,unknown_stage_from_source,Poland,Argentina,3,2,1,,1648.658,1718.878,,,,,,,,0.045000,0.765362,Stuttgart,Germany,martj42/international_results,https://github.com/martj42/international_results,"Resultados oficiales publicos; Elo e historial usan solo partidos previos. Ranking FIFA, mercado, plantilla y fase exacta quedan vacios si no hay fuente real conectada."
19740615_Sweden_vs_Bulgaria,1974-06-15,FIFA World Cup,unknown_stage_from_source,Sweden,Bulgaria,0,0,1,,1689.257,1653.785,,,,,,,,0.528684,0.065741,Düsseldorf,Germany,martj42/international_results,https://github.com/martj42/international_results,"Resultados oficiales publicos; Elo e historial usan solo partidos previos. Ranking FIFA, mercado, plantilla y fase exacta quedan vacios si no hay fuente real conectada."
19740615_Uruguay_vs_Netherlands,1974-06-15,FIFA World Cup,unknown_stage_from_source,Uruguay,Netherlands,0,2,1,,1629.085,1643.330,,,,,,,,0.673733,0.000000,Hanover,Germany,martj42/international_results,https://github.com/martj42/international_results,"Resultados oficiales publicos; Elo e historial usan solo partidos previos. Ranking FIFA, mercado, plantilla y fase exacta quedan vacios si no hay fuente real conectada."
19740618_Chile_vs_German_DR,1974-06-18,FIFA World Cup,unknown_stage_from_source,Chile,German DR,1,1,1,,1640.142,1731.807,,,,,,,,0.379664,1.000000,Berlin,Germany,martj42/international_results,https://github.com/martj42/international_results,"Resultados oficiales publicos; Elo e historial usan solo partidos previos. Ranking FIFA, mercado, plantilla y fase exacta quedan vacios si no hay fuente real conectada."
19740618_Germany_vs_Australia,1974-06-18,FIFA World Cup,unknown_stage_from_source,Germany,Australia,3,0,0,,1881.961,1643.393,,,,,,,,0.698964,0.000000,Hamburg,Germany,martj42/international_results,https://github.com/martj42/international_results,"Resultados oficiales publicos; Elo e historial usan solo partidos previos. Ranking FIFA, mercado, plantilla y fase exacta quedan vacios si no hay fuente real conectada."
19740618_Scotland_vs_Brazil,1974-06-18,FIFA World Cup,unknown_stage_from_source,Scotland,Brazil,0,0,1,,1638.603,1887.536,,,,,,,,0.212222,0.657740,Frankfurt am Main,Germany,martj42/international_results,https://github.com/martj42/international_results,"Resultados oficiales publicos; Elo e historial usan solo partidos previos. Ranking FIFA, mercado, plantilla y fase exacta quedan vacios si no hay fuente real conectada."
19740618_Yugoslavia_vs_DR_Congo,1974-06-18,FIFA World Cup,unknown_stage_from_source,Yugoslavia,DR Congo,9,0,1,,1724.433,1683.325,,,,,,,,0.514467,0.000000,Gelsenkirchen,Germany,martj42/international_results,https://github.com/martj42/international_results,"Resultados oficiales publicos; Elo e historial usan solo partidos previos. Ranking FIFA, mercado, plantilla y fase exacta quedan vacios si no hay fuente real conectada."
19740619_Argentina_vs_Italy,1974-06-19,FIFA World Cup,unknown_stage_from_source,Argentina,Italy,1,1,1,,1693.691,1793.737,,,,,,,,0.759821,0.642333,Stuttgart,Germany,martj42/international_results,https://github.com/martj42/international_results,"Resultados oficiales publicos; Elo e historial usan solo partidos previos. Ranking FIFA, mercado, plantilla y fase exacta quedan vacios si no hay fuente real conectada."
19740619_Bulgaria_vs_Uruguay,1974-06-19,FIFA World Cup,unknown_stage_from_source,Bulgaria,Uruguay,1,1,1,,1655.922,1607.102,,,,,,,,0.095500,0.669150,Hanover,Germany,martj42/international_results,https://github.com/martj42/international_results,"Resultados oficiales publicos; Elo e historial usan solo partidos previos. Ranking FIFA, mercado, plantilla y fase exacta quedan vacios si no hay fuente real conectada."
19740619_Haiti_vs_Poland,1974-06-19,FIFA World Cup,unknown_stage_from_source,Haiti,Poland,0,7,1,,1585.383,1673.846,,,,,,,,0.000000,0.500000,Munich,Germany,martj42/international_results,https://github.com/martj42/international_results,"Resultados oficiales publicos; Elo e historial usan solo partidos previos. Ranking FIFA, mercado, plantilla y fase exacta quedan vacios si no hay fuente real conectada."
19740619_Netherlands_vs_Sweden,1974-06-19,FIFA World Cup,unknown_stage_from_source,Netherlands,Sweden,0,0,1,,1665.314,1687.120,,,,,,,,0.333333,0.520417,Dortmund,Germany,martj42/international_results,https://github.com/martj42/international_results,"Resultados oficiales publicos; Elo e historial usan solo partidos previos. Ranking FIFA, mercado, plantilla y fase exacta quedan vacios si no hay fuente real conectada."
19740622_Australia_vs_Chile,1974-06-22,FIFA World Cup,unknown_stage_from_source,Australia,Chile,0,0,1,,1632.777,1645.558,,,,,,,,0.000000,0.379528,Berlin,Germany,martj42/international_results,https://github.com/martj42/international_results,"Resultados oficiales publicos; Elo e historial usan solo partidos previos. Ranking FIFA, mercado, plantilla y fase exacta quedan vacios si no hay fuente real conectada."
19740622_DR_Congo_vs_Brazil,1974-06-22,FIFA World Cup,unknown_stage_from_source,DR Congo,Brazil,0,3,1,,1641.448,1874.627,,,,,,,,0.000000,0.655526,Gelsenkirchen,Germany,martj42/international_results,https://github.com/martj42/international_results,"Resultados oficiales publicos; Elo e historial usan solo partidos previos. Ranking FIFA, mercado, plantilla y fase exacta quedan vacios si no hay fuente real conectada."
19740622_Germany_vs_German_DR,1974-06-22,FIFA World Cup,unknown_stage_from_source,Germany,German DR,0,1,0,,1892.577,1726.392,,,,,,,,0.708070,0.681667,Hamburg,Germany,martj42/international_results,https://github.com/martj42/international_results,"Resultados oficiales publicos; Elo e historial usan solo partidos previos. Ranking FIFA, mercado, plantilla y fase exacta quedan vacios si no hay fuente real conectada."
19740622_Scotland_vs_Yugoslavia,1974-06-22,FIFA World Cup,unknown_stage_from_source,Scotland,Yugoslavia,1,1,1,,1651.513,1766.310,,,,,,,,0.233810,0.545256,Frankfurt am Main,Germany,martj42/international_results,https://github.com/martj42/international_results,"Resultados oficiales publicos; Elo e historial usan solo partidos previos. Ranking FIFA, mercado, plantilla y fase exacta quedan vacios si no hay fuente real conectada."
19740623_Argentina_vs_Haiti,1974-06-23,FIFA World Cup,unknown_stage_from_source,Argentina,Haiti,4,1,1,,1699.576,1553.866,,,,,,,,0.756794,0.000000,Munich,Germany,martj42/international_results,https://github.com/martj42/international_results,"Resultados oficiales publicos; Elo e historial usan solo partidos previos. Ranking FIFA, mercado, plantilla y fase exacta quedan vacios si no hay fuente real conectada."
19740623_Bulgaria_vs_Netherlands,1974-06-23,FIFA World Cup,unknown_stage_from_source,Bulgaria,Netherlands,1,4,1,,1652.990,1666.630,,,,,,,,0.119848,0.340833,Dortmund,Germany,martj42/international_results,https://github.com/martj42/international_results,"Resultados oficiales publicos; Elo e historial usan solo partidos previos. Ranking FIFA, mercado, plantilla y fase exacta quedan vacios si no hay fuente real conectada."
19740623_Poland_vs_Italy,1974-06-23,FIFA World Cup,unknown_stage_from_source,Poland,Italy,2,1,1,,1705.362,1787.851,,,,,,,,0.741667,0.633333,Stuttgart,Germany,martj42/international_results,https://github.com/martj42/international_results,"Resultados oficiales publicos; Elo e historial usan solo partidos previos. Ranking FIFA, mercado, plantilla y fase exacta quedan vacios si no hay fuente real conectada."
19740623_Sweden_vs_Uruguay,1974-06-23,FIFA World Cup,unknown_stage_from_source,Sweden,Uruguay,3,0,1,,1685.804,1610.033,,,,,,,,0.512937,0.667083,Düsseldorf,Germany,martj42/international_results,https://github.com/martj42/international_results,"Resultados oficiales publicos; Elo e historial usan solo partidos previos. Ranking FIFA, mercado, plantilla y fase exacta quedan vacios si no hay fuente real conectada."
19740626_Brazil_vs_German_DR,1974-06-26,FIFA World Cup,unknown_stage_from_source,Brazil,German DR,1,0,1,,1885.532,1756.735,,,,,,,,0.658433,0.772778,Hanover,Germany,martj42/international_results,https://github.com/martj42/international_results,"Resultados oficiales publicos; Elo e historial usan solo partidos previos. Ranking FIFA, mercado, plantilla y fase exacta quedan vacios si no hay fuente real conectada."
19740626_Germany_vs_Yugoslavia,1974-06-26,FIFA World Cup,unknown_stage_from_source,Germany,Yugoslavia,2,0,0,,1862.234,1759.614,,,,,,,,0.691068,0.538519,Düsseldorf,Germany,martj42/international_results,https://github.com/martj42/international_results,"Resultados oficiales publicos; Elo e historial usan solo partidos previos. Ranking FIFA, mercado, plantilla y fase exacta quedan vacios si no hay fuente real conectada."
19740626_Netherlands_vs_Argentina,1974-06-26,FIFA World Cup,unknown_stage_from_source,Netherlands,Argentina,4,0,1,,1694.427,1716.056,,,,,,,,0.481667,0.758977,Gelsenkirchen,Germany,martj42/international_results,https://github.com/martj42/international_results,"Resultados oficiales publicos; Elo e historial usan solo partidos previos. Ranking FIFA, mercado, plantilla y fase exacta quedan vacios si no hay fuente real conectada."
19740626_Sweden_vs_Poland,1974-06-26,FIFA World Cup,unknown_stage_from_source,Sweden,Poland,0,1,1,,1707.905,1731.256,,,,,,,,0.537121,0.795000,Stuttgart,Germany,martj42/international_results,https://github.com/martj42/international_results,"Resultados oficiales publicos; Elo e historial usan solo partidos previos. Ranking FIFA, mercado, plantilla y fase exacta quedan vacios si no hay fuente real conectada."
19740630_Argentina_vs_Brazil,1974-06-30,FIFA World Cup,unknown_stage_from_source,Argentina,Brazil,1,2,1,,1680.506,1899.085,,,,,,,,0.752594,0.660630,Hanover,Germany,martj42/international_results,https://github.com/martj42/international_results,"Resultados oficiales publicos; Elo e historial usan solo partidos previos. Ranking FIFA, mercado, plantilla y fase exacta quedan vacios si no hay fuente real conectada."
19740630_German_DR_vs_Netherlands,1974-06-30,FIFA World Cup,unknown_stage_from_source,German DR,Netherlands,0,2,1,,1743.181,1729.977,,,,,,,,0.590833,0.583056,Gelsenkirchen,Germany,martj42/international_results,https://github.com/martj42/international_results,"Resultados oficiales publicos; Elo e historial usan solo partidos previos. Ranking FIFA, mercado, plantilla y fase exacta quedan vacios si no hay fuente real conectada."
19740630_Germany_vs_Sweden,1974-06-30,FIFA World Cup,unknown_stage_from_source,Germany,Sweden,4,2,0,,1877.949,1688.314,,,,,,,,0.698792,0.515725,Düsseldorf,Germany,martj42/international_results,https://github.com/martj42/international_results,"Resultados oficiales publicos; Elo e historial usan solo partidos previos. Ranking FIFA, mercado, plantilla y fase exacta quedan vacios si no hay fuente real conectada."
19740630_Poland_vs_Yugoslavia,1974-06-30,FIFA World Cup,unknown_stage_from_source,Poland,Yugoslavia,2,1,1,,1750.847,1743.899,,,,,,,,0.827000,0.519286,Frankfurt am Main,Germany,martj42/international_results,https://github.com/martj42/international_results,"Resultados oficiales publicos; Elo e historial usan solo partidos previos. Ranking FIFA, mercado, plantilla y fase exacta quedan vacios si no hay fuente real conectada."
19740703_Argentina_vs_German_DR,1974-07-03,FIFA World Cup,unknown_stage_from_source,Argentina,German DR,1,1,1,,1671.213,1719.377,,,,,,,,0.747313,0.472667,Gelsenkirchen,Germany,martj42/international_results,https://github.com/martj42/international_results,"Resultados oficiales publicos; Elo e historial usan solo partidos previos. Ranking FIFA, mercado, plantilla y fase exacta quedan vacios si no hay fuente real conectada."
19740703_Germany_vs_Poland,1974-07-03,FIFA World Cup,unknown_stage_from_source,Germany,Poland,1,0,0,,1888.624,1771.427,,,,,,,,0.706138,0.848333,Frankfurt am Main,Germany,martj42/international_results,https://github.com/martj42/international_results,"Resultados oficiales publicos; Elo e historial usan solo partidos previos. Ranking FIFA, mercado, plantilla y fase exacta quedan vacios si no hay fuente real conectada."
19740703_Netherlands_vs_Brazil,1974-07-03,FIFA World Cup,unknown_stage_from_source,Netherlands,Brazil,2,0,1,,1753.782,1908.378,,,,,,,,0.642619,0.662794,Dortmund,Germany,martj42/international_results,https://github.com/martj42/international_results,"Resultados oficiales publicos; Elo e historial usan solo partidos previos. Ranking FIFA, mercado, plantilla y fase exacta quedan vacios si no hay fuente real conectada."
19740703_Sweden_vs_Yugoslavia,1974-07-03,FIFA World Cup,unknown_stage_from_source,Sweden,Yugoslavia,2,1,1,,1677.638,1723.319,,,,,,,,0.494236,0.502931,Düsseldorf,Germany,martj42/international_results,https://github.com/martj42/international_results,"Resultados oficiales publicos; Elo e historial usan solo partidos previos. Ranking FIFA, mercado, plantilla y fase exacta quedan vacios si no hay fuente real conectada."
19740706_Brazil_vs_Poland,1974-07-06,FIFA World Cup,unknown_stage_from_source,Brazil,Poland,0,1,1,,1877.817,1757.254,,,,,,,,0.657956,0.733571,Munich,Germany,martj42/international_results,https://github.com/martj42/international_results,"Resultados oficiales publicos; Elo e historial usan solo partidos previos. Ranking FIFA, mercado, plantilla y fase exacta quedan vacios si no hay fuente real conectada."
19740707_Germany_vs_Netherlands,1974-07-07,FIFA World Cup,unknown_stage_from_source,Germany,Netherlands,2,1,0,,1902.798,1784.343,,,,,,,,0.712063,0.687292,Munich,Germany,martj42/international_results,https://github.com/martj42/international_results,"Resultados oficiales publicos; Elo e historial usan solo partidos previos. Ranking FIFA, mercado, plantilla y fase exacta quedan vacios si no hay fuente real conectada."
19750717_Chile_vs_Peru,1975-07-17,Copa América,unknown_stage_from_source,Chile,Peru,1,1,0,,1615.439,1542.071,,,,,,,,0.379394,0.416240,Santiago,Chile,martj42/international_results,https://github.com/martj42/international_results,"Resultados oficiales publicos; Elo e historial usan solo partidos previos. Ranking FIFA, mercado, plantilla y fase exacta quedan vacios si no hay fuente real conectada."
19750720_Bolivia_vs_Chile,1975-07-20,Copa América,unknown_stage_from_source,Bolivia,Chile,2,1,0,,1413.590,1611.069,,,,,,,,0.162845,0.379262,Oruro,Bolivia,martj42/international_results,https://github.com/martj42/international_results,"Resultados oficiales publicos; Elo e historial usan solo partidos previos. Ranking FIFA, mercado, plantilla y fase exacta quedan vacios si no hay fuente real conectada."
19750720_Colombia_vs_Paraguay,1975-07-20,Copa América,unknown_stage_from_source,Colombia,Paraguay,1,0,0,,1362.344,1597.829,,,,,,,,0.106952,0.453317,Bogotá,Colombia,martj42/international_results,https://github.com/martj42/international_results,"Resultados oficiales publicos; Elo e historial usan solo partidos previos. Ranking FIFA, mercado, plantilla y fase exacta quedan vacios si no hay fuente real conectada."
19750724_Ecuador_vs_Paraguay,1975-07-24,Copa América,unknown_stage_from_source,Ecuador,Paraguay,2,2,0,,1343.375,1564.438,,,,,,,,0.056366,0.449465,Guayaquil,Ecuador,martj42/international_results,https://github.com/martj42/international_results,"Resultados oficiales publicos; Elo e historial usan solo partidos previos. Ranking FIFA, mercado, plantilla y fase exacta quedan vacios si no hay fuente real conectada."
19750727_Bolivia_vs_Peru,1975-07-27,Copa América,unknown_stage_from_source,Bolivia,Peru,0,1,0,,1445.388,1546.441,,,,,,,,0.176271,0.415602,Oruro,Bolivia,martj42/international_results,https://github.com/martj42/international_results,"Resultados oficiales publicos; Elo e historial usan solo partidos previos. Ranking FIFA, mercado, plantilla y fase exacta quedan vacios si no hay fuente real conectada."
19750727_Ecuador_vs_Colombia,1975-07-27,Copa América,unknown_stage_from_source,Ecuador,Colombia,1,3,0,,1355.184,1395.735,,,,,,,,0.061317,0.130509,Quito,Ecuador,martj42/international_results,https://github.com/martj42/international_results,"Resultados oficiales publicos; Elo e historial usan solo partidos previos. Ranking FIFA, mercado, plantilla y fase exacta quedan vacios si no hay fuente real conectada."
19750730_Paraguay_vs_Colombia,1975-07-30,Copa América,unknown_stage_from_source,Paraguay,Colombia,0,1,0,,1552.628,1415.756,,,,,,,,0.448660,0.154009,Asunción,Paraguay,martj42/international_results,https://github.com/martj42/international_results,"Resultados oficiales publicos; Elo e historial usan solo partidos previos. Ranking FIFA, mercado, plantilla y fase exacta quedan vacios si no hay fuente real conectada."
19750731_Venezuela_vs_Brazil,1975-07-31,Copa América,unknown_stage_from_source,Venezuela,Brazil,0,4,0,,1344.050,1852.674,,,,,,,,0.173000,0.653514,Caracas,Venezuela,martj42/international_results,https://github.com/martj42/international_results,"Resultados oficiales publicos; Elo e historial usan solo partidos previos. Ranking FIFA, mercado, plantilla y fase exacta quedan vacios si no hay fuente real conectada."
19750803_Venezuela_vs_Argentina,1975-08-03,Copa América,unknown_stage_from_source,Venezuela,Argentina,1,5,0,,1341.261,1694.523,,,,,,,,0.129167,0.744469,Caracas,Venezuela,martj42/international_results,https://github.com/martj42/international_results,"Resultados oficiales publicos; Elo e historial usan solo partidos previos. Ranking FIFA, mercado, plantilla y fase exacta quedan vacios si no hay fuente real conectada."
19750806_Brazil_vs_Argentina,1975-08-06,Copa América,unknown_stage_from_source,Brazil,Argentina,2,1,0,,1855.462,1701.263,,,,,,,,0.656655,0.747010,Belo Horizonte,Brazil,martj42/international_results,https://github.com/martj42/international_results,"Resultados oficiales publicos; Elo e historial usan solo partidos previos. Ranking FIFA, mercado, plantilla y fase exacta quedan vacios si no hay fuente real conectada."
19750807_Colombia_vs_Ecuador,1975-08-07,Copa América,unknown_stage_from_source,Colombia,Ecuador,2,0,0,,1444.626,1335.163,,,,,,,,0.175088,0.060344,Bogotá,Colombia,martj42/international_results,https://github.com/martj42/international_results,"Resultados oficiales publicos; Elo e historial usan solo partidos previos. Ranking FIFA, mercado, plantilla y fase exacta quedan vacios si no hay fuente real conectada."
19750807_Peru_vs_Bolivia,1975-08-07,Copa América,unknown_stage_from_source,Peru,Bolivia,3,1,0,,1561.499,1430.329,,,,,,,,0.422024,0.174083,Lima,Peru,martj42/international_results,https://github.com/martj42/international_results,"Resultados oficiales publicos; Elo e historial usan solo partidos previos. Ranking FIFA, mercado, plantilla y fase exacta quedan vacios si no hay fuente real conectada."
19750810_Argentina_vs_Venezuela,1975-08-10,Copa América,unknown_stage_from_source,Argentina,Venezuela,11,0,0,,1689.016,1334.521,,,,,,,,0.741886,0.097857,Rosario,Argentina,martj42/international_results,https://github.com/martj42/international_results,"Resultados oficiales publicos; Elo e historial usan solo partidos previos. Ranking FIFA, mercado, plantilla y fase exacta quedan vacios si no hay fuente real conectada."
19750810_Paraguay_vs_Ecuador,1975-08-10,Copa América,unknown_stage_from_source,Paraguay,Ecuador,3,1,0,,1523.758,1319.889,,,,,,,,0.444923,0.059401,Asunción,Paraguay,martj42/international_results,https://github.com/martj42/international_results,"Resultados oficiales publicos; Elo e historial usan solo partidos previos. Ranking FIFA, mercado, plantilla y fase exacta quedan vacios si no hay fuente real conectada."
19750813_Brazil_vs_Venezuela,1975-08-13,Copa América,unknown_stage_from_source,Brazil,Venezuela,6,0,0,,1867.709,1324.184,,,,,,,,0.658786,0.035000,Belo Horizonte,Brazil,martj42/international_results,https://github.com/martj42/international_results,"Resultados oficiales publicos; Elo e historial usan solo partidos previos. Ranking FIFA, mercado, plantilla y fase exacta quedan vacios si no hay fuente real conectada."
19750813_Chile_vs_Bolivia,1975-08-13,Copa América,unknown_stage_from_source,Chile,Bolivia,4,0,0,,1579.271,1416.407,,,,,,,,0.376545,0.171230,Santiago,Chile,martj42/international_results,https://github.com/martj42/international_results,"Resultados oficiales publicos; Elo e historial usan solo partidos previos. Ranking FIFA, mercado, plantilla y fase exacta quedan vacios si no hay fuente real conectada."
19750816_Argentina_vs_Brazil,1975-08-16,Copa América,unknown_stage_from_source,Argentina,Brazil,0,1,0,,1699.353,1870.458,,,,,,,,0.746691,0.662482,Rosario,Argentina,martj42/international_results,https://github.com/martj42/international_results,"Resultados oficiales publicos; Elo e historial usan solo partidos previos. Ranking FIFA, mercado, plantilla y fase exacta quedan vacios si no hay fuente real conectada."
19750820_Peru_vs_Chile,1975-08-20,Copa América,unknown_stage_from_source,Peru,Chile,3,1,0,,1575.421,1596.982,,,,,,,,0.428824,0.382298,Lima,Peru,martj42/international_results,https://github.com/martj42/international_results,"Resultados oficiales publicos; Elo e historial usan solo partidos previos. Ranking FIFA, mercado, plantilla y fase exacta quedan vacios si no hay fuente real conectada."
19750921_Colombia_vs_Uruguay,1975-09-21,Copa América,unknown_stage_from_source,Colombia,Uruguay,3,0,0,,1459.900,1604.161,,,,,,,,0.196239,0.662304,Bogotá,Colombia,martj42/international_results,https://github.com/martj42/international_results,"Resultados oficiales publicos; Elo e historial usan solo partidos previos. Ranking FIFA, mercado, plantilla y fase exacta quedan vacios si no hay fuente real conectada."
19750930_Brazil_vs_Peru,1975-09-30,Copa América,unknown_stage_from_source,Brazil,Peru,1,3,0,,1881.878,1599.684,,,,,,,,0.664542,0.435465,Belo Horizonte,Brazil,martj42/international_results,https://github.com/martj42/international_results,"Resultados oficiales publicos; Elo e historial usan solo partidos previos. Ranking FIFA, mercado, plantilla y fase exacta quedan vacios si no hay fuente real conectada."
19751001_Uruguay_vs_Colombia,1975-10-01,Copa América,unknown_stage_from_source,Uruguay,Colombia,1,0,0,,1566.106,1497.955,,,,,,,,0.657589,0.217458,Montevideo,Uruguay,martj42/international_results,https://github.com/martj42/international_results,"Resultados oficiales publicos; Elo e historial usan solo partidos previos. Ranking FIFA, mercado, plantilla y fase exacta quedan vacios si no hay fuente real conectada."
19751004_Peru_vs_Brazil,1975-10-04,Copa América,unknown_stage_from_source,Peru,Brazil,0,2,0,,1633.849,1847.713,,,,,,,,0.441954,0.659895,Lima,Peru,martj42/international_results,https://github.com/martj42/international_results,"Resultados oficiales publicos; Elo e historial usan solo partidos previos. Ranking FIFA, mercado, plantilla y fase exacta quedan vacios si no hay fuente real conectada."
19751016_Colombia_vs_Peru,1975-10-16,Copa América,unknown_stage_from_source,Colombia,Peru,1,0,0,,1481.022,1624.345,,,,,,,,0.213252,0.436932,Bogotá,Colombia,martj42/international_results,https://github.com/martj42/international_results,"Resultados oficiales publicos; Elo e historial usan solo partidos previos. Ranking FIFA, mercado, plantilla y fase exacta quedan vacios si no hay fuente real conectada."
19751022_Peru_vs_Colombia,1975-10-22,Copa América,unknown_stage_from_source,Peru,Colombia,2,0,0,,1595.143,1510.225,,,,,,,,0.432528,0.230913,Lima,Peru,martj42/international_results,https://github.com/martj42/international_results,"Resultados oficiales publicos; Elo e historial usan solo partidos previos. Ranking FIFA, mercado, plantilla y fase exacta quedan vacios si no hay fuente real conectada."
19751028_Colombia_vs_Peru,1975-10-28,Copa América,unknown_stage_from_source,Colombia,Peru,0,1,1,,1493.335,1612.032,,,,,,,,0.225543,0.438833,Caracas,Venezuela,martj42/international_results,https://github.com/martj42/international_results,"Resultados oficiales publicos; Elo e historial usan solo partidos previos. Ranking FIFA, mercado, plantilla y fase exacta quedan vacios si no hay fuente real conectada."
19760616_Czechoslovakia_vs_Netherlands,1976-06-16,UEFA Euro,unknown_stage_from_source,Czechoslovakia,Netherlands,3,1,1,,1709.163,1805.572,,,,,,,,0.422292,0.615926,Zagreb,Yugoslavia,martj42/international_results,https://github.com/martj42/international_results,"Resultados oficiales publicos; Elo e historial usan solo partidos previos. Ranking FIFA, mercado, plantilla y fase exacta quedan vacios si no hay fuente real conectada."
19760617_Yugoslavia_vs_Germany,1976-06-17,UEFA Euro,unknown_stage_from_source,Yugoslavia,Germany,2,4,0,,1728.187,1886.887,,,,,,,,0.487667,0.717713,Belgrade,Yugoslavia,martj42/international_results,https://github.com/martj42/international_results,"Resultados oficiales publicos; Elo e historial usan solo partidos previos. Ranking FIFA, mercado, plantilla y fase exacta quedan vacios si no hay fuente real conectada."
19760619_Yugoslavia_vs_Netherlands,1976-06-19,UEFA Euro,unknown_stage_from_source,Yugoslavia,Netherlands,2,3,0,,1715.866,1777.490,,,,,,,,0.471935,0.554333,Zagreb,Yugoslavia,martj42/international_results,https://github.com/martj42/international_results,"Resultados oficiales publicos; Elo e historial usan solo partidos previos. Ranking FIFA, mercado, plantilla y fase exacta quedan vacios si no hay fuente real conectada."
19760620_Czechoslovakia_vs_Germany,1976-06-20,UEFA Euro,unknown_stage_from_source,Czechoslovakia,Germany,2,2,1,,1737.245,1899.207,,,,,,,,0.445400,0.724129,Belgrade,Yugoslavia,martj42/international_results,https://github.com/martj42/international_results,"Resultados oficiales publicos; Elo e historial usan solo partidos previos. Ranking FIFA, mercado, plantilla y fase exacta quedan vacios si no hay fuente real conectada."
19780601_Germany_vs_Poland,1978-06-01,FIFA World Cup,unknown_stage_from_source,Germany,Poland,0,0,1,,1882.214,1743.717,,,,,,,,0.716111,0.761250,Buenos Aires,Argentina,martj42/international_results,https://github.com/martj42/international_results,"Resultados oficiales publicos; Elo e historial usan solo partidos previos. Ranking FIFA, mercado, plantilla y fase exacta quedan vacios si no hay fuente real conectada."
19780602_Argentina_vs_Hungary,1978-06-02,FIFA World Cup,unknown_stage_from_source,Argentina,Hungary,2,1,0,,1750.961,1707.821,,,,,,,,0.741643,0.593765,Buenos Aires,Argentina,martj42/international_results,https://github.com/martj42/international_results,"Resultados oficiales publicos; Elo e historial usan solo partidos previos. Ranking FIFA, mercado, plantilla y fase exacta quedan vacios si no hay fuente real conectada."
19780602_France_vs_Italy,1978-06-02,FIFA World Cup,unknown_stage_from_source,France,Italy,1,2,1,,1663.699,1746.541,,,,,,,,0.411228,0.614948,Mar del Plata,Argentina,martj42/international_results,https://github.com/martj42/international_results,"Resultados oficiales publicos; Elo e historial usan solo partidos previos. Ranking FIFA, mercado, plantilla y fase exacta quedan vacios si no hay fuente real conectada."
19780602_Mexico_vs_Tunisia,1978-06-02,FIFA World Cup,unknown_stage_from_source,Mexico,Tunisia,1,3,1,,1696.739,1658.360,,,,,,,,0.192778,,Rosario,Argentina,martj42/international_results,https://github.com/martj42/international_results,"Resultados oficiales publicos; Elo e historial usan solo partidos previos. Ranking FIFA, mercado, plantilla y fase exacta quedan vacios si no hay fuente real conectada."
19780603_Austria_vs_Spain,1978-06-03,FIFA World Cup,unknown_stage_from_source,Austria,Spain,2,1,1,,1657.071,1740.497,,,,,,,,0.522778,0.505392,Buenos Aires,Argentina,martj42/international_results,https://github.com/martj42/international_results,"Resultados oficiales publicos; Elo e historial usan solo partidos previos. Ranking FIFA, mercado, plantilla y fase exacta quedan vacios si no hay fuente real conectada."
19780603_Brazil_vs_Sweden,1978-06-03,FIFA World Cup,unknown_stage_from_source,Brazil,Sweden,1,1,1,,1881.771,1618.479,,,,,,,,0.662257,0.512667,Mar del Plata,Argentina,martj42/international_results,https://github.com/martj42/international_results,"Resultados oficiales publicos; Elo e historial usan solo partidos previos. Ranking FIFA, mercado, plantilla y fase exacta quedan vacios si no hay fuente real conectada."
19780603_Iran_vs_Netherlands,1978-06-03,FIFA World Cup,unknown_stage_from_source,Iran,Netherlands,0,3,1,,1741.075,1830.156,,,,,,,,,0.590758,Mendoza,Argentina,martj42/international_results,https://github.com/martj42/international_results,"Resultados oficiales publicos; Elo e historial usan solo partidos previos. Ranking FIFA, mercado, plantilla y fase exacta quedan vacios si no hay fuente real conectada."
19780603_Peru_vs_Scotland,1978-06-03,FIFA World Cup,unknown_stage_from_source,Peru,Scotland,3,1,1,,1622.286,1721.467,,,,,,,,0.444505,0.250000,Córdoba,Argentina,martj42/international_results,https://github.com/martj42/international_results,"Resultados oficiales publicos; Elo e historial usan solo partidos previos. Ranking FIFA, mercado, plantilla y fase exacta quedan vacios si no hay fuente real conectada."
19780606_Argentina_vs_France,1978-06-06,FIFA World Cup,unknown_stage_from_source,Argentina,France,2,1,0,,1769.367,1647.614,,,,,,,,0.743167,0.392917,Buenos Aires,Argentina,martj42/international_results,https://github.com/martj42/international_results,"Resultados oficiales publicos; Elo e historial usan solo partidos previos. Ranking FIFA, mercado, plantilla y fase exacta quedan vacios si no hay fuente real conectada."
19780606_Germany_vs_Mexico,1978-06-06,FIFA World Cup,unknown_stage_from_source,Germany,Mexico,6,0,1,,1874.260,1671.569,,,,,,,,0.708442,0.184015,Córdoba,Argentina,martj42/international_results,https://github.com/martj42/international_results,"Resultados oficiales publicos; Elo e historial usan solo partidos previos. Ranking FIFA, mercado, plantilla y fase exacta quedan vacios si no hay fuente real conectada."
19780606_Hungary_vs_Italy,1978-06-06,FIFA World Cup,unknown_stage_from_source,Hungary,Italy,1,3,1,,1689.415,1762.627,,,,,,,,0.574167,0.625253,Mar del Plata,Argentina,martj42/international_results,https://github.com/martj42/international_results,"Resultados oficiales publicos; Elo e historial usan solo partidos previos. Ranking FIFA, mercado, plantilla y fase exacta quedan vacios si no hay fuente real conectada."
19780606_Poland_vs_Tunisia,1978-06-06,FIFA World Cup,unknown_stage_from_source,Poland,Tunisia,1,0,1,,1751.671,1683.530,,,,,,,,0.717037,1.000000,Rosario,Argentina,martj42/international_results,https://github.com/martj42/international_results,"Resultados oficiales publicos; Elo e historial usan solo partidos previos. Ranking FIFA, mercado, plantilla y fase exacta quedan vacios si no hay fuente real conectada."
19780607_Austria_vs_Sweden,1978-06-07,FIFA World Cup,unknown_stage_from_source,Austria,Sweden,1,0,1,,1683.019,1631.915,,,,,,,,0.556026,0.506923,Buenos Aires,Argentina,martj42/international_results,https://github.com/martj42/international_results,"Resultados oficiales publicos; Elo e historial usan solo partidos previos. Ranking FIFA, mercado, plantilla y fase exacta quedan vacios si no hay fuente real conectada."
19780607_Brazil_vs_Spain,1978-06-07,FIFA World Cup,unknown_stage_from_source,Brazil,Spain,0,0,1,,1868.336,1714.550,,,,,,,,0.660195,0.479815,Mar del Plata,Argentina,martj42/international_results,https://github.com/martj42/international_results,"Resultados oficiales publicos; Elo e historial usan solo partidos previos. Ranking FIFA, mercado, plantilla y fase exacta quedan vacios si no hay fuente real conectada."
19780607_Iran_vs_Scotland,1978-06-07,FIFA World Cup,unknown_stage_from_source,Iran,Scotland,1,1,1,,1720.117,1693.256,,,,,,,,0.000000,0.222222,Córdoba,Argentina,martj42/international_results,https://github.com/martj42/international_results,"Resultados oficiales publicos; Elo e historial usan solo partidos previos. Ranking FIFA, mercado, plantilla y fase exacta quedan vacios si no hay fuente real conectada."
19780607_Netherlands_vs_Peru,1978-06-07,FIFA World Cup,unknown_stage_from_source,Netherlands,Peru,0,0,1,,1851.115,1650.498,,,,,,,,0.628611,0.450543,Mendoza,Argentina,martj42/international_results,https://github.com/martj42/international_results,"Resultados oficiales publicos; Elo e historial usan solo partidos previos. Ranking FIFA, mercado, plantilla y fase exacta quedan vacios si no hay fuente real conectada."
19780610_Argentina_vs_Italy,1978-06-10,FIFA World Cup,unknown_stage_from_source,Argentina,Italy,0,1,0,,1783.295,1780.318,,,,,,,,0.744669,0.636275,Buenos Aires,Argentina,martj42/international_results,https://github.com/martj42/international_results,"Resultados oficiales publicos; Elo e historial usan solo partidos previos. Ranking FIFA, mercado, plantilla y fase exacta quedan vacios si no hay fuente real conectada."
19780610_France_vs_Hungary,1978-06-10,FIFA World Cup,unknown_stage_from_source,France,Hungary,3,1,1,,1633.686,1671.724,,,,,,,,0.376349,0.554368,Mar del Plata,Argentina,martj42/international_results,https://github.com/martj42/international_results,"Resultados oficiales publicos; Elo e historial usan solo partidos previos. Ranking FIFA, mercado, plantilla y fase exacta quedan vacios si no hay fuente real conectada."
19780610_Germany_vs_Tunisia,1978-06-10,FIFA World Cup,unknown_stage_from_source,Germany,Tunisia,0,0,1,,1892.028,1666.596,,,,,,,,0.718475,0.522500,Córdoba,Argentina,martj42/international_results,https://github.com/martj42/international_results,"Resultados oficiales publicos; Elo e historial usan solo partidos previos. Ranking FIFA, mercado, plantilla y fase exacta quedan vacios si no hay fuente real conectada."
19780610_Mexico_vs_Poland,1978-06-10,FIFA World Cup,unknown_stage_from_source,Mexico,Poland,1,3,1,,1653.801,1768.604,,,,,,,,0.168188,0.740833,Rosario,Argentina,martj42/international_results,https://github.com/martj42/international_results,"Resultados oficiales publicos; Elo e historial usan solo partidos previos. Ranking FIFA, mercado, plantilla y fase exacta quedan vacios si no hay fuente real conectada."
19780611_Austria_vs_Brazil,1978-06-11,FIFA World Cup,unknown_stage_from_source,Austria,Brazil,0,1,1,,1700.952,1859.604,,,,,,,,0.584524,0.658162,Mar del Plata,Argentina,martj42/international_results,https://github.com/martj42/international_results,"Resultados oficiales publicos; Elo e historial usan solo partidos previos. Ranking FIFA, mercado, plantilla y fase exacta quedan vacios si no hay fuente real conectada."
19780611_Iran_vs_Peru,1978-06-11,FIFA World Cup,unknown_stage_from_source,Iran,Peru,1,4,1,,1718.496,1661.434,,,,,,,,0.159167,0.449606,Córdoba,Argentina,martj42/international_results,https://github.com/martj42/international_results,"Resultados oficiales publicos; Elo e historial usan solo partidos previos. Ranking FIFA, mercado, plantilla y fase exacta quedan vacios si no hay fuente real conectada."
19780611_Netherlands_vs_Scotland,1978-06-11,FIFA World Cup,unknown_stage_from_source,Netherlands,Scotland,2,3,1,,1840.178,1694.876,,,,,,,,0.608205,0.236333,Mendoza,Argentina,martj42/international_results,https://github.com/martj42/international_results,"Resultados oficiales publicos; Elo e historial usan solo partidos previos. Ranking FIFA, mercado, plantilla y fase exacta quedan vacios si no hay fuente real conectada."
19780611_Spain_vs_Sweden,1978-06-11,FIFA World Cup,unknown_stage_from_source,Spain,Sweden,1,0,1,,1723.282,1613.982,,,,,,,,0.473684,0.489815,Buenos Aires,Argentina,martj42/international_results,https://github.com/martj42/international_results,"Resultados oficiales publicos; Elo e historial usan solo partidos previos. Ranking FIFA, mercado, plantilla y fase exacta quedan vacios si no hay fuente real conectada."
19780614_Argentina_vs_Poland,1978-06-14,FIFA World Cup,unknown_stage_from_source,Argentina,Poland,2,0,0,,1762.115,1783.538,,,,,,,,0.739742,0.764394,Rosario,Argentina,martj42/international_results,https://github.com/martj42/international_results,"Resultados oficiales publicos; Elo e historial usan solo partidos previos. Ranking FIFA, mercado, plantilla y fase exacta quedan vacios si no hay fuente real conectada."
19780614_Austria_vs_Netherlands,1978-06-14,FIFA World Cup,unknown_stage_from_source,Austria,Netherlands,1,5,1,,1688.926,1810.875,,,,,,,,0.548556,0.567976,Córdoba,Argentina,martj42/international_results,https://github.com/martj42/international_results,"Resultados oficiales publicos; Elo e historial usan solo partidos previos. Ranking FIFA, mercado, plantilla y fase exacta quedan vacios si no hay fuente real conectada."
19780614_Brazil_vs_Peru,1978-06-14,FIFA World Cup,unknown_stage_from_source,Brazil,Peru,3,0,1,,1871.629,1694.429,,,,,,,,0.660181,0.455940,Mendoza,Argentina,martj42/international_results,https://github.com/martj42/international_results,"Resultados oficiales publicos; Elo e historial usan solo partidos previos. Ranking FIFA, mercado, plantilla y fase exacta quedan vacios si no hay fuente real conectada."
19780614_Germany_vs_Italy,1978-06-14,FIFA World Cup,unknown_stage_from_source,Germany,Italy,0,0,1,,1880.040,1801.498,,,,,,,,0.711076,0.645381,Buenos Aires,Argentina,martj42/international_results,https://github.com/martj42/international_results,"Resultados oficiales publicos; Elo e historial usan solo partidos previos. Ranking FIFA, mercado, plantilla y fase exacta quedan vacios si no hay fuente real conectada."
19780618_Argentina_vs_Brazil,1978-06-18,FIFA World Cup,unknown_stage_from_source,Argentina,Brazil,0,0,0,,1786.371,1885.910,,,,,,,,0.741562,0.662782,Rosario,Argentina,martj42/international_results,https://github.com/martj42/international_results,"Resultados oficiales publicos; Elo e historial usan solo partidos previos. Ranking FIFA, mercado, plantilla y fase exacta quedan vacios si no hay fuente real conectada."
19780618_Austria_vs_Italy,1978-06-18,FIFA World Cup,unknown_stage_from_source,Austria,Italy,0,1,1,,1667.703,1806.166,,,,,,,,0.508646,0.637546,Buenos Aires,Argentina,martj42/international_results,https://github.com/martj42/international_results,"Resultados oficiales publicos; Elo e historial usan solo partidos previos. Ranking FIFA, mercado, plantilla y fase exacta quedan vacios si no hay fuente real conectada."
19780618_Germany_vs_Netherlands,1978-06-18,FIFA World Cup,unknown_stage_from_source,Germany,Netherlands,2,2,1,,1875.372,1832.098,,,,,,,,0.703980,0.602778,Córdoba,Argentina,martj42/international_results,https://github.com/martj42/international_results,"Resultados oficiales publicos; Elo e historial usan solo partidos previos. Ranking FIFA, mercado, plantilla y fase exacta quedan vacios si no hay fuente real conectada."
19780618_Peru_vs_Poland,1978-06-18,FIFA World Cup,unknown_stage_from_source,Peru,Poland,0,1,1,,1680.149,1759.283,,,,,,,,0.450667,0.700694,Mendoza,Argentina,martj42/international_results,https://github.com/martj42/international_results,"Resultados oficiales publicos; Elo e historial usan solo partidos previos. Ranking FIFA, mercado, plantilla y fase exacta quedan vacios si no hay fuente real conectada."
19780621_Argentina_vs_Peru,1978-06-21,FIFA World Cup,unknown_stage_from_source,Argentina,Peru,6,0,0,,1792.228,1663.851,,,,,,,,0.738935,0.446441,Rosario,Argentina,martj42/international_results,https://github.com/martj42/international_results,"Resultados oficiales publicos; Elo e historial usan solo partidos previos. Ranking FIFA, mercado, plantilla y fase exacta quedan vacios si no hay fuente real conectada."
19780621_Austria_vs_Germany,1978-06-21,FIFA World Cup,unknown_stage_from_source,Austria,Germany,3,2,1,,1654.656,1872.770,,,,,,,,0.481373,0.697167,Córdoba,Argentina,martj42/international_results,https://github.com/martj42/international_results,"Resultados oficiales publicos; Elo e historial usan solo partidos previos. Ranking FIFA, mercado, plantilla y fase exacta quedan vacios si no hay fuente real conectada."
19780621_Brazil_vs_Poland,1978-06-21,FIFA World Cup,unknown_stage_from_source,Brazil,Poland,3,1,1,,1880.053,1775.581,,,,,,,,0.660772,0.720256,Mendoza,Argentina,martj42/international_results,https://github.com/martj42/international_results,"Resultados oficiales publicos; Elo e historial usan solo partidos previos. Ranking FIFA, mercado, plantilla y fase exacta quedan vacios si no hay fuente real conectada."
19780621_Italy_vs_Netherlands,1978-06-21,FIFA World Cup,unknown_stage_from_source,Italy,Netherlands,1,2,1,,1819.214,1834.700,,,,,,,,0.646126,0.587812,Buenos Aires,Argentina,martj42/international_results,https://github.com/martj42/international_results,"Resultados oficiales publicos; Elo e historial usan solo partidos previos. Ranking FIFA, mercado, plantilla y fase exacta quedan vacios si no hay fuente real conectada."
19780624_Brazil_vs_Italy,1978-06-24,FIFA World Cup,unknown_stage_from_source,Brazil,Italy,2,1,1,,1895.648,1799.149,,,,,,,,0.663033,0.630307,Buenos Aires,Argentina,martj42/international_results,https://github.com/martj42/international_results,"Resultados oficiales publicos; Elo e historial usan solo partidos previos. Ranking FIFA, mercado, plantilla y fase exacta quedan vacios si no hay fuente real conectada."
19780625_Argentina_vs_Netherlands,1978-06-25,FIFA World Cup,unknown_stage_from_source,Argentina,Netherlands,3,1,0,,1817.188,1854.764,,,,,,,,0.741977,0.609412,Buenos Aires,Argentina,martj42/international_results,https://github.com/martj42/international_results,"Resultados oficiales publicos; Elo e historial usan solo partidos previos. Ranking FIFA, mercado, plantilla y fase exacta quedan vacios si no hay fuente real conectada."
19790718_Bolivia_vs_Argentina,1979-07-18,Copa América,unknown_stage_from_source,Bolivia,Argentina,2,1,0,,1430.418,1841.767,,,,,,,,0.167016,0.743744,La Paz,Bolivia,martj42/international_results,https://github.com/martj42/international_results,"Resultados oficiales publicos; Elo e historial usan solo partidos previos. Ranking FIFA, mercado, plantilla y fase exacta quedan vacios si no hay fuente real conectada."
19790726_Bolivia_vs_Brazil,1979-07-26,Copa América,unknown_stage_from_source,Bolivia,Brazil,2,1,0,,1468.820,1915.232,,,,,,,,0.179524,0.664967,La Paz,Bolivia,martj42/international_results,https://github.com/martj42/international_results,"Resultados oficiales publicos; Elo e historial usan solo partidos previos. Ranking FIFA, mercado, plantilla y fase exacta quedan vacios si no hay fuente real conectada."
19790801_Venezuela_vs_Colombia,1979-08-01,Copa América,unknown_stage_from_source,Venezuela,Colombia,0,0,0,,1305.451,1458.805,,,,,,,,0.011111,0.221439,San Cristóbal,Venezuela,martj42/international_results,https://github.com/martj42/international_results,"Resultados oficiales publicos; Elo e historial usan solo partidos previos. Ranking FIFA, mercado, plantilla y fase exacta quedan vacios si no hay fuente real conectada."
19790802_Brazil_vs_Argentina,1979-08-02,Copa América,unknown_stage_from_source,Brazil,Argentina,2,1,0,,1876.219,1803.364,,,,,,,,0.660888,0.738991,Rio de Janeiro,Brazil,martj42/international_results,https://github.com/martj42/international_results,"Resultados oficiales publicos; Elo e historial usan solo partidos previos. Ranking FIFA, mercado, plantilla y fase exacta quedan vacios si no hay fuente real conectada."
19790808_Argentina_vs_Bolivia,1979-08-08,Copa América,unknown_stage_from_source,Argentina,Bolivia,3,0,0,,1786.704,1497.179,,,,,,,,0.734302,0.191641,Buenos Aires,Argentina,martj42/international_results,https://github.com/martj42/international_results,"Resultados oficiales publicos; Elo e historial usan solo partidos previos. Ranking FIFA, mercado, plantilla y fase exacta quedan vacios si no hay fuente real conectada."
19790808_Venezuela_vs_Chile,1979-08-08,Copa América,unknown_stage_from_source,Venezuela,Chile,1,1,0,,1314.161,1537.539,,,,,,,,0.046333,0.379240,San Cristóbal,Venezuela,martj42/international_results,https://github.com/martj42/international_results,"Resultados oficiales publicos; Elo e historial usan solo partidos previos. Ranking FIFA, mercado, plantilla y fase exacta quedan vacios si no hay fuente real conectada."
19790815_Colombia_vs_Chile,1979-08-15,Copa América,unknown_stage_from_source,Colombia,Chile,1,0,0,,1450.095,1525.634,,,,,,,,0.224593,0.379114,Bogotá,Colombia,martj42/international_results,https://github.com/martj42/international_results,"Resultados oficiales publicos; Elo e historial usan solo partidos previos. Ranking FIFA, mercado, plantilla y fase exacta quedan vacios si no hay fuente real conectada."
19790816_Brazil_vs_Bolivia,1979-08-16,Copa América,unknown_stage_from_source,Brazil,Bolivia,2,0,0,,1892.878,1489.004,,,,,,,,0.662810,0.188000,São Paulo,Brazil,martj42/international_results,https://github.com/martj42/international_results,"Resultados oficiales publicos; Elo e historial usan solo partidos previos. Ranking FIFA, mercado, plantilla y fase exacta quedan vacios si no hay fuente real conectada."
19790822_Colombia_vs_Venezuela,1979-08-22,Copa América,unknown_stage_from_source,Colombia,Venezuela,4,0,0,,1475.590,1326.066,,,,,,,,0.240471,0.075152,Bogotá,Colombia,martj42/international_results,https://github.com/martj42/international_results,"Resultados oficiales publicos; Elo e historial usan solo partidos previos. Ranking FIFA, mercado, plantilla y fase exacta quedan vacios si no hay fuente real conectada."
19790823_Argentina_vs_Brazil,1979-08-23,Copa América,unknown_stage_from_source,Argentina,Brazil,2,2,0,,1794.879,1896.351,,,,,,,,0.736387,0.665000,Buenos Aires,Argentina,martj42/international_results,https://github.com/martj42/international_results,"Resultados oficiales publicos; Elo e historial usan solo partidos previos. Ranking FIFA, mercado, plantilla y fase exacta quedan vacios si no hay fuente real conectada."
19790829_Chile_vs_Venezuela,1979-08-29,Copa América,unknown_stage_from_source,Chile,Venezuela,7,0,0,,1500.139,1307.256,,,,,,,,0.376483,0.061389,Santiago,Chile,martj42/international_results,https://github.com/martj42/international_results,"Resultados oficiales publicos; Elo e historial usan solo partidos previos. Ranking FIFA, mercado, plantilla y fase exacta quedan vacios si no hay fuente real conectada."
19790829_Ecuador_vs_Paraguay,1979-08-29,Copa América,unknown_stage_from_source,Ecuador,Paraguay,1,2,0,,1345.534,1554.679,,,,,,,,0.058487,0.450015,Quito,Ecuador,martj42/international_results,https://github.com/martj42/international_results,"Resultados oficiales publicos; Elo e historial usan solo partidos previos. Ranking FIFA, mercado, plantilla y fase exacta quedan vacios si no hay fuente real conectada."
19790905_Chile_vs_Colombia,1979-09-05,Copa América,unknown_stage_from_source,Chile,Colombia,2,0,0,,1520.037,1494.400,,,,,,,,0.383112,0.258546,Santiago,Chile,martj42/international_results,https://github.com/martj42/international_results,"Resultados oficiales publicos; Elo e historial usan solo partidos previos. Ranking FIFA, mercado, plantilla y fase exacta quedan vacios si no hay fuente real conectada."
19790905_Ecuador_vs_Uruguay,1979-09-05,Copa América,unknown_stage_from_source,Ecuador,Uruguay,2,1,0,,1335.841,1546.447,,,,,,,,0.058283,0.659558,Quito,Ecuador,martj42/international_results,https://github.com/martj42/international_results,"Resultados oficiales publicos; Elo e historial usan solo partidos previos. Ranking FIFA, mercado, plantilla y fase exacta quedan vacios si no hay fuente real conectada."
19790913_Paraguay_vs_Ecuador,1979-09-13,Copa América,unknown_stage_from_source,Paraguay,Ecuador,2,0,0,,1564.372,1368.211,,,,,,,,0.454606,0.071667,Asunción,Paraguay,martj42/international_results,https://github.com/martj42/international_results,"Resultados oficiales publicos; Elo e historial usan solo partidos previos. Ranking FIFA, mercado, plantilla y fase exacta quedan vacios si no hay fuente real conectada."
19790916_Uruguay_vs_Ecuador,1979-09-16,Copa América,unknown_stage_from_source,Uruguay,Ecuador,2,1,0,,1514.077,1357.861,,,,,,,,0.655515,0.070613,Montevideo,Uruguay,martj42/international_results,https://github.com/martj42/international_results,"Resultados oficiales publicos; Elo e historial usan solo partidos previos. Ranking FIFA, mercado, plantilla y fase exacta quedan vacios si no hay fuente real conectada."
19790920_Paraguay_vs_Uruguay,1979-09-20,Copa América,unknown_stage_from_source,Paraguay,Uruguay,0,0,0,,1574.722,1526.224,,,,,,,,0.459520,0.657473,Asunción,Paraguay,martj42/international_results,https://github.com/martj42/international_results,"Resultados oficiales publicos; Elo e historial usan solo partidos previos. Ranking FIFA, mercado, plantilla y fase exacta quedan vacios si no hay fuente real conectada."
19790926_Uruguay_vs_Paraguay,1979-09-26,Copa América,unknown_stage_from_source,Uruguay,Paraguay,2,2,0,,1529.136,1571.810,,,,,,,,0.655563,0.458661,Montevideo,Uruguay,martj42/international_results,https://github.com/martj42/international_results,"Resultados oficiales publicos; Elo e historial usan solo partidos previos. Ranking FIFA, mercado, plantilla y fase exacta quedan vacios si no hay fuente real conectada."
19791017_Peru_vs_Chile,1979-10-17,Copa América,unknown_stage_from_source,Peru,Chile,1,2,0,,1623.652,1541.163,,,,,,,,0.439983,0.387894,Lima,Peru,martj42/international_results,https://github.com/martj42/international_results,"Resultados oficiales publicos; Elo e historial usan solo partidos previos. Ranking FIFA, mercado, plantilla y fase exacta quedan vacios si no hay fuente real conectada."
19791024_Chile_vs_Peru,1979-10-24,Copa América,unknown_stage_from_source,Chile,Peru,0,0,0,,1567.057,1597.758,,,,,,,,0.392256,0.435952,Santiago,Chile,martj42/international_results,https://github.com/martj42/international_results,"Resultados oficiales publicos; Elo e historial usan solo partidos previos. Ranking FIFA, mercado, plantilla y fase exacta quedan vacios si no hay fuente real conectada."
19791024_Paraguay_vs_Brazil,1979-10-24,Copa América,unknown_stage_from_source,Paraguay,Brazil,2,1,0,,1576.294,1890.387,,,,,,,,0.457817,0.663054,Asunción,Paraguay,martj42/international_results,https://github.com/martj42/international_results,"Resultados oficiales publicos; Elo e historial usan solo partidos previos. Ranking FIFA, mercado, plantilla y fase exacta quedan vacios si no hay fuente real conectada."
19791031_Brazil_vs_Paraguay,1979-10-31,Copa América,unknown_stage_from_source,Brazil,Paraguay,2,2,0,,1854.303,1612.377,,,,,,,,0.659092,0.462178,Rio de Janeiro,Brazil,martj42/international_results,https://github.com/martj42/international_results,"Resultados oficiales publicos; Elo e historial usan solo partidos previos. Ranking FIFA, mercado, plantilla y fase exacta quedan vacios si no hay fuente real conectada."
19791128_Paraguay_vs_Chile,1979-11-28,Copa América,unknown_stage_from_source,Paraguay,Chile,3,0,0,,1625.020,1568.908,,,,,,,,0.461319,0.392036,Asunción,Paraguay,martj42/international_results,https://github.com/martj42/international_results,"Resultados oficiales publicos; Elo e historial usan solo partidos previos. Ranking FIFA, mercado, plantilla y fase exacta quedan vacios si no hay fuente real conectada."
19791205_Chile_vs_Paraguay,1979-12-05,Copa América,unknown_stage_from_source,Chile,Paraguay,1,0,0,,1545.065,1648.862,,,,,,,,0.388725,0.466351,Santiago,Chile,martj42/international_results,https://github.com/martj42/international_results,"Resultados oficiales publicos; Elo e historial usan solo partidos previos. Ranking FIFA, mercado, plantilla y fase exacta quedan vacios si no hay fuente real conectada."
19791211_Chile_vs_Paraguay,1979-12-11,Copa América,unknown_stage_from_source,Chile,Paraguay,0,0,1,,1572.159,1621.769,,,,,,,,0.392982,0.462749,Buenos Aires,Argentina,martj42/international_results,https://github.com/martj42/international_results,"Resultados oficiales publicos; Elo e historial usan solo partidos previos. Ranking FIFA, mercado, plantilla y fase exacta quedan vacios si no hay fuente real conectada."
19800611_Czechoslovakia_vs_Germany,1980-06-11,UEFA Euro,unknown_stage_from_source,Czechoslovakia,Germany,0,1,1,,1714.860,1863.672,,,,,,,,0.442244,0.684379,Rome,Italy,martj42/international_results,https://github.com/martj42/international_results,"Resultados oficiales publicos; Elo e historial usan solo partidos previos. Ranking FIFA, mercado, plantilla y fase exacta quedan vacios si no hay fuente real conectada."
19800611_Netherlands_vs_Greece,1980-06-11,UEFA Euro,unknown_stage_from_source,Netherlands,Greece,1,0,1,,1821.045,1524.175,,,,,,,,0.575556,,Naples,Italy,martj42/international_results,https://github.com/martj42/international_results,"Resultados oficiales publicos; Elo e historial usan solo partidos previos. Ranking FIFA, mercado, plantilla y fase exacta quedan vacios si no hay fuente real conectada."
19800612_Belgium_vs_England,1980-06-12,UEFA Euro,unknown_stage_from_source,Belgium,England,1,1,1,,1699.048,1799.463,,,,,,,,0.210758,0.512115,Turin,Italy,martj42/international_results,https://github.com/martj42/international_results,"Resultados oficiales publicos; Elo e historial usan solo partidos previos. Ranking FIFA, mercado, plantilla y fase exacta quedan vacios si no hay fuente real conectada."
19800612_Italy_vs_Spain,1980-06-12,UEFA Euro,unknown_stage_from_source,Italy,Spain,0,0,0,,1792.164,1705.882,,,,,,,,0.615299,0.497750,Milan,Italy,martj42/international_results,https://github.com/martj42/international_results,"Resultados oficiales publicos; Elo e historial usan solo partidos previos. Ranking FIFA, mercado, plantilla y fase exacta quedan vacios si no hay fuente real conectada."
19800614_Germany_vs_Netherlands,1980-06-14,UEFA Euro,unknown_stage_from_source,Germany,Netherlands,3,2,1,,1876.190,1827.483,,,,,,,,0.689583,0.595526,Naples,Italy,martj42/international_results,https://github.com/martj42/international_results,"Resultados oficiales publicos; Elo e historial usan solo partidos previos. Ranking FIFA, mercado, plantilla y fase exacta quedan vacios si no hay fuente real conectada."
19800614_Greece_vs_Czechoslovakia,1980-06-14,UEFA Euro,unknown_stage_from_source,Greece,Czechoslovakia,1,3,1,,1517.736,1702.343,,,,,,,,0.045000,0.427531,Rome,Italy,martj42/international_results,https://github.com/martj42/international_results,"Resultados oficiales publicos; Elo e historial usan solo partidos previos. Ranking FIFA, mercado, plantilla y fase exacta quedan vacios si no hay fuente real conectada."
19800615_Belgium_vs_Spain,1980-06-15,UEFA Euro,unknown_stage_from_source,Belgium,Spain,2,1,1,,1704.954,1710.992,,,,,,,,0.223472,0.491349,Milan,Italy,martj42/international_results,https://github.com/martj42/international_results,"Resultados oficiales publicos; Elo e historial usan solo partidos previos. Ranking FIFA, mercado, plantilla y fase exacta quedan vacios si no hay fuente real conectada."
19800615_Italy_vs_England,1980-06-15,UEFA Euro,unknown_stage_from_source,Italy,England,1,0,0,,1787.053,1793.558,,,,,,,,0.609000,0.506605,Turin,Italy,martj42/international_results,https://github.com/martj42/international_results,"Resultados oficiales publicos; Elo e historial usan solo partidos previos. Ranking FIFA, mercado, plantilla y fase exacta quedan vacios si no hay fuente real conectada."
19800617_Greece_vs_Germany,1980-06-17,UEFA Euro,unknown_stage_from_source,Greece,Germany,0,0,1,,1506.804,1894.265,,,,,,,,0.022500,0.694591,Turin,Italy,martj42/international_results,https://github.com/martj42/international_results,"Resultados oficiales publicos; Elo e historial usan solo partidos previos. Ranking FIFA, mercado, plantilla y fase exacta quedan vacios si no hay fuente real conectada."
19800617_Netherlands_vs_Czechoslovakia,1980-06-17,UEFA Euro,unknown_stage_from_source,Netherlands,Czechoslovakia,1,1,1,,1809.408,1713.274,,,,,,,,0.568000,0.447976,Milan,Italy,martj42/international_results,https://github.com/martj42/international_results,"Resultados oficiales publicos; Elo e historial usan solo partidos previos. Ranking FIFA, mercado, plantilla y fase exacta quedan vacios si no hay fuente real conectada."
19800618_Italy_vs_Belgium,1980-06-18,UEFA Euro,unknown_stage_from_source,Italy,Belgium,0,0,0,,1808.446,1726.319,,,,,,,,0.617439,0.279744,Rome,Italy,martj42/international_results,https://github.com/martj42/international_results,"Resultados oficiales publicos; Elo e historial usan solo partidos previos. Ranking FIFA, mercado, plantilla y fase exacta quedan vacios si no hay fuente real conectada."
19800618_Spain_vs_England,1980-06-18,UEFA Euro,unknown_stage_from_source,Spain,England,1,2,1,,1689.627,1772.165,,,,,,,,0.471061,0.490119,Naples,Italy,martj42/international_results,https://github.com/martj42/international_results,"Resultados oficiales publicos; Elo e historial usan solo partidos previos. Ranking FIFA, mercado, plantilla y fase exacta quedan vacios si no hay fuente real conectada."
19800621_Italy_vs_Czechoslovakia,1980-06-21,UEFA Euro,unknown_stage_from_source,Italy,Czechoslovakia,1,1,0,,1803.573,1718.941,,,,,,,,0.611389,0.445057,Naples,Italy,martj42/international_results,https://github.com/martj42/international_results,"Resultados oficiales publicos; Elo e historial usan solo partidos previos. Ranking FIFA, mercado, plantilla y fase exacta quedan vacios si no hay fuente real conectada."
19800622_Belgium_vs_Germany,1980-06-22,UEFA Euro,unknown_stage_from_source,Belgium,Germany,1,2,1,,1731.193,1877.341,,,,,,,,0.285714,0.688457,Rome,Italy,martj42/international_results,https://github.com/martj42/international_results,"Resultados oficiales publicos; Elo e historial usan solo partidos previos. Ranking FIFA, mercado, plantilla y fase exacta quedan vacios si no hay fuente real conectada."
19820613_Argentina_vs_Belgium,1982-06-13,FIFA World Cup,unknown_stage_from_source,Argentina,Belgium,0,1,1,,1810.410,1710.802,,,,,,,,0.733900,0.269667,Barcelona,Spain,martj42/international_results,https://github.com/martj42/international_results,"Resultados oficiales publicos; Elo e historial usan solo partidos previos. Ranking FIFA, mercado, plantilla y fase exacta quedan vacios si no hay fuente real conectada."
19820614_Brazil_vs_Russia,1982-06-14,FIFA World Cup,unknown_stage_from_source,Brazil,Russia,2,1,1,,1874.936,1761.504,,,,,,,,0.657208,0.574012,Seville,Spain,martj42/international_results,https://github.com/martj42/international_results,"Resultados oficiales publicos; Elo e historial usan solo partidos previos. Ranking FIFA, mercado, plantilla y fase exacta quedan vacios si no hay fuente real conectada."
19820614_Italy_vs_Poland,1982-06-14,FIFA World Cup,unknown_stage_from_source,Italy,Poland,0,0,1,,1750.439,1770.955,,,,,,,,0.605620,0.668810,Vigo,Spain,martj42/international_results,https://github.com/martj42/international_results,"Resultados oficiales publicos; Elo e historial usan solo partidos previos. Ranking FIFA, mercado, plantilla y fase exacta quedan vacios si no hay fuente real conectada."
19820615_Hungary_vs_El_Salvador,1982-06-15,FIFA World Cup,unknown_stage_from_source,Hungary,El Salvador,10,1,1,,1648.724,1578.509,,,,,,,,0.535889,0.000000,Elche,Spain,martj42/international_results,https://github.com/martj42/international_results,"Resultados oficiales publicos; Elo e historial usan solo partidos previos. Ranking FIFA, mercado, plantilla y fase exacta quedan vacios si no hay fuente real conectada."
19820615_Peru_vs_Cameroon,1982-06-15,FIFA World Cup,unknown_stage_from_source,Peru,Cameroon,0,0,1,,1618.672,1638.385,,,,,,,,0.435219,,La Coruña,Spain,martj42/international_results,https://github.com/martj42/international_results,"Resultados oficiales publicos; Elo e historial usan solo partidos previos. Ranking FIFA, mercado, plantilla y fase exacta quedan vacios si no hay fuente real conectada."
19820615_Scotland_vs_New_Zealand,1982-06-15,FIFA World Cup,unknown_stage_from_source,Scotland,New Zealand,5,2,1,,1669.654,1664.133,,,,,,,,0.301667,,Málaga,Spain,martj42/international_results,https://github.com/martj42/international_results,"Resultados oficiales publicos; Elo e historial usan solo partidos previos. Ranking FIFA, mercado, plantilla y fase exacta quedan vacios si no hay fuente real conectada."
19820616_England_vs_France,1982-06-16,FIFA World Cup,unknown_stage_from_source,England,France,3,1,1,,1747.269,1682.029,,,,,,,,0.506149,0.404697,Bilbao,Spain,martj42/international_results,https://github.com/martj42/international_results,"Resultados oficiales publicos; Elo e historial usan solo partidos previos. Ranking FIFA, mercado, plantilla y fase exacta quedan vacios si no hay fuente real conectada."
19820616_Germany_vs_Algeria,1982-06-16,FIFA World Cup,unknown_stage_from_source,Germany,Algeria,1,2,1,,1892.722,1644.837,,,,,,,,0.693303,,Gijón,Spain,martj42/international_results,https://github.com/martj42/international_results,"Resultados oficiales publicos; Elo e historial usan solo partidos previos. Ranking FIFA, mercado, plantilla y fase exacta quedan vacios si no hay fuente real conectada."
19820616_Spain_vs_Honduras,1982-06-16,FIFA World Cup,unknown_stage_from_source,Spain,Honduras,1,1,0,,1689.109,1605.689,,,,,,,,0.452536,,Valencia,Spain,martj42/international_results,https://github.com/martj42/international_results,"Resultados oficiales publicos; Elo e historial usan solo partidos previos. Ranking FIFA, mercado, plantilla y fase exacta quedan vacios si no hay fuente real conectada."
19820617_Chile_vs_Austria,1982-06-17,FIFA World Cup,unknown_stage_from_source,Chile,Austria,0,1,1,,1621.589,1725.664,,,,,,,,0.392761,0.507685,Oviedo,Spain,martj42/international_results,https://github.com/martj42/international_results,"Resultados oficiales publicos; Elo e historial usan solo partidos previos. Ranking FIFA, mercado, plantilla y fase exacta quedan vacios si no hay fuente real conectada."
19820617_Czechoslovakia_vs_Kuwait,1982-06-17,FIFA World Cup,unknown_stage_from_source,Czechoslovakia,Kuwait,1,1,1,,1693.501,1701.278,,,,,,,,0.442333,,Valladolid,Spain,martj42/international_results,https://github.com/martj42/international_results,"Resultados oficiales publicos; Elo e historial usan solo partidos previos. Ranking FIFA, mercado, plantilla y fase exacta quedan vacios si no hay fuente real conectada."
19820617_Yugoslavia_vs_Northern_Ireland,1982-06-17,FIFA World Cup,unknown_stage_from_source,Yugoslavia,Northern Ireland,0,0,1,,1726.411,1570.996,,,,,,,,0.458594,0.436667,Zaragoza,Spain,martj42/international_results,https://github.com/martj42/international_results,"Resultados oficiales publicos; Elo e historial usan solo partidos previos. Ranking FIFA, mercado, plantilla y fase exacta quedan vacios si no hay fuente real conectada."
19820618_Argentina_vs_Hungary,1982-06-18,FIFA World Cup,unknown_stage_from_source,Argentina,Hungary,4,1,1,,1783.549,1686.239,,,,,,,,0.729338,0.561022,Alicante,Spain,martj42/international_results,https://github.com/martj42/international_results,"Resultados oficiales publicos; Elo e historial usan solo partidos previos. Ranking FIFA, mercado, plantilla y fase exacta quedan vacios si no hay fuente real conectada."
19820618_Brazil_vs_Scotland,1982-06-18,FIFA World Cup,unknown_stage_from_source,Brazil,Scotland,4,1,1,,1889.313,1698.232,,,,,,,,0.659093,0.363611,Seville,Spain,martj42/international_results,https://github.com/martj42/international_results,"Resultados oficiales publicos; Elo e historial usan solo partidos previos. Ranking FIFA, mercado, plantilla y fase exacta quedan vacios si no hay fuente real conectada."
19820618_Italy_vs_Peru,1982-06-18,FIFA World Cup,unknown_stage_from_source,Italy,Peru,1,1,1,,1751.678,1619.863,,,,,,,,0.600114,0.434500,Vigo,Spain,martj42/international_results,https://github.com/martj42/international_results,"Resultados oficiales publicos; Elo e historial usan solo partidos previos. Ranking FIFA, mercado, plantilla y fase exacta quedan vacios si no hay fuente real conectada."
19820619_Belgium_vs_El_Salvador,1982-06-19,FIFA World Cup,unknown_stage_from_source,Belgium,El Salvador,1,0,1,,1737.663,1540.993,,,,,,,,0.312500,0.000000,Elche,Spain,martj42/international_results,https://github.com/martj42/international_results,"Resultados oficiales publicos; Elo e historial usan solo partidos previos. Ranking FIFA, mercado, plantilla y fase exacta quedan vacios si no hay fuente real conectada."
19820619_Poland_vs_Cameroon,1982-06-19,FIFA World Cup,unknown_stage_from_source,Poland,Cameroon,0,0,1,,1769.716,1637.195,,,,,,,,0.648444,0.363333,La Coruña,Spain,martj42/international_results,https://github.com/martj42/international_results,"Resultados oficiales publicos; Elo e historial usan solo partidos previos. Ranking FIFA, mercado, plantilla y fase exacta quedan vacios si no hay fuente real conectada."
19820619_Russia_vs_New_Zealand,1982-06-19,FIFA World Cup,unknown_stage_from_source,Russia,New Zealand,3,0,1,,1747.127,1635.555,,,,,,,,0.555119,0.000000,Málaga,Spain,martj42/international_results,https://github.com/martj42/international_results,"Resultados oficiales publicos; Elo e historial usan solo partidos previos. Ranking FIFA, mercado, plantilla y fase exacta quedan vacios si no hay fuente real conectada."
19820620_England_vs_Czechoslovakia,1982-06-20,FIFA World Cup,unknown_stage_from_source,England,Czechoslovakia,2,0,1,,1765.517,1693.971,,,,,,,,0.522611,0.439785,Bilbao,Spain,martj42/international_results,https://github.com/martj42/international_results,"Resultados oficiales publicos; Elo e historial usan solo partidos previos. Ranking FIFA, mercado, plantilla y fase exacta quedan vacios si no hay fuente real conectada."
19820620_Germany_vs_Chile,1982-06-20,FIFA World Cup,unknown_stage_from_source,Germany,Chile,4,1,1,,1858.852,1606.698,,,,,,,,0.681726,0.390185,Gijón,Spain,martj42/international_results,https://github.com/martj42/international_results,"Resultados oficiales publicos; Elo e historial usan solo partidos previos. Ranking FIFA, mercado, plantilla y fase exacta quedan vacios si no hay fuente real conectada."
19820620_Spain_vs_Yugoslavia,1982-06-20,FIFA World Cup,unknown_stage_from_source,Spain,Yugoslavia,2,1,0,,1684.162,1717.598,,,,,,,,0.448819,0.455707,Valencia,Spain,martj42/international_results,https://github.com/martj42/international_results,"Resultados oficiales publicos; Elo e historial usan solo partidos previos. Ranking FIFA, mercado, plantilla y fase exacta quedan vacios si no hay fuente real conectada."
19820621_Algeria_vs_Austria,1982-06-21,FIFA World Cup,unknown_stage_from_source,Algeria,Austria,0,2,1,,1678.707,1740.555,,,,,,,,0.955000,0.531228,Oviedo,Spain,martj42/international_results,https://github.com/martj42/international_results,"Resultados oficiales publicos; Elo e historial usan solo partidos previos. Ranking FIFA, mercado, plantilla y fase exacta quedan vacios si no hay fuente real conectada."
19820621_France_vs_Kuwait,1982-06-21,FIFA World Cup,unknown_stage_from_source,France,Kuwait,4,1,1,,1663.781,1700.808,,,,,,,,0.387101,0.363333,Valladolid,Spain,martj42/international_results,https://github.com/martj42/international_results,"Resultados oficiales publicos; Elo e historial usan solo partidos previos. Ranking FIFA, mercado, plantilla y fase exacta quedan vacios si no hay fuente real conectada."
19820621_Honduras_vs_Northern_Ireland,1982-06-21,FIFA World Cup,unknown_stage_from_source,Honduras,Northern Ireland,1,1,1,,1610.636,1579.810,,,,,,,,0.363333,0.424444,Zaragoza,Spain,martj42/international_results,https://github.com/martj42/international_results,"Resultados oficiales publicos; Elo e historial usan solo partidos previos. Ranking FIFA, mercado, plantilla y fase exacta quedan vacios si no hay fuente real conectada."
19820622_Belgium_vs_Hungary,1982-06-22,FIFA World Cup,unknown_stage_from_source,Belgium,Hungary,1,1,1,,1747.901,1665.971,,,,,,,,0.350294,0.542083,Elche,Spain,martj42/international_results,https://github.com/martj42/international_results,"Resultados oficiales publicos; Elo e historial usan solo partidos previos. Ranking FIFA, mercado, plantilla y fase exacta quedan vacios si no hay fuente real conectada."
19820622_Poland_vs_Peru,1982-06-22,FIFA World Cup,unknown_stage_from_source,Poland,Peru,5,1,1,,1762.073,1627.468,,,,,,,,0.630625,0.433795,La Coruña,Spain,martj42/international_results,https://github.com/martj42/international_results,"Resultados oficiales publicos; Elo e historial usan solo partidos previos. Ranking FIFA, mercado, plantilla y fase exacta quedan vacios si no hay fuente real conectada."
19820622_Russia_vs_Scotland,1982-06-22,FIFA World Cup,unknown_stage_from_source,Russia,Scotland,2,2,1,,1766.230,1684.852,,,,,,,,0.572011,0.332179,Málaga,Spain,martj42/international_results,https://github.com/martj42/international_results,"Resultados oficiales publicos; Elo e historial usan solo partidos previos. Ranking FIFA, mercado, plantilla y fase exacta quedan vacios si no hay fuente real conectada."
19820623_Argentina_vs_El_Salvador,1982-06-23,FIFA World Cup,unknown_stage_from_source,Argentina,El Salvador,2,0,1,,1803.818,1530.755,,,,,,,,0.731414,0.000000,Alicante,Spain,martj42/international_results,https://github.com/martj42/international_results,"Resultados oficiales publicos; Elo e historial usan solo partidos previos. Ranking FIFA, mercado, plantilla y fase exacta quedan vacios si no hay fuente real conectada."
19820623_Brazil_vs_New_Zealand,1982-06-23,FIFA World Cup,unknown_stage_from_source,Brazil,New Zealand,4,0,1,,1902.693,1616.452,,,,,,,,0.661520,0.000000,Seville,Spain,martj42/international_results,https://github.com/martj42/international_results,"Resultados oficiales publicos; Elo e historial usan solo partidos previos. Ranking FIFA, mercado, plantilla y fase exacta quedan vacios si no hay fuente real conectada."
19820623_Italy_vs_Cameroon,1982-06-23,FIFA World Cup,unknown_stage_from_source,Italy,Cameroon,1,1,1,,1744.072,1644.837,,,,,,,,0.594852,0.363333,Vigo,Spain,martj42/international_results,https://github.com/martj42/international_results,"Resultados oficiales publicos; Elo e historial usan solo partidos previos. Ranking FIFA, mercado, plantilla y fase exacta quedan vacios si no hay fuente real conectada."
19820624_Algeria_vs_Chile,1982-06-24,FIFA World Cup,unknown_stage_from_source,Algeria,Chile,3,2,1,,1660.220,1596.785,,,,,,,,0.477500,0.386985,Oviedo,Spain,martj42/international_results,https://github.com/martj42/international_results,"Resultados oficiales publicos; Elo e historial usan solo partidos previos. Ranking FIFA, mercado, plantilla y fase exacta quedan vacios si no hay fuente real conectada."
19820624_France_vs_Czechoslovakia,1982-06-24,FIFA World Cup,unknown_stage_from_source,France,Czechoslovakia,1,1,1,,1695.451,1676.164,,,,,,,,0.414514,0.426042,Valladolid,Spain,martj42/international_results,https://github.com/martj42/international_results,"Resultados oficiales publicos; Elo e historial usan solo partidos previos. Ranking FIFA, mercado, plantilla y fase exacta quedan vacios si no hay fuente real conectada."
19820624_Honduras_vs_Yugoslavia,1982-06-24,FIFA World Cup,unknown_stage_from_source,Honduras,Yugoslavia,0,1,1,,1608.778,1694.583,,,,,,,,0.363333,0.443627,Zaragoza,Spain,martj42/international_results,https://github.com/martj42/international_results,"Resultados oficiales publicos; Elo e historial usan solo partidos previos. Ranking FIFA, mercado, plantilla y fase exacta quedan vacios si no hay fuente real conectada."
19820625_England_vs_Kuwait,1982-06-25,FIFA World Cup,unknown_stage_from_source,England,Kuwait,1,0,1,,1783.324,1669.138,,,,,,,,0.538011,0.159167,Bilbao,Spain,martj42/international_results,https://github.com/martj42/international_results,"Resultados oficiales publicos; Elo e historial usan solo partidos previos. Ranking FIFA, mercado, plantilla y fase exacta quedan vacios si no hay fuente real conectada."
19820625_Germany_vs_Austria,1982-06-25,FIFA World Cup,unknown_stage_from_source,Germany,Austria,1,0,1,,1868.765,1759.042,,,,,,,,0.688099,0.554667,Gijón,Spain,martj42/international_results,https://github.com/martj42/international_results,"Resultados oficiales publicos; Elo e historial usan solo partidos previos. Ranking FIFA, mercado, plantilla y fase exacta quedan vacios si no hay fuente real conectada."
19820625_Spain_vs_Northern_Ireland,1982-06-25,FIFA World Cup,unknown_stage_from_source,Spain,Northern Ireland,0,1,0,,1707.177,1581.668,,,,,,,,0.469067,0.415714,Valencia,Spain,martj42/international_results,https://github.com/martj42/international_results,"Resultados oficiales publicos; Elo e historial usan solo partidos previos. Ranking FIFA, mercado, plantilla y fase exacta quedan vacios si no hay fuente real conectada."
19820628_Austria_vs_France,1982-06-28,FIFA World Cup,unknown_stage_from_source,Austria,France,0,1,1,,1744.462,1694.286,,,,,,,,0.530397,0.412467,Madrid,Spain,martj42/international_results,https://github.com/martj42/international_results,"Resultados oficiales publicos; Elo e historial usan solo partidos previos. Ranking FIFA, mercado, plantilla y fase exacta quedan vacios si no hay fuente real conectada."
19820628_Poland_vs_Belgium,1982-06-28,FIFA World Cup,unknown_stage_from_source,Poland,Belgium,3,0,1,,1782.166,1743.039,,,,,,,,0.657647,0.351019,Barcelona,Spain,martj42/international_results,https://github.com/martj42/international_results,"Resultados oficiales publicos; Elo e historial usan solo partidos previos. Ranking FIFA, mercado, plantilla y fase exacta quedan vacios si no hay fuente real conectada."
19820629_Germany_vs_England,1982-06-29,FIFA World Cup,unknown_stage_from_source,Germany,England,0,0,1,,1883.345,1797.660,,,,,,,,0.692701,0.551042,Madrid,Spain,martj42/international_results,https://github.com/martj42/international_results,"Resultados oficiales publicos; Elo e historial usan solo partidos previos. Ranking FIFA, mercado, plantilla y fase exacta quedan vacios si no hay fuente real conectada."
19820629_Italy_vs_Argentina,1982-06-29,FIFA World Cup,unknown_stage_from_source,Italy,Argentina,2,1,1,,1738.232,1810.876,,,,,,,,0.589819,0.733170,Barcelona,Spain,martj42/international_results,https://github.com/martj42/international_results,"Resultados oficiales publicos; Elo e historial usan solo partidos previos. Ranking FIFA, mercado, plantilla y fase exacta quedan vacios si no hay fuente real conectada."
19820701_Austria_vs_Northern_Ireland,1982-07-01,FIFA World Cup,unknown_stage_from_source,Austria,Northern Ireland,2,2,1,,1720.450,1609.941,,,,,,,,0.508333,0.483125,Madrid,Spain,martj42/international_results,https://github.com/martj42/international_results,"Resultados oficiales publicos; Elo e historial usan solo partidos previos. Ranking FIFA, mercado, plantilla y fase exacta quedan vacios si no hay fuente real conectada."
19820701_Belgium_vs_Russia,1982-07-01,FIFA World Cup,unknown_stage_from_source,Belgium,Russia,0,1,1,,1717.643,1761.399,,,,,,,,0.330175,0.565056,Barcelona,Spain,martj42/international_results,https://github.com/martj42/international_results,"Resultados oficiales publicos; Elo e historial usan solo partidos previos. Ranking FIFA, mercado, plantilla y fase exacta quedan vacios si no hay fuente real conectada."
19820702_Argentina_vs_Brazil,1982-07-02,FIFA World Cup,unknown_stage_from_source,Argentina,Brazil,1,3,1,,1785.548,1912.347,,,,,,,,0.728701,0.664198,Barcelona,Spain,martj42/international_results,https://github.com/martj42/international_results,"Resultados oficiales publicos; Elo e historial usan solo partidos previos. Ranking FIFA, mercado, plantilla y fase exacta quedan vacios si no hay fuente real conectada."
19820702_Spain_vs_Germany,1982-07-02,FIFA World Cup,unknown_stage_from_source,Spain,Germany,1,2,0,,1678.904,1878.269,,,,,,,,0.452756,0.687119,Madrid,Spain,martj42/international_results,https://github.com/martj42/international_results,"Resultados oficiales publicos; Elo e historial usan solo partidos previos. Ranking FIFA, mercado, plantilla y fase exacta quedan vacios si no hay fuente real conectada."
19820704_France_vs_Northern_Ireland,1982-07-04,FIFA World Cup,unknown_stage_from_source,France,Northern Ireland,4,1,1,,1718.298,1616.404,,,,,,,,0.433333,0.469815,Madrid,Spain,martj42/international_results,https://github.com/martj42/international_results,"Resultados oficiales publicos; Elo e historial usan solo partidos previos. Ranking FIFA, mercado, plantilla y fase exacta quedan vacios si no hay fuente real conectada."
19820704_Poland_vs_Russia,1982-07-04,FIFA World Cup,unknown_stage_from_source,Poland,Russia,0,0,1,,1807.562,1779.768,,,,,,,,0.679167,0.577634,Barcelona,Spain,martj42/international_results,https://github.com/martj42/international_results,"Resultados oficiales publicos; Elo e historial usan solo partidos previos. Ranking FIFA, mercado, plantilla y fase exacta quedan vacios si no hay fuente real conectada."
19820705_Italy_vs_Brazil,1982-07-05,FIFA World Cup,unknown_stage_from_source,Italy,Brazil,3,2,1,,1763.560,1926.536,,,,,,,,0.597589,0.666284,Barcelona,Spain,martj42/international_results,https://github.com/martj42/international_results,"Resultados oficiales publicos; Elo e historial usan solo partidos previos. Ranking FIFA, mercado, plantilla y fase exacta quedan vacios si no hay fuente real conectada."
19820705_Spain_vs_England,1982-07-05,FIFA World Cup,unknown_stage_from_source,Spain,England,0,0,0,,1668.785,1802.737,,,,,,,,0.437654,0.545354,Madrid,Spain,martj42/international_results,https://github.com/martj42/international_results,"Resultados oficiales publicos; Elo e historial usan solo partidos previos. Ranking FIFA, mercado, plantilla y fase exacta quedan vacios si no hay fuente real conectada."
19820708_Germany_vs_France,1982-07-08,FIFA World Cup,unknown_stage_from_source,Germany,France,3,3,1,,1888.387,1738.188,,,,,,,,0.691583,0.455988,Seville,Spain,martj42/international_results,https://github.com/martj42/international_results,"Resultados oficiales publicos; Elo e historial usan solo partidos previos. Ranking FIFA, mercado, plantilla y fase exacta quedan vacios si no hay fuente real conectada."
19820708_Poland_vs_Italy,1982-07-08,FIFA World Cup,unknown_stage_from_source,Poland,Italy,0,2,1,,1805.885,1793.747,,,,,,,,0.662544,0.605035,Barcelona,Spain,martj42/international_results,https://github.com/martj42/international_results,"Resultados oficiales publicos; Elo e historial usan solo partidos previos. Ranking FIFA, mercado, plantilla y fase exacta quedan vacios si no hay fuente real conectada."
19820710_Poland_vs_France,1982-07-10,FIFA World Cup,unknown_stage_from_source,Poland,France,3,2,1,,1782.140,1746.740,,,,,,,,0.629417,0.452679,Alicante,Spain,martj42/international_results,https://github.com/martj42/international_results,"Resultados oficiales publicos; Elo e historial usan solo partidos previos. Ranking FIFA, mercado, plantilla y fase exacta quedan vacios si no hay fuente real conectada."
19820711_Italy_vs_Germany,1982-07-11,FIFA World Cup,unknown_stage_from_source,Italy,Germany,3,1,1,,1817.492,1879.835,,,,,,,,0.613095,0.686202,Madrid,Spain,martj42/international_results,https://github.com/martj42/international_results,"Resultados oficiales publicos; Elo e historial usan solo partidos previos. Ranking FIFA, mercado, plantilla y fase exacta quedan vacios si no hay fuente real conectada."
19830810_Ecuador_vs_Argentina,1983-08-10,Copa América,unknown_stage_from_source,Ecuador,Argentina,2,2,0,,1364.548,1748.617,,,,,,,,0.070242,0.724000,Quito,Ecuador,martj42/international_results,https://github.com/martj42/international_results,"Resultados oficiales publicos; Elo e historial usan solo partidos previos. Ranking FIFA, mercado, plantilla y fase exacta quedan vacios si no hay fuente real conectada."
19830814_Bolivia_vs_Colombia,1983-08-14,Copa América,unknown_stage_from_source,Bolivia,Colombia,0,1,0,,1442.048,1465.098,,,,,,,,0.185152,0.253160,La Paz,Bolivia,martj42/international_results,https://github.com/martj42/international_results,"Resultados oficiales publicos; Elo e historial usan solo partidos previos. Ranking FIFA, mercado, plantilla y fase exacta quedan vacios si no hay fuente real conectada."
19830817_Ecuador_vs_Brazil,1983-08-17,Copa América,unknown_stage_from_source,Ecuador,Brazil,0,1,0,,1381.400,1889.928,,,,,,,,0.074429,0.662449,Quito,Ecuador,martj42/international_results,https://github.com/martj42/international_results,"Resultados oficiales publicos; Elo e historial usan solo partidos previos. Ranking FIFA, mercado, plantilla y fase exacta quedan vacios si no hay fuente real conectada."
19830817_Peru_vs_Colombia,1983-08-17,Copa América,unknown_stage_from_source,Peru,Colombia,1,0,0,,1584.623,1484.707,,,,,,,,0.428660,0.267483,Lima,Peru,martj42/international_results,https://github.com/martj42/international_results,"Resultados oficiales publicos; Elo e historial usan solo partidos previos. Ranking FIFA, mercado, plantilla y fase exacta quedan vacios si no hay fuente real conectada."
19830821_Bolivia_vs_Peru,1983-08-21,Copa América,unknown_stage_from_source,Bolivia,Peru,1,1,0,,1422.439,1599.745,,,,,,,,0.183060,0.433770,La Paz,Bolivia,martj42/international_results,https://github.com/martj42/international_results,"Resultados oficiales publicos; Elo e historial usan solo partidos previos. Ranking FIFA, mercado, plantilla y fase exacta quedan vacios si no hay fuente real conectada."
19830824_Argentina_vs_Brazil,1983-08-24,Copa América,unknown_stage_from_source,Argentina,Brazil,1,0,0,,1731.766,1892.062,,,,,,,,0.721688,0.664243,Buenos Aires,Argentina,martj42/international_results,https://github.com/martj42/international_results,"Resultados oficiales publicos; Elo e historial usan solo partidos previos. Ranking FIFA, mercado, plantilla y fase exacta quedan vacios si no hay fuente real conectada."
19830828_Colombia_vs_Peru,1983-08-28,Copa América,unknown_stage_from_source,Colombia,Peru,2,2,0,,1469.585,1589.871,,,,,,,,0.263033,0.433093,Bogotá,Colombia,martj42/international_results,https://github.com/martj42/international_results,"Resultados oficiales publicos; Elo e historial usan solo partidos previos. Ranking FIFA, mercado, plantilla y fase exacta quedan vacios si no hay fuente real conectada."
19830831_Colombia_vs_Bolivia,1983-08-31,Copa América,unknown_stage_from_source,Colombia,Bolivia,2,2,0,,1476.578,1429.047,,,,,,,,0.265000,0.185711,Bogotá,Colombia,martj42/international_results,https://github.com/martj42/international_results,"Resultados oficiales publicos; Elo e historial usan solo partidos previos. Ranking FIFA, mercado, plantilla y fase exacta quedan vacios si no hay fuente real conectada."
19830901_Brazil_vs_Ecuador,1983-09-01,Copa América,unknown_stage_from_source,Brazil,Ecuador,5,0,0,,1862.007,1379.265,,,,,,,,0.660467,0.074014,Goiânia,Brazil,martj42/international_results,https://github.com/martj42/international_results,"Resultados oficiales publicos; Elo e historial usan solo partidos previos. Ranking FIFA, mercado, plantilla y fase exacta quedan vacios si no hay fuente real conectada."
19830901_Uruguay_vs_Chile,1983-09-01,Copa América,unknown_stage_from_source,Uruguay,Chile,2,1,0,,1634.142,1610.612,,,,,,,,0.653677,0.384489,Montevideo,Uruguay,martj42/international_results,https://github.com/martj42/international_results,"Resultados oficiales publicos; Elo e historial usan solo partidos previos. Ranking FIFA, mercado, plantilla y fase exacta quedan vacios si no hay fuente real conectada."
19830904_Peru_vs_Bolivia,1983-09-04,Copa América,unknown_stage_from_source,Peru,Bolivia,2,1,0,,1582.878,1431.902,,,,,,,,0.432429,0.188285,Lima,Peru,martj42/international_results,https://github.com/martj42/international_results,"Resultados oficiales publicos; Elo e historial usan solo partidos previos. Ranking FIFA, mercado, plantilla y fase exacta quedan vacios si no hay fuente real conectada."
19830904_Uruguay_vs_Venezuela,1983-09-04,Copa América,unknown_stage_from_source,Uruguay,Venezuela,3,0,0,,1653.722,1307.891,,,,,,,,0.655609,0.039359,Montevideo,Uruguay,martj42/international_results,https://github.com/martj42/international_results,"Resultados oficiales publicos; Elo e historial usan solo partidos previos. Ranking FIFA, mercado, plantilla y fase exacta quedan vacios si no hay fuente real conectada."
19830907_Argentina_vs_Ecuador,1983-09-07,Copa América,unknown_stage_from_source,Argentina,Ecuador,2,2,0,,1761.821,1375.657,,,,,,,,0.723174,0.071111,Buenos Aires,Argentina,martj42/international_results,https://github.com/martj42/international_results,"Resultados oficiales publicos; Elo e historial usan solo partidos previos. Ranking FIFA, mercado, plantilla y fase exacta quedan vacios si no hay fuente real conectada."
19830908_Chile_vs_Venezuela,1983-09-08,Copa América,unknown_stage_from_source,Chile,Venezuela,5,0,0,,1591.032,1301.845,,,,,,,,0.382029,0.033333,Santiago,Chile,martj42/international_results,https://github.com/martj42/international_results,"Resultados oficiales publicos; Elo e historial usan solo partidos previos. Ranking FIFA, mercado, plantilla y fase exacta quedan vacios si no hay fuente real conectada."
19830911_Chile_vs_Uruguay,1983-09-11,Copa América,unknown_stage_from_source,Chile,Uruguay,2,0,0,,1601.616,1659.769,,,,,,,,0.387446,0.658089,Santiago,Chile,martj42/international_results,https://github.com/martj42/international_results,"Resultados oficiales publicos; Elo e historial usan solo partidos previos. Ranking FIFA, mercado, plantilla y fase exacta quedan vacios si no hay fuente real conectada."
19830914_Brazil_vs_Argentina,1983-09-14,Copa América,unknown_stage_from_source,Brazil,Argentina,0,0,0,,1865.616,1744.925,,,,,,,,0.663343,0.720897,Rio de Janeiro,Brazil,martj42/international_results,https://github.com/martj42/international_results,"Resultados oficiales publicos; Elo e historial usan solo partidos previos. Ranking FIFA, mercado, plantilla y fase exacta quedan vacios si no hay fuente real conectada."
19830918_Venezuela_vs_Uruguay,1983-09-18,Copa América,unknown_stage_from_source,Venezuela,Uruguay,1,2,0,,1291.261,1633.565,,,,,,,,0.022111,0.653924,Caracas,Venezuela,martj42/international_results,https://github.com/martj42/international_results,"Resultados oficiales publicos; Elo e historial usan solo partidos previos. Ranking FIFA, mercado, plantilla y fase exacta quedan vacios si no hay fuente real conectada."
19830921_Venezuela_vs_Chile,1983-09-21,Copa América,unknown_stage_from_source,Venezuela,Chile,0,0,0,,1286.122,1627.820,,,,,,,,0.023542,0.391821,Caracas,Venezuela,martj42/international_results,https://github.com/martj42/international_results,"Resultados oficiales publicos; Elo e historial usan solo partidos previos. Ranking FIFA, mercado, plantilla y fase exacta quedan vacios si no hay fuente real conectada."
19831013_Paraguay_vs_Brazil,1983-10-13,Copa América,unknown_stage_from_source,Paraguay,Brazil,1,1,0,,1582.899,1858.601,,,,,,,,0.461907,0.661536,Asunción,Paraguay,martj42/international_results,https://github.com/martj42/international_results,"Resultados oficiales publicos; Elo e historial usan solo partidos previos. Ranking FIFA, mercado, plantilla y fase exacta quedan vacios si no hay fuente real conectada."
19831013_Peru_vs_Uruguay,1983-10-13,Copa América,unknown_stage_from_source,Peru,Uruguay,0,1,0,,1579.657,1632.408,,,,,,,,0.437358,0.655818,Lima,Peru,martj42/international_results,https://github.com/martj42/international_results,"Resultados oficiales publicos; Elo e historial usan solo partidos previos. Ranking FIFA, mercado, plantilla y fase exacta quedan vacios si no hay fuente real conectada."
19831020_Brazil_vs_Paraguay,1983-10-20,Copa América,unknown_stage_from_source,Brazil,Paraguay,0,0,0,,1844.732,1596.768,,,,,,,,0.659750,0.461078,Uberlândia,Brazil,martj42/international_results,https://github.com/martj42/international_results,"Resultados oficiales publicos; Elo e historial usan solo partidos previos. Ranking FIFA, mercado, plantilla y fase exacta quedan vacios si no hay fuente real conectada."
19831020_Uruguay_vs_Peru,1983-10-20,Copa América,unknown_stage_from_source,Uruguay,Peru,1,1,0,,1650.243,1561.821,,,,,,,,0.657687,0.433692,Montevideo,Uruguay,martj42/international_results,https://github.com/martj42/international_results,"Resultados oficiales publicos; Elo e historial usan solo partidos previos. Ranking FIFA, mercado, plantilla y fase exacta quedan vacios si no hay fuente real conectada."
19831027_Uruguay_vs_Brazil,1983-10-27,Copa América,unknown_stage_from_source,Uruguay,Brazil,2,0,0,,1645.011,1831.859,,,,,,,,0.655859,0.657986,Montevideo,Uruguay,martj42/international_results,https://github.com/martj42/international_results,"Resultados oficiales publicos; Elo e historial usan solo partidos previos. Ranking FIFA, mercado, plantilla y fase exacta quedan vacios si no hay fuente real conectada."
19831104_Brazil_vs_Uruguay,1983-11-04,Copa América,unknown_stage_from_source,Brazil,Uruguay,1,1,0,,1800.147,1676.724,,,,,,,,0.654093,0.657984,Salvador,Brazil,martj42/international_results,https://github.com/martj42/international_results,"Resultados oficiales publicos; Elo e historial usan solo partidos previos. Ranking FIFA, mercado, plantilla y fase exacta quedan vacios si no hay fuente real conectada."
19840612_France_vs_Denmark,1984-06-12,UEFA Euro,unknown_stage_from_source,France,Denmark,1,0,0,,1761.135,1606.415,,,,,,,,0.438621,0.000000,Paris,France,martj42/international_results,https://github.com/martj42/international_results,"Resultados oficiales publicos; Elo e historial usan solo partidos previos. Ranking FIFA, mercado, plantilla y fase exacta quedan vacios si no hay fuente real conectada."
19840613_Belgium_vs_Yugoslavia,1984-06-13,UEFA Euro,unknown_stage_from_source,Belgium,Yugoslavia,2,0,1,,1726.779,1712.860,,,,,,,,0.315917,0.458238,Lens,France,martj42/international_results,https://github.com/martj42/international_results,"Resultados oficiales publicos; Elo e historial usan solo partidos previos. Ranking FIFA, mercado, plantilla y fase exacta quedan vacios si no hay fuente real conectada."
19840614_Germany_vs_Portugal,1984-06-14,UEFA Euro,unknown_stage_from_source,Germany,Portugal,0,0,1,,1828.928,1659.956,,,,,,,,0.675134,0.840833,Strasbourg,France,martj42/international_results,https://github.com/martj42/international_results,"Resultados oficiales publicos; Elo e historial usan solo partidos previos. Ranking FIFA, mercado, plantilla y fase exacta quedan vacios si no hay fuente real conectada."
19840614_Romania_vs_Spain,1984-06-14,UEFA Euro,unknown_stage_from_source,Romania,Spain,1,1,1,,1634.439,1699.158,,,,,,,,0.301042,0.435000,Saint-Étienne,France,martj42/international_results,https://github.com/martj42/international_results,"Resultados oficiales publicos; Elo e historial usan solo partidos previos. Ranking FIFA, mercado, plantilla y fase exacta quedan vacios si no hay fuente real conectada."
19840616_Denmark_vs_Yugoslavia,1984-06-16,UEFA Euro,unknown_stage_from_source,Denmark,Yugoslavia,5,0,1,,1594.194,1690.852,,,,,,,,0.000000,0.445509,Lyon,France,martj42/international_results,https://github.com/martj42/international_results,"Resultados oficiales publicos; Elo e historial usan solo partidos previos. Ranking FIFA, mercado, plantilla y fase exacta quedan vacios si no hay fuente real conectada."
19840616_France_vs_Belgium,1984-06-16,UEFA Euro,unknown_stage_from_source,France,Belgium,5,0,0,,1773.356,1748.786,,,,,,,,0.455833,0.348492,Nantes,France,martj42/international_results,https://github.com/martj42/international_results,"Resultados oficiales publicos; Elo e historial usan solo partidos previos. Ranking FIFA, mercado, plantilla y fase exacta quedan vacios si no hay fuente real conectada."
19840617_Germany_vs_Romania,1984-06-17,UEFA Euro,unknown_stage_from_source,Germany,Romania,2,1,1,,1819.450,1638.306,,,,,,,,0.670185,0.307963,Lens,France,martj42/international_results,https://github.com/martj42/international_results,"Resultados oficiales publicos; Elo e historial usan solo partidos previos. Ranking FIFA, mercado, plantilla y fase exacta quedan vacios si no hay fuente real conectada."
19840617_Portugal_vs_Spain,1984-06-17,UEFA Euro,unknown_stage_from_source,Portugal,Spain,1,1,1,,1669.433,1695.291,,,,,,,,0.772619,0.432529,Marseille,France,martj42/international_results,https://github.com/martj42/international_results,"Resultados oficiales publicos; Elo e historial usan solo partidos previos. Ranking FIFA, mercado, plantilla y fase exacta quedan vacios si no hay fuente real conectada."
19840619_Denmark_vs_Belgium,1984-06-19,UEFA Euro,unknown_stage_from_source,Denmark,Belgium,3,2,1,,1640.014,1714.202,,,,,,,,0.283750,0.326515,Strasbourg,France,martj42/international_results,https://github.com/martj42/international_results,"Resultados oficiales publicos; Elo e historial usan solo partidos previos. Ranking FIFA, mercado, plantilla y fase exacta quedan vacios si no hay fuente real conectada."
19840619_France_vs_Yugoslavia,1984-06-19,UEFA Euro,unknown_stage_from_source,France,Yugoslavia,3,2,0,,1807.940,1645.032,,,,,,,,0.477742,0.429820,Saint-Étienne,France,martj42/international_results,https://github.com/martj42/international_results,"Resultados oficiales publicos; Elo e historial usan solo partidos previos. Ranking FIFA, mercado, plantilla y fase exacta quedan vacios si no hay fuente real conectada."
19840620_Germany_vs_Spain,1984-06-20,UEFA Euro,unknown_stage_from_source,Germany,Spain,0,1,1,,1830.396,1693.731,,,,,,,,0.674635,0.430222,Paris,France,martj42/international_results,https://github.com/martj42/international_results,"Resultados oficiales publicos; Elo e historial usan solo partidos previos. Ranking FIFA, mercado, plantilla y fase exacta quedan vacios si no hay fuente real conectada."
19840620_Portugal_vs_Romania,1984-06-20,UEFA Euro,unknown_stage_from_source,Portugal,Romania,1,0,1,,1670.993,1627.360,,,,,,,,0.721458,0.281667,Nantes,France,martj42/international_results,https://github.com/martj42/international_results,"Resultados oficiales publicos; Elo e historial usan solo partidos previos. Ranking FIFA, mercado, plantilla y fase exacta quedan vacios si no hay fuente real conectada."
19840623_France_vs_Portugal,1984-06-23,UEFA Euro,unknown_stage_from_source,France,Portugal,3,2,0,,1819.757,1689.370,,,,,,,,0.492656,0.747407,Marseille,France,martj42/international_results,https://github.com/martj42/international_results,"Resultados oficiales publicos; Elo e historial usan solo partidos previos. Ranking FIFA, mercado, plantilla y fase exacta quedan vacios si no hay fuente real conectada."
19840624_Denmark_vs_Spain,1984-06-24,UEFA Euro,unknown_stage_from_source,Denmark,Spain,1,1,1,,1665.431,1722.590,,,,,,,,0.418000,0.447151,Lyon,France,martj42/international_results,https://github.com/martj42/international_results,"Resultados oficiales publicos; Elo e historial usan solo partidos previos. Ranking FIFA, mercado, plantilla y fase exacta quedan vacios si no hay fuente real conectada."
19840627_France_vs_Spain,1984-06-27,UEFA Euro,unknown_stage_from_source,France,Spain,2,0,0,,1833.226,1719.166,,,,,,,,0.506667,0.444531,Paris,France,martj42/international_results,https://github.com/martj42/international_results,"Resultados oficiales publicos; Elo e historial usan solo partidos previos. Ranking FIFA, mercado, plantilla y fase exacta quedan vacios si no hay fuente real conectada."
19860531_Bulgaria_vs_Italy,1986-05-31,FIFA World Cup,unknown_stage_from_source,Bulgaria,Italy,1,1,1,,1625.307,1728.701,,,,,,,,0.106111,0.620833,Mexico City,Mexico,martj42/international_results,https://github.com/martj42/international_results,"Resultados oficiales publicos; Elo e historial usan solo partidos previos. Ranking FIFA, mercado, plantilla y fase exacta quedan vacios si no hay fuente real conectada."
19860601_Canada_vs_France,1986-06-01,FIFA World Cup,unknown_stage_from_source,Canada,France,0,1,1,,1568.106,1826.370,,,,,,,,,0.521176,León,Mexico,martj42/international_results,https://github.com/martj42/international_results,"Resultados oficiales publicos; Elo e historial usan solo partidos previos. Ranking FIFA, mercado, plantilla y fase exacta quedan vacios si no hay fuente real conectada."
19860601_Spain_vs_Brazil,1986-06-01,FIFA World Cup,unknown_stage_from_source,Spain,Brazil,0,1,1,,1725.736,1767.220,,,,,,,,0.431061,0.652382,Guadalajara,Mexico,martj42/international_results,https://github.com/martj42/international_results,"Resultados oficiales publicos; Elo e historial usan solo partidos previos. Ranking FIFA, mercado, plantilla y fase exacta quedan vacios si no hay fuente real conectada."
19860602_Argentina_vs_South_Korea,1986-06-02,FIFA World Cup,unknown_stage_from_source,Argentina,South Korea,3,1,1,,1704.212,1721.186,,,,,,,,0.718648,0.000000,Mexico City,Mexico,martj42/international_results,https://github.com/martj42/international_results,"Resultados oficiales publicos; Elo e historial usan solo partidos previos. Ranking FIFA, mercado, plantilla y fase exacta quedan vacios si no hay fuente real conectada."
19860602_Morocco_vs_Poland,1986-06-02,FIFA World Cup,unknown_stage_from_source,Morocco,Poland,0,0,1,,1662.347,1672.842,,,,,,,,0.121111,0.644921,Monterrey,Mexico,martj42/international_results,https://github.com/martj42/international_results,"Resultados oficiales publicos; Elo e historial usan solo partidos previos. Ranking FIFA, mercado, plantilla y fase exacta quedan vacios si no hay fuente real conectada."
19860602_Russia_vs_Hungary,1986-06-02,FIFA World Cup,unknown_stage_from_source,Russia,Hungary,6,0,1,,1771.352,1714.388,,,,,,,,0.570937,0.536667,Irapuato,Mexico,martj42/international_results,https://github.com/martj42/international_results,"Resultados oficiales publicos; Elo e historial usan solo partidos previos. Ranking FIFA, mercado, plantilla y fase exacta quedan vacios si no hay fuente real conectada."
19860603_Algeria_vs_Northern_Ireland,1986-06-03,FIFA World Cup,unknown_stage_from_source,Algeria,Northern Ireland,1,1,1,,1675.967,1660.703,,,,,,,,0.636667,0.418333,Guadalajara,Mexico,martj42/international_results,https://github.com/martj42/international_results,"Resultados oficiales publicos; Elo e historial usan solo partidos previos. Ranking FIFA, mercado, plantilla y fase exacta quedan vacios si no hay fuente real conectada."
19860603_Mexico_vs_Belgium,1986-06-03,FIFA World Cup,unknown_stage_from_source,Mexico,Belgium,2,1,0,,1711.345,1675.444,,,,,,,,0.161181,0.314275,Mexico City,Mexico,martj42/international_results,https://github.com/martj42/international_results,"Resultados oficiales publicos; Elo e historial usan solo partidos previos. Ranking FIFA, mercado, plantilla y fase exacta quedan vacios si no hay fuente real conectada."
19860603_Portugal_vs_England,1986-06-03,FIFA World Cup,unknown_stage_from_source,Portugal,England,1,0,1,,1661.225,1783.411,,,,,,,,0.677167,0.540000,Monterrey,Mexico,martj42/international_results,https://github.com/martj42/international_results,"Resultados oficiales publicos; Elo e historial usan solo partidos previos. Ranking FIFA, mercado, plantilla y fase exacta quedan vacios si no hay fuente real conectada."
19860604_Paraguay_vs_Iraq,1986-06-04,FIFA World Cup,unknown_stage_from_source,Paraguay,Iraq,1,0,1,,1643.298,1680.736,,,,,,,,0.460264,,Toluca,Mexico,martj42/international_results,https://github.com/martj42/international_results,"Resultados oficiales publicos; Elo e historial usan solo partidos previos. Ranking FIFA, mercado, plantilla y fase exacta quedan vacios si no hay fuente real conectada."
19860604_Scotland_vs_Denmark,1986-06-04,FIFA World Cup,unknown_stage_from_source,Scotland,Denmark,0,1,1,,1700.977,1688.465,,,,,,,,0.334405,0.408889,Nezahualcóyotl,Mexico,martj42/international_results,https://github.com/martj42/international_results,"Resultados oficiales publicos; Elo e historial usan solo partidos previos. Ranking FIFA, mercado, plantilla y fase exacta quedan vacios si no hay fuente real conectada."
19860604_Uruguay_vs_Germany,1986-06-04,FIFA World Cup,unknown_stage_from_source,Uruguay,Germany,1,1,1,,1708.145,1784.962,,,,,,,,0.656176,0.664949,Querétaro,Mexico,martj42/international_results,https://github.com/martj42/international_results,"Resultados oficiales publicos; Elo e historial usan solo partidos previos. Ranking FIFA, mercado, plantilla y fase exacta quedan vacios si no hay fuente real conectada."
19860605_France_vs_Russia,1986-06-05,FIFA World Cup,unknown_stage_from_source,France,Russia,1,1,1,,1834.116,1804.712,,,,,,,,0.533571,0.589394,León,Mexico,martj42/international_results,https://github.com/martj42/international_results,"Resultados oficiales publicos; Elo e historial usan solo partidos previos. Ranking FIFA, mercado, plantilla y fase exacta quedan vacios si no hay fuente real conectada."
19860605_Italy_vs_Argentina,1986-06-05,FIFA World Cup,unknown_stage_from_source,Italy,Argentina,1,1,1,,1722.630,1728.224,,,,,,,,0.615784,0.720406,Puebla,Mexico,martj42/international_results,https://github.com/martj42/international_results,"Resultados oficiales publicos; Elo e historial usan solo partidos previos. Ranking FIFA, mercado, plantilla y fase exacta quedan vacios si no hay fuente real conectada."
19860605_South_Korea_vs_Bulgaria,1986-06-05,FIFA World Cup,unknown_stage_from_source,South Korea,Bulgaria,1,1,1,,1697.174,1631.379,,,,,,,,0.000000,0.125897,Mexico City,Mexico,martj42/international_results,https://github.com/martj42/international_results,"Resultados oficiales publicos; Elo e historial usan solo partidos previos. Ranking FIFA, mercado, plantilla y fase exacta quedan vacios si no hay fuente real conectada."
19860606_Brazil_vs_Algeria,1986-06-06,FIFA World Cup,unknown_stage_from_source,Brazil,Algeria,1,0,1,,1785.724,1675.045,,,,,,,,0.654152,0.568333,Guadalajara,Mexico,martj42/international_results,https://github.com/martj42/international_results,"Resultados oficiales publicos; Elo e historial usan solo partidos previos. Ranking FIFA, mercado, plantilla y fase exacta quedan vacios si no hay fuente real conectada."
19860606_England_vs_Morocco,1986-06-06,FIFA World Cup,unknown_stage_from_source,England,Morocco,0,0,1,,1755.316,1662.981,,,,,,,,0.525857,0.181667,Monterrey,Mexico,martj42/international_results,https://github.com/martj42/international_results,"Resultados oficiales publicos; Elo e historial usan solo partidos previos. Ranking FIFA, mercado, plantilla y fase exacta quedan vacios si no hay fuente real conectada."
19860606_Hungary_vs_Canada,1986-06-06,FIFA World Cup,unknown_stage_from_source,Hungary,Canada,2,0,1,,1681.029,1560.360,,,,,,,,0.515588,0.045000,Irapuato,Mexico,martj42/international_results,https://github.com/martj42/international_results,"Resultados oficiales publicos; Elo e historial usan solo partidos previos. Ranking FIFA, mercado, plantilla y fase exacta quedan vacios si no hay fuente real conectada."
19860607_Mexico_vs_Paraguay,1986-06-07,FIFA World Cup,unknown_stage_from_source,Mexico,Paraguay,1,1,0,,1730.182,1666.552,,,,,,,,0.192933,0.464353,Mexico City,Mexico,martj42/international_results,https://github.com/martj42/international_results,"Resultados oficiales publicos; Elo e historial usan solo partidos previos. Ranking FIFA, mercado, plantilla y fase exacta quedan vacios si no hay fuente real conectada."
19860607_Northern_Ireland_vs_Spain,1986-06-07,FIFA World Cup,unknown_stage_from_source,Northern Ireland,Spain,1,2,1,,1661.625,1707.231,,,,,,,,0.413333,0.419706,Guadalajara,Mexico,martj42/international_results,https://github.com/martj42/international_results,"Resultados oficiales publicos; Elo e historial usan solo partidos previos. Ranking FIFA, mercado, plantilla y fase exacta quedan vacios si no hay fuente real conectada."
19860607_Poland_vs_Portugal,1986-06-07,FIFA World Cup,unknown_stage_from_source,Poland,Portugal,1,0,1,,1672.208,1689.321,,,,,,,,0.632121,0.702424,Monterrey,Mexico,martj42/international_results,https://github.com/martj42/international_results,"Resultados oficiales publicos; Elo e historial usan solo partidos previos. Ranking FIFA, mercado, plantilla y fase exacta quedan vacios si no hay fuente real conectada."
19860608_Denmark_vs_Uruguay,1986-06-08,FIFA World Cup,unknown_stage_from_source,Denmark,Uruguay,6,1,1,,1710.221,1712.714,,,,,,,,0.486905,0.654390,Nezahualcóyotl,Mexico,martj42/international_results,https://github.com/martj42/international_results,"Resultados oficiales publicos; Elo e historial usan solo partidos previos. Ranking FIFA, mercado, plantilla y fase exacta quedan vacios si no hay fuente real conectada."
19860608_Germany_vs_Scotland,1986-06-08,FIFA World Cup,unknown_stage_from_source,Germany,Scotland,2,1,1,,1780.394,1679.221,,,,,,,,0.660379,0.315111,Querétaro,Mexico,martj42/international_results,https://github.com/martj42/international_results,"Resultados oficiales publicos; Elo e historial usan solo partidos previos. Ranking FIFA, mercado, plantilla y fase exacta quedan vacios si no hay fuente real conectada."
19860608_Iraq_vs_Belgium,1986-06-08,FIFA World Cup,unknown_stage_from_source,Iraq,Belgium,1,2,1,,1657.482,1656.606,,,,,,,,0.045000,0.303056,Toluca,Mexico,martj42/international_results,https://github.com/martj42/international_results,"Resultados oficiales publicos; Elo e historial usan solo partidos previos. Ranking FIFA, mercado, plantilla y fase exacta quedan vacios si no hay fuente real conectada."
19860609_Hungary_vs_France,1986-06-09,FIFA World Cup,unknown_stage_from_source,Hungary,France,0,3,1,,1695.595,1832.343,,,,,,,,0.529429,0.528843,León,Mexico,martj42/international_results,https://github.com/martj42/international_results,"Resultados oficiales publicos; Elo e historial usan solo partidos previos. Ranking FIFA, mercado, plantilla y fase exacta quedan vacios si no hay fuente real conectada."
19860609_Russia_vs_Canada,1986-06-09,FIFA World Cup,unknown_stage_from_source,Russia,Canada,2,0,1,,1806.485,1545.794,,,,,,,,0.582745,0.022500,Irapuato,Mexico,martj42/international_results,https://github.com/martj42/international_results,"Resultados oficiales publicos; Elo e historial usan solo partidos previos. Ranking FIFA, mercado, plantilla y fase exacta quedan vacios si no hay fuente real conectada."
19860610_Argentina_vs_Bulgaria,1986-06-10,FIFA World Cup,unknown_stage_from_source,Argentina,Bulgaria,2,0,1,,1727.886,1635.309,,,,,,,,0.718188,0.142857,Mexico City,Mexico,martj42/international_results,https://github.com/martj42/international_results,"Resultados oficiales publicos; Elo e historial usan solo partidos previos. Ranking FIFA, mercado, plantilla y fase exacta quedan vacios si no hay fuente real conectada."
19860610_South_Korea_vs_Italy,1986-06-10,FIFA World Cup,unknown_stage_from_source,South Korea,Italy,2,3,1,,1693.244,1722.968,,,,,,,,0.000000,0.610929,Puebla,Mexico,martj42/international_results,https://github.com/martj42/international_results,"Resultados oficiales publicos; Elo e historial usan solo partidos previos. Ranking FIFA, mercado, plantilla y fase exacta quedan vacios si no hay fuente real conectada."
19860611_England_vs_Poland,1986-06-11,FIFA World Cup,unknown_stage_from_source,England,Poland,3,0,1,,1749.863,1694.241,,,,,,,,0.521343,0.646159,Monterrey,Mexico,martj42/international_results,https://github.com/martj42/international_results,"Resultados oficiales publicos; Elo e historial usan solo partidos previos. Ranking FIFA, mercado, plantilla y fase exacta quedan vacios si no hay fuente real conectada."
19860611_Mexico_vs_Iraq,1986-06-11,FIFA World Cup,unknown_stage_from_source,Mexico,Iraq,1,0,0,,1726.379,1636.429,,,,,,,,0.199487,0.045000,Mexico City,Mexico,martj42/international_results,https://github.com/martj42/international_results,"Resultados oficiales publicos; Elo e historial usan solo partidos previos. Ranking FIFA, mercado, plantilla y fase exacta quedan vacios si no hay fuente real conectada."
19860611_Paraguay_vs_Belgium,1986-06-11,FIFA World Cup,unknown_stage_from_source,Paraguay,Belgium,2,2,1,,1670.355,1677.659,,,,,,,,0.463525,0.329133,Toluca,Mexico,martj42/international_results,https://github.com/martj42/international_results,"Resultados oficiales publicos; Elo e historial usan solo partidos previos. Ranking FIFA, mercado, plantilla y fase exacta quedan vacios si no hay fuente real conectada."
19860611_Portugal_vs_Morocco,1986-06-11,FIFA World Cup,unknown_stage_from_source,Portugal,Morocco,1,3,1,,1667.287,1668.434,,,,,,,,0.647639,0.218000,Guadalajara,Mexico,martj42/international_results,https://github.com/martj42/international_results,"Resultados oficiales publicos; Elo e historial usan solo partidos previos. Ranking FIFA, mercado, plantilla y fase exacta quedan vacios si no hay fuente real conectada."
19860612_Algeria_vs_Spain,1986-06-12,FIFA World Cup,unknown_stage_from_source,Algeria,Spain,0,3,1,,1660.517,1725.491,,,,,,,,0.463667,0.435000,Monterrey,Mexico,martj42/international_results,https://github.com/martj42/international_results,"Resultados oficiales publicos; Elo e historial usan solo partidos previos. Ranking FIFA, mercado, plantilla y fase exacta quedan vacios si no hay fuente real conectada."
19860612_Northern_Ireland_vs_Brazil,1986-06-12,FIFA World Cup,unknown_stage_from_source,Northern Ireland,Brazil,0,3,1,,1643.365,1800.252,,,,,,,,0.382639,0.655901,Guadalajara,Mexico,martj42/international_results,https://github.com/martj42/international_results,"Resultados oficiales publicos; Elo e historial usan solo partidos previos. Ranking FIFA, mercado, plantilla y fase exacta quedan vacios si no hay fuente real conectada."
19860613_Denmark_vs_Germany,1986-06-13,FIFA World Cup,unknown_stage_from_source,Denmark,Germany,2,0,1,,1748.075,1795.446,,,,,,,,0.567917,0.664776,Querétaro,Mexico,martj42/international_results,https://github.com/martj42/international_results,"Resultados oficiales publicos; Elo e historial usan solo partidos previos. Ranking FIFA, mercado, plantilla y fase exacta quedan vacios si no hay fuente real conectada."
19860613_Scotland_vs_Uruguay,1986-06-13,FIFA World Cup,unknown_stage_from_source,Scotland,Uruguay,0,0,1,,1664.169,1674.860,,,,,,,,0.298229,0.649606,Nezahualcóyotl,Mexico,martj42/international_results,https://github.com/martj42/international_results,"Resultados oficiales publicos; Elo e historial usan solo partidos previos. Ranking FIFA, mercado, plantilla y fase exacta quedan vacios si no hay fuente real conectada."
19860615_Mexico_vs_Bulgaria,1986-06-15,FIFA World Cup,unknown_stage_from_source,Mexico,Bulgaria,2,0,0,,1742.060,1618.933,,,,,,,,0.227469,0.133333,Mexico City,Mexico,martj42/international_results,https://github.com/martj42/international_results,"Resultados oficiales publicos; Elo e historial usan solo partidos previos. Ranking FIFA, mercado, plantilla y fase exacta quedan vacios si no hay fuente real conectada."
19860615_Russia_vs_Belgium,1986-06-15,FIFA World Cup,unknown_stage_from_source,Russia,Belgium,3,4,1,,1814.007,1677.218,,,,,,,,0.594667,0.330449,León,Mexico,martj42/international_results,https://github.com/martj42/international_results,"Resultados oficiales publicos; Elo e historial usan solo partidos previos. Ranking FIFA, mercado, plantilla y fase exacta quedan vacios si no hay fuente real conectada."
19860616_Argentina_vs_Uruguay,1986-06-16,FIFA World Cup,unknown_stage_from_source,Argentina,Uruguay,1,0,1,,1744.262,1674.214,,,,,,,,0.719928,0.647882,Puebla,Mexico,martj42/international_results,https://github.com/martj42/international_results,"Resultados oficiales publicos; Elo e historial usan solo partidos previos. Ranking FIFA, mercado, plantilla y fase exacta quedan vacios si no hay fuente real conectada."
19860616_Brazil_vs_Poland,1986-06-16,FIFA World Cup,unknown_stage_from_source,Brazil,Poland,4,0,1,,1815.927,1670.354,,,,,,,,0.658150,0.617361,Guadalajara,Mexico,martj42/international_results,https://github.com/martj42/international_results,"Resultados oficiales publicos; Elo e historial usan solo partidos previos. Ranking FIFA, mercado, plantilla y fase exacta quedan vacios si no hay fuente real conectada."
19860617_Italy_vs_France,1986-06-17,FIFA World Cup,unknown_stage_from_source,Italy,France,0,2,1,,1742.176,1849.488,,,,,,,,0.617421,0.542793,Mexico City,Mexico,martj42/international_results,https://github.com/martj42/international_results,"Resultados oficiales publicos; Elo e historial usan solo partidos previos. Ranking FIFA, mercado, plantilla y fase exacta quedan vacios si no hay fuente real conectada."
19860617_Morocco_vs_Germany,1986-06-17,FIFA World Cup,unknown_stage_from_source,Morocco,Germany,0,1,1,,1691.417,1769.801,,,,,,,,0.348333,0.655000,Monterrey,Mexico,martj42/international_results,https://github.com/martj42/international_results,"Resultados oficiales publicos; Elo e historial usan solo partidos previos. Ranking FIFA, mercado, plantilla y fase exacta quedan vacios si no hay fuente real conectada."
19860618_Denmark_vs_Spain,1986-06-18,FIFA World Cup,unknown_stage_from_source,Denmark,Spain,1,5,1,,1773.720,1748.540,,,,,,,,0.615926,0.451944,Querétaro,Mexico,martj42/international_results,https://github.com/martj42/international_results,"Resultados oficiales publicos; Elo e historial usan solo partidos previos. Ranking FIFA, mercado, plantilla y fase exacta quedan vacios si no hay fuente real conectada."
19860618_England_vs_Paraguay,1986-06-18,FIFA World Cup,unknown_stage_from_source,England,Paraguay,3,0,1,,1773.750,1670.797,,,,,,,,0.535495,0.462710,Mexico City,Mexico,martj42/international_results,https://github.com/martj42/international_results,"Resultados oficiales publicos; Elo e historial usan solo partidos previos. Ranking FIFA, mercado, plantilla y fase exacta quedan vacios si no hay fuente real conectada."
19860621_Brazil_vs_France,1986-06-21,FIFA World Cup,unknown_stage_from_source,Brazil,France,1,1,1,,1835.071,1864.900,,,,,,,,0.660632,0.554825,Guadalajara,Mexico,martj42/international_results,https://github.com/martj42/international_results,"Resultados oficiales publicos; Elo e historial usan solo partidos previos. Ranking FIFA, mercado, plantilla y fase exacta quedan vacios si no hay fuente real conectada."
19860621_Mexico_vs_Germany,1986-06-21,FIFA World Cup,unknown_stage_from_source,Mexico,Germany,0,0,0,,1756.474,1786.142,,,,,,,,0.255060,0.659348,Monterrey,Mexico,martj42/international_results,https://github.com/martj42/international_results,"Resultados oficiales publicos; Elo e historial usan solo partidos previos. Ranking FIFA, mercado, plantilla y fase exacta quedan vacios si no hay fuente real conectada."
19860622_Argentina_vs_England,1986-06-22,FIFA World Cup,unknown_stage_from_source,Argentina,England,2,1,1,,1761.084,1793.553,,,,,,,,0.721370,0.548904,Mexico City,Mexico,martj42/international_results,https://github.com/martj42/international_results,"Resultados oficiales publicos; Elo e historial usan solo partidos previos. Ranking FIFA, mercado, plantilla y fase exacta quedan vacios si no hay fuente real conectada."
19860622_Spain_vs_Belgium,1986-06-22,FIFA World Cup,unknown_stage_from_source,Spain,Belgium,1,1,1,,1784.374,1706.084,,,,,,,,0.469189,0.353580,Puebla,Mexico,martj42/international_results,https://github.com/martj42/international_results,"Resultados oficiales publicos; Elo e historial usan solo partidos previos. Ranking FIFA, mercado, plantilla y fase exacta quedan vacios si no hay fuente real conectada."
19860625_Argentina_vs_Belgium,1986-06-25,FIFA World Cup,unknown_stage_from_source,Argentina,Belgium,2,0,1,,1784.041,1710.737,,,,,,,,0.722795,0.353929,Mexico City,Mexico,martj42/international_results,https://github.com/martj42/international_results,"Resultados oficiales publicos; Elo e historial usan solo partidos previos. Ranking FIFA, mercado, plantilla y fase exacta quedan vacios si no hay fuente real conectada."
19860625_France_vs_Germany,1986-06-25,FIFA World Cup,unknown_stage_from_source,France,Germany,0,2,1,,1863.101,1784.353,,,,,,,,0.549915,0.655119,Guadalajara,Mexico,martj42/international_results,https://github.com/martj42/international_results,"Resultados oficiales publicos; Elo e historial usan solo partidos previos. Ranking FIFA, mercado, plantilla y fase exacta quedan vacios si no hay fuente real conectada."
19860628_France_vs_Belgium,1986-06-28,FIFA World Cup,unknown_stage_from_source,France,Belgium,4,2,1,,1835.864,1693.052,,,,,,,,0.536167,0.341724,Puebla,Mexico,martj42/international_results,https://github.com/martj42/international_results,"Resultados oficiales publicos; Elo e historial usan solo partidos previos. Ranking FIFA, mercado, plantilla y fase exacta quedan vacios si no hay fuente real conectada."
19860629_Argentina_vs_Germany,1986-06-29,FIFA World Cup,unknown_stage_from_source,Argentina,Germany,3,2,1,,1801.726,1811.590,,,,,,,,0.724475,0.659977,Mexico City,Mexico,martj42/international_results,https://github.com/martj42/international_results,"Resultados oficiales publicos; Elo e historial usan solo partidos previos. Ranking FIFA, mercado, plantilla y fase exacta quedan vacios si no hay fuente real conectada."
19870627_Argentina_vs_Peru,1987-06-27,Copa América,unknown_stage_from_source,Argentina,Peru,1,1,0,,1806.774,1559.685,,,,,,,,0.725863,0.433040,Buenos Aires,Argentina,martj42/international_results,https://github.com/martj42/international_results,"Resultados oficiales publicos; Elo e historial usan solo partidos previos. Ranking FIFA, mercado, plantilla y fase exacta quedan vacios si no hay fuente real conectada."
19870628_Brazil_vs_Venezuela,1987-06-28,Copa América,unknown_stage_from_source,Brazil,Venezuela,5,0,1,,1836.481,1282.637,,,,,,,,0.658933,0.043529,Córdoba,Argentina,martj42/international_results,https://github.com/martj42/international_results,"Resultados oficiales publicos; Elo e historial usan solo partidos previos. Ranking FIFA, mercado, plantilla y fase exacta quedan vacios si no hay fuente real conectada."
19870628_Paraguay_vs_Bolivia,1987-06-28,Copa América,unknown_stage_from_source,Paraguay,Bolivia,0,0,1,,1662.170,1420.657,,,,,,,,0.458616,0.186238,Rosario,Argentina,martj42/international_results,https://github.com/martj42/international_results,"Resultados oficiales publicos; Elo e historial usan solo partidos previos. Ranking FIFA, mercado, plantilla y fase exacta quedan vacios si no hay fuente real conectada."
19870630_Venezuela_vs_Chile,1987-06-30,Copa América,unknown_stage_from_source,Venezuela,Chile,1,3,1,,1280.256,1636.365,,,,,,,,0.033611,0.391619,Córdoba,Argentina,martj42/international_results,https://github.com/martj42/international_results,"Resultados oficiales publicos; Elo e historial usan solo partidos previos. Ranking FIFA, mercado, plantilla y fase exacta quedan vacios si no hay fuente real conectada."
19870701_Bolivia_vs_Colombia,1987-07-01,Copa América,unknown_stage_from_source,Bolivia,Colombia,0,2,1,,1433.283,1520.083,,,,,,,,0.188732,0.266891,Rosario,Argentina,martj42/international_results,https://github.com/martj42/international_results,"Resultados oficiales publicos; Elo e historial usan solo partidos previos. Ranking FIFA, mercado, plantilla y fase exacta quedan vacios si no hay fuente real conectada."
19870702_Argentina_vs_Ecuador,1987-07-02,Copa América,unknown_stage_from_source,Argentina,Ecuador,3,0,0,,1793.935,1400.740,,,,,,,,0.723693,0.075114,Buenos Aires,Argentina,martj42/international_results,https://github.com/martj42/international_results,"Resultados oficiales publicos; Elo e historial usan solo partidos previos. Ranking FIFA, mercado, plantilla y fase exacta quedan vacios si no hay fuente real conectada."
19870703_Chile_vs_Brazil,1987-07-03,Copa América,unknown_stage_from_source,Chile,Brazil,4,0,1,,1640.894,1838.863,,,,,,,,0.395904,0.661638,Córdoba,Argentina,martj42/international_results,https://github.com/martj42/international_results,"Resultados oficiales publicos; Elo e historial usan solo partidos previos. Ranking FIFA, mercado, plantilla y fase exacta quedan vacios si no hay fuente real conectada."
19870704_Peru_vs_Ecuador,1987-07-04,Copa América,unknown_stage_from_source,Peru,Ecuador,1,1,1,,1572.525,1396.087,,,,,,,,0.432401,0.073491,Buenos Aires,Argentina,martj42/international_results,https://github.com/martj42/international_results,"Resultados oficiales publicos; Elo e historial usan solo partidos previos. Ranking FIFA, mercado, plantilla y fase exacta quedan vacios si no hay fuente real conectada."
19870705_Colombia_vs_Paraguay,1987-07-05,Copa América,unknown_stage_from_source,Colombia,Paraguay,3,0,1,,1536.846,1649.543,,,,,,,,0.280723,0.457853,Rosario,Argentina,martj42/international_results,https://github.com/martj42/international_results,"Resultados oficiales publicos; Elo e historial usan solo partidos previos. Ranking FIFA, mercado, plantilla y fase exacta quedan vacios si no hay fuente real conectada."
19870708_Chile_vs_Colombia,1987-07-08,Copa América,unknown_stage_from_source,Chile,Colombia,2,1,1,,1687.878,1573.220,,,,,,,,0.400758,0.294877,Córdoba,Argentina,martj42/international_results,https://github.com/martj42/international_results,"Resultados oficiales publicos; Elo e historial usan solo partidos previos. Ranking FIFA, mercado, plantilla y fase exacta quedan vacios si no hay fuente real conectada."
19870709_Argentina_vs_Uruguay,1987-07-09,Copa América,unknown_stage_from_source,Argentina,Uruguay,0,1,0,,1798.588,1662.104,,,,,,,,0.725605,0.644271,Buenos Aires,Argentina,martj42/international_results,https://github.com/martj42/international_results,"Resultados oficiales publicos; Elo e historial usan solo partidos previos. Ranking FIFA, mercado, plantilla y fase exacta quedan vacios si no hay fuente real conectada."
19870711_Argentina_vs_Colombia,1987-07-11,Copa América,unknown_stage_from_source,Argentina,Colombia,1,2,0,,1769.738,1558.909,,,,,,,,0.721578,0.290333,Buenos Aires,Argentina,martj42/international_results,https://github.com/martj42/international_results,"Resultados oficiales publicos; Elo e historial usan solo partidos previos. Ranking FIFA, mercado, plantilla y fase exacta quedan vacios si no hay fuente real conectada."
19870712_Chile_vs_Uruguay,1987-07-12,Copa América,unknown_stage_from_source,Chile,Uruguay,0,1,1,,1702.189,1690.953,,,,,,,,0.404606,0.646121,Buenos Aires,Argentina,martj42/international_results,https://github.com/martj42/international_results,"Resultados oficiales publicos; Elo e historial usan solo partidos previos. Ranking FIFA, mercado, plantilla y fase exacta quedan vacios si no hay fuente real conectada."
19880610_Germany_vs_Italy,1988-06-10,UEFA Euro,unknown_stage_from_source,Germany,Italy,1,1,0,,1798.589,1764.464,,,,,,,,0.651435,0.605988,Düsseldorf,Germany,martj42/international_results,https://github.com/martj42/international_results,"Resultados oficiales publicos; Elo e historial usan solo partidos previos. Ranking FIFA, mercado, plantilla y fase exacta quedan vacios si no hay fuente real conectada."
19880611_Denmark_vs_Spain,1988-06-11,UEFA Euro,unknown_stage_from_source,Denmark,Spain,2,3,1,,1713.408,1758.613,,,,,,,,0.545333,0.466404,Hanover,Germany,martj42/international_results,https://github.com/martj42/international_results,"Resultados oficiales publicos; Elo e historial usan solo partidos previos. Ranking FIFA, mercado, plantilla y fase exacta quedan vacios si no hay fuente real conectada."
19880612_England_vs_Republic_of_Ireland,1988-06-12,UEFA Euro,unknown_stage_from_source,England,Republic of Ireland,0,1,1,,1795.488,1646.539,,,,,,,,0.535983,,Stuttgart,Germany,martj42/international_results,https://github.com/martj42/international_results,"Resultados oficiales publicos; Elo e historial usan solo partidos previos. Ranking FIFA, mercado, plantilla y fase exacta quedan vacios si no hay fuente real conectada."
19880612_Netherlands_vs_Russia,1988-06-12,UEFA Euro,unknown_stage_from_source,Netherlands,Russia,0,1,1,,1760.801,1785.410,,,,,,,,0.558254,0.579398,Cologne,Germany,martj42/international_results,https://github.com/martj42/international_results,"Resultados oficiales publicos; Elo e historial usan solo partidos previos. Ranking FIFA, mercado, plantilla y fase exacta quedan vacios si no hay fuente real conectada."
19880614_Germany_vs_Denmark,1988-06-14,UEFA Euro,unknown_stage_from_source,Germany,Denmark,2,0,0,,1796.533,1695.125,,,,,,,,0.647489,0.499848,Gelsenkirchen,Germany,martj42/international_results,https://github.com/martj42/international_results,"Resultados oficiales publicos; Elo e historial usan solo partidos previos. Ranking FIFA, mercado, plantilla y fase exacta quedan vacios si no hay fuente real conectada."
19880614_Italy_vs_Spain,1988-06-14,UEFA Euro,unknown_stage_from_source,Italy,Spain,1,0,1,,1766.520,1776.896,,,,,,,,0.601576,0.478932,Frankfurt am Main,Germany,martj42/international_results,https://github.com/martj42/international_results,"Resultados oficiales publicos; Elo e historial usan solo partidos previos. Ranking FIFA, mercado, plantilla y fase exacta quedan vacios si no hay fuente real conectada."
19880615_England_vs_Netherlands,1988-06-15,UEFA Euro,unknown_stage_from_source,England,Netherlands,1,3,1,,1765.999,1741.286,,,,,,,,0.523708,0.534924,Düsseldorf,Germany,martj42/international_results,https://github.com/martj42/international_results,"Resultados oficiales publicos; Elo e historial usan solo partidos previos. Ranking FIFA, mercado, plantilla y fase exacta quedan vacios si no hay fuente real conectada."
19880615_Republic_of_Ireland_vs_Russia,1988-06-15,UEFA Euro,unknown_stage_from_source,Republic of Ireland,Russia,1,1,1,,1676.028,1804.925,,,,,,,,0.955000,0.589550,Hanover,Germany,martj42/international_results,https://github.com/martj42/international_results,"Resultados oficiales publicos; Elo e historial usan solo partidos previos. Ranking FIFA, mercado, plantilla y fase exacta quedan vacios si no hay fuente real conectada."
19880617_Germany_vs_Spain,1988-06-17,UEFA Euro,unknown_stage_from_source,Germany,Spain,2,0,0,,1812.327,1755.269,,,,,,,,0.652252,0.468083,Munich,Germany,martj42/international_results,https://github.com/martj42/international_results,"Resultados oficiales publicos; Elo e historial usan solo partidos previos. Ranking FIFA, mercado, plantilla y fase exacta quedan vacios si no hay fuente real conectada."
19880617_Italy_vs_Denmark,1988-06-17,UEFA Euro,unknown_stage_from_source,Italy,Denmark,2,0,1,,1788.147,1679.331,,,,,,,,0.607887,0.458194,Cologne,Germany,martj42/international_results,https://github.com/martj42/international_results,"Resultados oficiales publicos; Elo e historial usan solo partidos previos. Ranking FIFA, mercado, plantilla y fase exacta quedan vacios si no hay fuente real conectada."
19880618_England_vs_Russia,1988-06-18,UEFA Euro,unknown_stage_from_source,England,Russia,1,3,1,,1741.564,1797.473,,,,,,,,0.510935,0.583596,Frankfurt am Main,Germany,martj42/international_results,https://github.com/martj42/international_results,"Resultados oficiales publicos; Elo e historial usan solo partidos previos. Ranking FIFA, mercado, plantilla y fase exacta quedan vacios si no hay fuente real conectada."
19880618_Republic_of_Ireland_vs_Netherlands,1988-06-18,UEFA Euro,unknown_stage_from_source,Republic of Ireland,Netherlands,0,1,1,,1683.480,1765.720,,,,,,,,0.659167,0.555145,Gelsenkirchen,Germany,martj42/international_results,https://github.com/martj42/international_results,"Resultados oficiales publicos; Elo e historial usan solo partidos previos. Ranking FIFA, mercado, plantilla y fase exacta quedan vacios si no hay fuente real conectada."
19880621_Germany_vs_Netherlands,1988-06-21,UEFA Euro,unknown_stage_from_source,Germany,Netherlands,1,2,0,,1831.154,1781.840,,,,,,,,0.656889,0.571806,Hamburg,Germany,martj42/international_results,https://github.com/martj42/international_results,"Resultados oficiales publicos; Elo e historial usan solo partidos previos. Ranking FIFA, mercado, plantilla y fase exacta quedan vacios si no hay fuente real conectada."
19880622_Russia_vs_Italy,1988-06-22,UEFA Euro,unknown_stage_from_source,Russia,Italy,2,0,1,,1816.383,1803.462,,,,,,,,0.594274,0.614766,Stuttgart,Germany,martj42/international_results,https://github.com/martj42/international_results,"Resultados oficiales publicos; Elo e historial usan solo partidos previos. Ranking FIFA, mercado, plantilla y fase exacta quedan vacios si no hay fuente real conectada."
19880625_Russia_vs_Netherlands,1988-06-25,UEFA Euro,unknown_stage_from_source,Russia,Netherlands,0,2,1,,1838.466,1805.801,,,,,,,,0.604417,0.587133,Munich,Germany,martj42/international_results,https://github.com/martj42/international_results,"Resultados oficiales publicos; Elo e historial usan solo partidos previos. Ranking FIFA, mercado, plantilla y fase exacta quedan vacios si no hay fuente real conectada."
19890701_Brazil_vs_Venezuela,1989-07-01,Copa América,unknown_stage_from_source,Brazil,Venezuela,3,1,0,,1788.490,1289.014,,,,,,,,0.657392,0.031842,Salvador,Brazil,martj42/international_results,https://github.com/martj42/international_results,"Resultados oficiales publicos; Elo e historial usan solo partidos previos. Ranking FIFA, mercado, plantilla y fase exacta quedan vacios si no hay fuente real conectada."
19890701_Paraguay_vs_Peru,1989-07-01,Copa América,unknown_stage_from_source,Paraguay,Peru,5,2,1,,1640.693,1516.023,,,,,,,,0.453862,0.431773,Salvador,Brazil,martj42/international_results,https://github.com/martj42/international_results,"Resultados oficiales publicos; Elo e historial usan solo partidos previos. Ranking FIFA, mercado, plantilla y fase exacta quedan vacios si no hay fuente real conectada."
19890702_Argentina_vs_Chile,1989-07-02,Copa América,unknown_stage_from_source,Argentina,Chile,1,0,1,,1706.157,1631.730,,,,,,,,0.717598,0.402126,Goiânia,Brazil,martj42/international_results,https://github.com/martj42/international_results,"Resultados oficiales publicos; Elo e historial usan solo partidos previos. Ranking FIFA, mercado, plantilla y fase exacta quedan vacios si no hay fuente real conectada."
19890702_Uruguay_vs_Ecuador,1989-07-02,Copa América,unknown_stage_from_source,Uruguay,Ecuador,0,1,1,,1705.898,1436.515,,,,,,,,0.647949,0.077356,Goiânia,Brazil,martj42/international_results,https://github.com/martj42/international_results,"Resultados oficiales publicos; Elo e historial usan solo partidos previos. Ranking FIFA, mercado, plantilla y fase exacta quedan vacios si no hay fuente real conectada."
19890703_Brazil_vs_Peru,1989-07-03,Copa América,unknown_stage_from_source,Brazil,Peru,0,0,0,,1790.498,1497.955,,,,,,,,0.659316,0.427477,Salvador,Brazil,martj42/international_results,https://github.com/martj42/international_results,"Resultados oficiales publicos; Elo e historial usan solo partidos previos. Ranking FIFA, mercado, plantilla y fase exacta quedan vacios si no hay fuente real conectada."
19890703_Venezuela_vs_Colombia,1989-07-03,Copa América,unknown_stage_from_source,Venezuela,Colombia,2,4,1,,1287.007,1644.046,,,,,,,,0.030250,0.302202,Salvador,Brazil,martj42/international_results,https://github.com/martj42/international_results,"Resultados oficiales publicos; Elo e historial usan solo partidos previos. Ranking FIFA, mercado, plantilla y fase exacta quedan vacios si no hay fuente real conectada."
19890704_Argentina_vs_Ecuador,1989-07-04,Copa América,unknown_stage_from_source,Argentina,Ecuador,0,0,1,,1722.726,1471.166,,,,,,,,0.718986,0.088904,Goiânia,Brazil,martj42/international_results,https://github.com/martj42/international_results,"Resultados oficiales publicos; Elo e historial usan solo partidos previos. Ranking FIFA, mercado, plantilla y fase exacta quedan vacios si no hay fuente real conectada."
19890704_Uruguay_vs_Bolivia,1989-07-04,Copa América,unknown_stage_from_source,Uruguay,Bolivia,3,0,1,,1671.248,1419.638,,,,,,,,0.644402,0.186111,Goiânia,Brazil,martj42/international_results,https://github.com/martj42/international_results,"Resultados oficiales publicos; Elo e historial usan solo partidos previos. Ranking FIFA, mercado, plantilla y fase exacta quedan vacios si no hay fuente real conectada."
19890705_Colombia_vs_Paraguay,1989-07-05,Copa América,unknown_stage_from_source,Colombia,Paraguay,0,1,1,,1648.553,1658.762,,,,,,,,0.314444,0.458517,Salvador,Brazil,martj42/international_results,https://github.com/martj42/international_results,"Resultados oficiales publicos; Elo e historial usan solo partidos previos. Ranking FIFA, mercado, plantilla y fase exacta quedan vacios si no hay fuente real conectada."
19890705_Peru_vs_Venezuela,1989-07-05,Copa América,unknown_stage_from_source,Peru,Venezuela,1,1,1,,1512.379,1282.500,,,,,,,,0.426905,0.028810,Salvador,Brazil,martj42/international_results,https://github.com/martj42/international_results,"Resultados oficiales publicos; Elo e historial usan solo partidos previos. Ranking FIFA, mercado, plantilla y fase exacta quedan vacios si no hay fuente real conectada."
19890706_Chile_vs_Uruguay,1989-07-06,Copa América,unknown_stage_from_source,Chile,Uruguay,0,3,1,,1615.161,1681.188,,,,,,,,0.399680,0.646745,Goiânia,Brazil,martj42/international_results,https://github.com/martj42/international_results,"Resultados oficiales publicos; Elo e historial usan solo partidos previos. Ranking FIFA, mercado, plantilla y fase exacta quedan vacios si no hay fuente real conectada."
19890706_Ecuador_vs_Bolivia,1989-07-06,Copa América,unknown_stage_from_source,Ecuador,Bolivia,0,0,1,,1484.173,1409.698,,,,,,,,0.092468,0.182945,Goiânia,Brazil,martj42/international_results,https://github.com/martj42/international_results,"Resultados oficiales publicos; Elo e historial usan solo partidos previos. Ranking FIFA, mercado, plantilla y fase exacta quedan vacios si no hay fuente real conectada."
19890707_Brazil_vs_Colombia,1989-07-07,Copa América,unknown_stage_from_source,Brazil,Colombia,0,0,0,,1776.073,1628.170,,,,,,,,0.657663,0.309799,Salvador,Brazil,martj42/international_results,https://github.com/martj42/international_results,"Resultados oficiales publicos; Elo e historial usan solo partidos previos. Ranking FIFA, mercado, plantilla y fase exacta quedan vacios si no hay fuente real conectada."
19890707_Paraguay_vs_Venezuela,1989-07-07,Copa América,unknown_stage_from_source,Paraguay,Venezuela,3,0,1,,1679.145,1294.669,,,,,,,,0.462396,0.044015,Salvador,Brazil,martj42/international_results,https://github.com/martj42/international_results,"Resultados oficiales publicos; Elo e historial usan solo partidos previos. Ranking FIFA, mercado, plantilla y fase exacta quedan vacios si no hay fuente real conectada."
19890708_Bolivia_vs_Chile,1989-07-08,Copa América,unknown_stage_from_source,Bolivia,Chile,0,5,1,,1414.132,1592.205,,,,,,,,0.185383,0.396655,Goiânia,Brazil,martj42/international_results,https://github.com/martj42/international_results,"Resultados oficiales publicos; Elo e historial usan solo partidos previos. Ranking FIFA, mercado, plantilla y fase exacta quedan vacios si no hay fuente real conectada."
19890708_Uruguay_vs_Argentina,1989-07-08,Copa América,unknown_stage_from_source,Uruguay,Argentina,0,1,1,,1704.145,1709.718,,,,,,,,0.649060,0.716919,Goiânia,Brazil,martj42/international_results,https://github.com/martj42/international_results,"Resultados oficiales publicos; Elo e historial usan solo partidos previos. Ranking FIFA, mercado, plantilla y fase exacta quedan vacios si no hay fuente real conectada."
19890709_Brazil_vs_Paraguay,1989-07-09,Copa América,unknown_stage_from_source,Brazil,Paraguay,2,0,0,,1767.637,1684.030,,,,,,,,0.656028,0.466912,Recife,Brazil,martj42/international_results,https://github.com/martj42/international_results,"Resultados oficiales publicos; Elo e historial usan solo partidos previos. Ranking FIFA, mercado, plantilla y fase exacta quedan vacios si no hay fuente real conectada."
19890709_Colombia_vs_Peru,1989-07-09,Copa América,unknown_stage_from_source,Colombia,Peru,1,1,1,,1636.606,1500.210,,,,,,,,0.310706,0.426342,Recife,Brazil,martj42/international_results,https://github.com/martj42/international_results,"Resultados oficiales publicos; Elo e historial usan solo partidos previos. Ranking FIFA, mercado, plantilla y fase exacta quedan vacios si no hay fuente real conectada."
19890710_Argentina_vs_Bolivia,1989-07-10,Copa América,unknown_stage_from_source,Argentina,Bolivia,0,0,1,,1730.381,1395.750,,,,,,,,0.718295,0.181111,Goiânia,Brazil,martj42/international_results,https://github.com/martj42/international_results,"Resultados oficiales publicos; Elo e historial usan solo partidos previos. Ranking FIFA, mercado, plantilla y fase exacta quedan vacios si no hay fuente real conectada."
19890710_Chile_vs_Ecuador,1989-07-10,Copa América,unknown_stage_from_source,Chile,Ecuador,2,1,1,,1610.587,1479.740,,,,,,,,0.401644,0.095940,Goiânia,Brazil,martj42/international_results,https://github.com/martj42/international_results,"Resultados oficiales publicos; Elo e historial usan solo partidos previos. Ranking FIFA, mercado, plantilla y fase exacta quedan vacios si no hay fuente real conectada."
19890712_Brazil_vs_Argentina,1989-07-12,Copa América,unknown_stage_from_source,Brazil,Argentina,2,0,0,,1784.616,1714.722,,,,,,,,0.657928,0.716255,Rio de Janeiro,Brazil,martj42/international_results,https://github.com/martj42/international_results,"Resultados oficiales publicos; Elo e historial usan solo partidos previos. Ranking FIFA, mercado, plantilla y fase exacta quedan vacios si no hay fuente real conectada."
19890712_Paraguay_vs_Uruguay,1989-07-12,Copa América,unknown_stage_from_source,Paraguay,Uruguay,0,3,1,,1667.051,1683.481,,,,,,,,0.463321,0.645568,Rio de Janeiro,Brazil,martj42/international_results,https://github.com/martj42/international_results,"Resultados oficiales publicos; Elo e historial usan solo partidos previos. Ranking FIFA, mercado, plantilla y fase exacta quedan vacios si no hay fuente real conectada."
19890714_Argentina_vs_Uruguay,1989-07-14,Copa América,unknown_stage_from_source,Argentina,Uruguay,0,2,1,,1696.800,1711.012,,,,,,,,0.712162,0.647864,Rio de Janeiro,Brazil,martj42/international_results,https://github.com/martj42/international_results,"Resultados oficiales publicos; Elo e historial usan solo partidos previos. Ranking FIFA, mercado, plantilla y fase exacta quedan vacios si no hay fuente real conectada."
19890714_Brazil_vs_Paraguay,1989-07-14,Copa América,unknown_stage_from_source,Brazil,Paraguay,3,0,0,,1802.538,1639.521,,,,,,,,0.659808,0.459440,Rio de Janeiro,Brazil,martj42/international_results,https://github.com/martj42/international_results,"Resultados oficiales publicos; Elo e historial usan solo partidos previos. Ranking FIFA, mercado, plantilla y fase exacta quedan vacios si no hay fuente real conectada."
19890716_Brazil_vs_Uruguay,1989-07-16,Copa América,unknown_stage_from_source,Brazil,Uruguay,1,0,0,,1817.782,1732.998,,,,,,,,0.661913,0.649876,Rio de Janeiro,Brazil,martj42/international_results,https://github.com/martj42/international_results,"Resultados oficiales publicos; Elo e historial usan solo partidos previos. Ranking FIFA, mercado, plantilla y fase exacta quedan vacios si no hay fuente real conectada."
19890716_Paraguay_vs_Argentina,1989-07-16,Copa América,unknown_stage_from_source,Paraguay,Argentina,0,0,1,,1624.276,1674.815,,,,,,,,0.455619,0.708116,Rio de Janeiro,Brazil,martj42/international_results,https://github.com/martj42/international_results,"Resultados oficiales publicos; Elo e historial usan solo partidos previos. Ranking FIFA, mercado, plantilla y fase exacta quedan vacios si no hay fuente real conectada."
19900608_Argentina_vs_Cameroon,1990-06-08,FIFA World Cup,unknown_stage_from_source,Argentina,Cameroon,0,1,1,,1665.271,1684.664,,,,,,,,0.706168,0.363333,Milan,Italy,martj42/international_results,https://github.com/martj42/international_results,"Resultados oficiales publicos; Elo e historial usan solo partidos previos. Ranking FIFA, mercado, plantilla y fase exacta quedan vacios si no hay fuente real conectada."
19900609_Italy_vs_Austria,1990-06-09,FIFA World Cup,unknown_stage_from_source,Italy,Austria,1,0,0,,1796.245,1634.539,,,,,,,,0.604167,0.502029,Rome,Italy,martj42/international_results,https://github.com/martj42/international_results,"Resultados oficiales publicos; Elo e historial usan solo partidos previos. Ranking FIFA, mercado, plantilla y fase exacta quedan vacios si no hay fuente real conectada."
19900609_Russia_vs_Romania,1990-06-09,FIFA World Cup,unknown_stage_from_source,Russia,Romania,0,2,1,,1774.107,1702.125,,,,,,,,0.589675,0.260152,Bari,Italy,martj42/international_results,https://github.com/martj42/international_results,"Resultados oficiales publicos; Elo e historial usan solo partidos previos. Ranking FIFA, mercado, plantilla y fase exacta quedan vacios si no hay fuente real conectada."
19900609_United_Arab_Emirates_vs_Colombia,1990-06-09,FIFA World Cup,unknown_stage_from_source,United Arab Emirates,Colombia,0,2,1,,1580.524,1640.788,,,,,,,,,0.311583,Bologna,Italy,martj42/international_results,https://github.com/martj42/international_results,"Resultados oficiales publicos; Elo e historial usan solo partidos previos. Ranking FIFA, mercado, plantilla y fase exacta quedan vacios si no hay fuente real conectada."
19900610_Brazil_vs_Sweden,1990-06-10,FIFA World Cup,unknown_stage_from_source,Brazil,Sweden,2,1,1,,1840.394,1743.958,,,,,,,,0.663505,0.473929,Turin,Italy,martj42/international_results,https://github.com/martj42/international_results,"Resultados oficiales publicos; Elo e historial usan solo partidos previos. Ranking FIFA, mercado, plantilla y fase exacta quedan vacios si no hay fuente real conectada."
19900610_Germany_vs_Yugoslavia,1990-06-10,FIFA World Cup,unknown_stage_from_source,Germany,Yugoslavia,4,1,1,,1823.521,1710.362,,,,,,,,0.648838,0.419693,Milan,Italy,martj42/international_results,https://github.com/martj42/international_results,"Resultados oficiales publicos; Elo e historial usan solo partidos previos. Ranking FIFA, mercado, plantilla y fase exacta quedan vacios si no hay fuente real conectada."
19900610_United_States_vs_Czechoslovakia,1990-06-10,FIFA World Cup,unknown_stage_from_source,United States,Czechoslovakia,1,5,1,,1542.675,1699.636,,,,,,,,0.383571,0.424141,Florence,Italy,martj42/international_results,https://github.com/martj42/international_results,"Resultados oficiales publicos; Elo e historial usan solo partidos previos. Ranking FIFA, mercado, plantilla y fase exacta quedan vacios si no hay fuente real conectada."
19900611_Costa_Rica_vs_Scotland,1990-06-11,FIFA World Cup,unknown_stage_from_source,Costa Rica,Scotland,1,0,1,,1570.241,1629.918,,,,,,,,,0.302059,Genoa,Italy,martj42/international_results,https://github.com/martj42/international_results,"Resultados oficiales publicos; Elo e historial usan solo partidos previos. Ranking FIFA, mercado, plantilla y fase exacta quedan vacios si no hay fuente real conectada."
19900611_England_vs_Republic_of_Ireland,1990-06-11,FIFA World Cup,unknown_stage_from_source,England,Republic of Ireland,1,1,1,,1763.490,1714.209,,,,,,,,0.498770,0.454444,Cagliari,Italy,martj42/international_results,https://github.com/martj42/international_results,"Resultados oficiales publicos; Elo e historial usan solo partidos previos. Ranking FIFA, mercado, plantilla y fase exacta quedan vacios si no hay fuente real conectada."
19900612_Belgium_vs_South_Korea,1990-06-12,FIFA World Cup,unknown_stage_from_source,Belgium,South Korea,2,0,1,,1699.240,1750.062,,,,,,,,0.330333,0.000000,Verona,Italy,martj42/international_results,https://github.com/martj42/international_results,"Resultados oficiales publicos; Elo e historial usan solo partidos previos. Ranking FIFA, mercado, plantilla y fase exacta quedan vacios si no hay fuente real conectada."
19900612_Netherlands_vs_Egypt,1990-06-12,FIFA World Cup,unknown_stage_from_source,Netherlands,Egypt,1,1,1,,1829.457,1656.033,,,,,,,,0.603013,0.000000,Palermo,Italy,martj42/international_results,https://github.com/martj42/international_results,"Resultados oficiales publicos; Elo e historial usan solo partidos previos. Ranking FIFA, mercado, plantilla y fase exacta quedan vacios si no hay fuente real conectada."
19900613_Argentina_vs_Russia,1990-06-13,FIFA World Cup,unknown_stage_from_source,Argentina,Russia,2,0,1,,1645.442,1747.204,,,,,,,,0.702453,0.575635,Naples,Italy,martj42/international_results,https://github.com/martj42/international_results,"Resultados oficiales publicos; Elo e historial usan solo partidos previos. Ranking FIFA, mercado, plantilla y fase exacta quedan vacios si no hay fuente real conectada."
19900613_Uruguay_vs_Spain,1990-06-13,FIFA World Cup,unknown_stage_from_source,Uruguay,Spain,0,0,1,,1717.664,1766.831,,,,,,,,0.646439,0.456667,Udine,Italy,martj42/international_results,https://github.com/martj42/international_results,"Resultados oficiales publicos; Elo e historial usan solo partidos previos. Ranking FIFA, mercado, plantilla y fase exacta quedan vacios si no hay fuente real conectada."
19900614_Cameroon_vs_Romania,1990-06-14,FIFA World Cup,unknown_stage_from_source,Cameroon,Romania,2,1,1,,1704.493,1729.028,,,,,,,,0.511250,0.321806,Bari,Italy,martj42/international_results,https://github.com/martj42/international_results,"Resultados oficiales publicos; Elo e historial usan solo partidos previos. Ranking FIFA, mercado, plantilla y fase exacta quedan vacios si no hay fuente real conectada."
19900614_Italy_vs_United_States,1990-06-14,FIFA World Cup,unknown_stage_from_source,Italy,United States,1,0,0,,1808.120,1524.483,,,,,,,,0.610113,0.324375,Rome,Italy,martj42/international_results,https://github.com/martj42/international_results,"Resultados oficiales publicos; Elo e historial usan solo partidos previos. Ranking FIFA, mercado, plantilla y fase exacta quedan vacios si no hay fuente real conectada."
19900614_Yugoslavia_vs_Colombia,1990-06-14,FIFA World Cup,unknown_stage_from_source,Yugoslavia,Colombia,1,0,1,,1691.386,1659.387,,,,,,,,0.407778,0.322869,Bologna,Italy,martj42/international_results,https://github.com/martj42/international_results,"Resultados oficiales publicos; Elo e historial usan solo partidos previos. Ranking FIFA, mercado, plantilla y fase exacta quedan vacios si no hay fuente real conectada."
19900615_Austria_vs_Czechoslovakia,1990-06-15,FIFA World Cup,unknown_stage_from_source,Austria,Czechoslovakia,0,1,1,,1622.664,1717.828,,,,,,,,0.482986,0.443725,Florence,Italy,martj42/international_results,https://github.com/martj42/international_results,"Resultados oficiales publicos; Elo e historial usan solo partidos previos. Ranking FIFA, mercado, plantilla y fase exacta quedan vacios si no hay fuente real conectada."
19900615_Germany_vs_United_Arab_Emirates,1990-06-15,FIFA World Cup,unknown_stage_from_source,Germany,United Arab Emirates,5,1,1,,1842.497,1561.925,,,,,,,,0.653983,0.000000,Milan,Italy,martj42/international_results,https://github.com/martj42/international_results,"Resultados oficiales publicos; Elo e historial usan solo partidos previos. Ranking FIFA, mercado, plantilla y fase exacta quedan vacios si no hay fuente real conectada."
19900616_Brazil_vs_Costa_Rica,1990-06-16,FIFA World Cup,unknown_stage_from_source,Brazil,Costa Rica,1,0,1,,1855.710,1594.813,,,,,,,,0.665081,0.955000,Turin,Italy,martj42/international_results,https://github.com/martj42/international_results,"Resultados oficiales publicos; Elo e historial usan solo partidos previos. Ranking FIFA, mercado, plantilla y fase exacta quedan vacios si no hay fuente real conectada."
19900616_England_vs_Netherlands,1990-06-16,FIFA World Cup,unknown_stage_from_source,England,Netherlands,0,0,1,,1760.531,1819.767,,,,,,,,0.495620,0.594136,Cagliari,Italy,martj42/international_results,https://github.com/martj42/international_results,"Resultados oficiales publicos; Elo e historial usan solo partidos previos. Ranking FIFA, mercado, plantilla y fase exacta quedan vacios si no hay fuente real conectada."
19900616_Sweden_vs_Scotland,1990-06-16,FIFA World Cup,unknown_stage_from_source,Sweden,Scotland,1,2,1,,1728.642,1605.346,,,,,,,,0.459138,0.287778,Genoa,Italy,martj42/international_results,https://github.com/martj42/international_results,"Resultados oficiales publicos; Elo e historial usan solo partidos previos. Ranking FIFA, mercado, plantilla y fase exacta quedan vacios si no hay fuente real conectada."
19900617_Belgium_vs_Uruguay,1990-06-17,FIFA World Cup,unknown_stage_from_source,Belgium,Uruguay,3,1,1,,1725.066,1720.617,,,,,,,,0.351935,0.644840,Verona,Italy,martj42/international_results,https://github.com/martj42/international_results,"Resultados oficiales publicos; Elo e historial usan solo partidos previos. Ranking FIFA, mercado, plantilla y fase exacta quedan vacios si no hay fuente real conectada."
19900617_Republic_of_Ireland_vs_Egypt,1990-06-17,FIFA World Cup,unknown_stage_from_source,Republic of Ireland,Egypt,0,0,1,,1717.168,1665.724,,,,,,,,0.431667,0.181667,Palermo,Italy,martj42/international_results,https://github.com/martj42/international_results,"Resultados oficiales publicos; Elo e historial usan solo partidos previos. Ranking FIFA, mercado, plantilla y fase exacta quedan vacios si no hay fuente real conectada."
19900617_South_Korea_vs_Spain,1990-06-17,FIFA World Cup,unknown_stage_from_source,South Korea,Spain,1,3,1,,1724.237,1763.879,,,,,,,,0.000000,0.454444,Udine,Italy,martj42/international_results,https://github.com/martj42/international_results,"Resultados oficiales publicos; Elo e historial usan solo partidos previos. Ranking FIFA, mercado, plantilla y fase exacta quedan vacios si no hay fuente real conectada."
19900618_Argentina_vs_Romania,1990-06-18,FIFA World Cup,unknown_stage_from_source,Argentina,Romania,1,1,1,,1673.773,1706.547,,,,,,,,0.704115,0.300513,Naples,Italy,martj42/international_results,https://github.com/martj42/international_results,"Resultados oficiales publicos; Elo e historial usan solo partidos previos. Ranking FIFA, mercado, plantilla y fase exacta quedan vacios si no hay fuente real conectada."
19900618_Cameroon_vs_Russia,1990-06-18,FIFA World Cup,unknown_stage_from_source,Cameroon,Russia,0,4,1,,1726.974,1718.873,,,,,,,,0.600000,0.562248,Bari,Italy,martj42/international_results,https://github.com/martj42/international_results,"Resultados oficiales publicos; Elo e historial usan solo partidos previos. Ranking FIFA, mercado, plantilla y fase exacta quedan vacios si no hay fuente real conectada."
19900619_Austria_vs_United_States,1990-06-19,FIFA World Cup,unknown_stage_from_source,Austria,United States,2,1,1,,1607.276,1517.618,,,,,,,,0.465467,0.293333,Florence,Italy,martj42/international_results,https://github.com/martj42/international_results,"Resultados oficiales publicos; Elo e historial usan solo partidos previos. Ranking FIFA, mercado, plantilla y fase exacta quedan vacios si no hay fuente real conectada."
19900619_Germany_vs_Colombia,1990-06-19,FIFA World Cup,unknown_stage_from_source,Germany,Colombia,1,1,1,,1852.442,1640.316,,,,,,,,0.659573,0.318387,Milan,Italy,martj42/international_results,https://github.com/martj42/international_results,"Resultados oficiales publicos; Elo e historial usan solo partidos previos. Ranking FIFA, mercado, plantilla y fase exacta quedan vacios si no hay fuente real conectada."
19900619_Italy_vs_Czechoslovakia,1990-06-19,FIFA World Cup,unknown_stage_from_source,Italy,Czechoslovakia,2,0,0,,1814.985,1733.216,,,,,,,,0.615861,0.458333,Rome,Italy,martj42/international_results,https://github.com/martj42/international_results,"Resultados oficiales publicos; Elo e historial usan solo partidos previos. Ranking FIFA, mercado, plantilla y fase exacta quedan vacios si no hay fuente real conectada."
19900619_Yugoslavia_vs_United_Arab_Emirates,1990-06-19,FIFA World Cup,unknown_stage_from_source,Yugoslavia,United Arab Emirates,4,1,1,,1710.457,1551.980,,,,,,,,0.421458,0.000000,Bologna,Italy,martj42/international_results,https://github.com/martj42/international_results,"Resultados oficiales publicos; Elo e historial usan solo partidos previos. Ranking FIFA, mercado, plantilla y fase exacta quedan vacios si no hay fuente real conectada."
19900620_Brazil_vs_Scotland,1990-06-20,FIFA World Cup,unknown_stage_from_source,Brazil,Scotland,1,0,1,,1863.361,1633.501,,,,,,,,0.666640,0.322895,Turin,Italy,martj42/international_results,https://github.com/martj42/international_results,"Resultados oficiales publicos; Elo e historial usan solo partidos previos. Ranking FIFA, mercado, plantilla y fase exacta quedan vacios si no hay fuente real conectada."
19900620_Sweden_vs_Costa_Rica,1990-06-20,FIFA World Cup,unknown_stage_from_source,Sweden,Costa Rica,1,2,1,,1700.488,1587.162,,,,,,,,0.445333,0.500000,Genoa,Italy,martj42/international_results,https://github.com/martj42/international_results,"Resultados oficiales publicos; Elo e historial usan solo partidos previos. Ranking FIFA, mercado, plantilla y fase exacta quedan vacios si no hay fuente real conectada."
19900621_Belgium_vs_Spain,1990-06-21,FIFA World Cup,unknown_stage_from_source,Belgium,Spain,1,2,1,,1747.795,1783.967,,,,,,,,0.372188,0.467132,Verona,Italy,martj42/international_results,https://github.com/martj42/international_results,"Resultados oficiales publicos; Elo e historial usan solo partidos previos. Ranking FIFA, mercado, plantilla y fase exacta quedan vacios si no hay fuente real conectada."
19900621_England_vs_Egypt,1990-06-21,FIFA World Cup,unknown_stage_from_source,England,Egypt,1,0,1,,1764.077,1668.810,,,,,,,,0.492614,0.242222,Cagliari,Italy,martj42/international_results,https://github.com/martj42/international_results,"Resultados oficiales publicos; Elo e historial usan solo partidos previos. Ranking FIFA, mercado, plantilla y fase exacta quedan vacios si no hay fuente real conectada."
19900621_Republic_of_Ireland_vs_Netherlands,1990-06-21,FIFA World Cup,unknown_stage_from_source,Republic of Ireland,Netherlands,1,1,1,,1714.081,1816.221,,,,,,,,0.418000,0.585893,Palermo,Italy,martj42/international_results,https://github.com/martj42/international_results,"Resultados oficiales publicos; Elo e historial usan solo partidos previos. Ranking FIFA, mercado, plantilla y fase exacta quedan vacios si no hay fuente real conectada."
19900621_South_Korea_vs_Uruguay,1990-06-21,FIFA World Cup,unknown_stage_from_source,South Korea,Uruguay,0,1,1,,1704.149,1697.887,,,,,,,,0.000000,0.641217,Udine,Italy,martj42/international_results,https://github.com/martj42/international_results,"Resultados oficiales publicos; Elo e historial usan solo partidos previos. Ranking FIFA, mercado, plantilla y fase exacta quedan vacios si no hay fuente real conectada."
19900623_Cameroon_vs_Colombia,1990-06-23,FIFA World Cup,unknown_stage_from_source,Cameroon,Colombia,2,1,1,,1692.514,1651.750,,,,,,,,0.485000,0.319101,Naples,Italy,martj42/international_results,https://github.com/martj42/international_results,"Resultados oficiales publicos; Elo e historial usan solo partidos previos. Ranking FIFA, mercado, plantilla y fase exacta quedan vacios si no hay fuente real conectada."
19900623_Czechoslovakia_vs_Costa_Rica,1990-06-23,FIFA World Cup,unknown_stage_from_source,Czechoslovakia,Costa Rica,4,1,1,,1716.112,1614.779,,,,,,,,0.445602,0.651667,Bari,Italy,martj42/international_results,https://github.com/martj42/international_results,"Resultados oficiales publicos; Elo e historial usan solo partidos previos. Ranking FIFA, mercado, plantilla y fase exacta quedan vacios si no hay fuente real conectada."
19900624_Brazil_vs_Argentina,1990-06-24,FIFA World Cup,unknown_stage_from_source,Brazil,Argentina,0,1,1,,1872.193,1675.748,,,,,,,,0.668182,0.702222,Turin,Italy,martj42/international_results,https://github.com/martj42/international_results,"Resultados oficiales publicos; Elo e historial usan solo partidos previos. Ranking FIFA, mercado, plantilla y fase exacta quedan vacios si no hay fuente real conectada."
19900624_Germany_vs_Netherlands,1990-06-24,FIFA World Cup,unknown_stage_from_source,Germany,Netherlands,2,1,1,,1841.007,1810.219,,,,,,,,0.655823,0.578218,Milan,Italy,martj42/international_results,https://github.com/martj42/international_results,"Resultados oficiales publicos; Elo e historial usan solo partidos previos. Ranking FIFA, mercado, plantilla y fase exacta quedan vacios si no hay fuente real conectada."
19900625_Republic_of_Ireland_vs_Romania,1990-06-25,FIFA World Cup,unknown_stage_from_source,Republic of Ireland,Romania,0,0,1,,1720.083,1704.572,,,,,,,,0.408889,0.305000,Genoa,Italy,martj42/international_results,https://github.com/martj42/international_results,"Resultados oficiales publicos; Elo e historial usan solo partidos previos. Ranking FIFA, mercado, plantilla y fase exacta quedan vacios si no hay fuente real conectada."
19900625_Italy_vs_Uruguay,1990-06-25,FIFA World Cup,unknown_stage_from_source,Italy,Uruguay,2,0,0,,1832.089,1719.266,,,,,,,,0.622158,0.642970,Rome,Italy,martj42/international_results,https://github.com/martj42/international_results,"Resultados oficiales publicos; Elo e historial usan solo partidos previos. Ranking FIFA, mercado, plantilla y fase exacta quedan vacios si no hay fuente real conectada."
19900626_England_vs_Belgium,1990-06-26,FIFA World Cup,unknown_stage_from_source,England,Belgium,1,0,1,,1779.459,1728.974,,,,,,,,0.502889,0.362273,Bologna,Italy,martj42/international_results,https://github.com/martj42/international_results,"Resultados oficiales publicos; Elo e historial usan solo partidos previos. Ranking FIFA, mercado, plantilla y fase exacta quedan vacios si no hay fuente real conectada."
19900626_Spain_vs_Yugoslavia,1990-06-26,FIFA World Cup,unknown_stage_from_source,Spain,Yugoslavia,1,2,1,,1802.789,1726.019,,,,,,,,0.478220,0.436667,Verona,Italy,martj42/international_results,https://github.com/martj42/international_results,"Resultados oficiales publicos; Elo e historial usan solo partidos previos. Ranking FIFA, mercado, plantilla y fase exacta quedan vacios si no hay fuente real conectada."
19900630_Italy_vs_Republic_of_Ireland,1990-06-30,FIFA World Cup,unknown_stage_from_source,Italy,Republic of Ireland,1,0,0,,1847.148,1719.146,,,,,,,,0.628253,0.402381,Rome,Italy,martj42/international_results,https://github.com/martj42/international_results,"Resultados oficiales publicos; Elo e historial usan solo partidos previos. Ranking FIFA, mercado, plantilla y fase exacta quedan vacios si no hay fuente real conectada."
19900630_Yugoslavia_vs_Argentina,1990-06-30,FIFA World Cup,unknown_stage_from_source,Yugoslavia,Argentina,0,0,1,,1751.585,1707.500,,,,,,,,0.449008,0.703619,Florence,Italy,martj42/international_results,https://github.com/martj42/international_results,"Resultados oficiales publicos; Elo e historial usan solo partidos previos. Ranking FIFA, mercado, plantilla y fase exacta quedan vacios si no hay fuente real conectada."
19900701_Cameroon_vs_England,1990-07-01,FIFA World Cup,unknown_stage_from_source,Cameroon,England,2,3,1,,1711.062,1797.429,,,,,,,,0.552143,0.512717,Naples,Italy,martj42/international_results,https://github.com/martj42/international_results,"Resultados oficiales publicos; Elo e historial usan solo partidos previos. Ranking FIFA, mercado, plantilla y fase exacta quedan vacios si no hay fuente real conectada."
19900701_Germany_vs_Czechoslovakia,1990-07-01,FIFA World Cup,unknown_stage_from_source,Germany,Czechoslovakia,1,0,1,,1860.151,1736.048,,,,,,,,0.659563,0.461802,Milan,Italy,martj42/international_results,https://github.com/martj42/international_results,"Resultados oficiales publicos; Elo e historial usan solo partidos previos. Ranking FIFA, mercado, plantilla y fase exacta quedan vacios si no hay fuente real conectada."
19900703_Italy_vs_Argentina,1990-07-03,FIFA World Cup,unknown_stage_from_source,Italy,Argentina,1,1,0,,1860.743,1710.150,,,,,,,,0.633439,0.701749,Naples,Italy,martj42/international_results,https://github.com/martj42/international_results,"Resultados oficiales publicos; Elo e historial usan solo partidos previos. Ranking FIFA, mercado, plantilla y fase exacta quedan vacios si no hay fuente real conectada."
19900704_Germany_vs_England,1990-07-04,FIFA World Cup,unknown_stage_from_source,Germany,England,1,1,1,,1873.953,1813.313,,,,,,,,0.663210,0.522128,Turin,Italy,martj42/international_results,https://github.com/martj42/international_results,"Resultados oficiales publicos; Elo e historial usan solo partidos previos. Ranking FIFA, mercado, plantilla y fase exacta quedan vacios si no hay fuente real conectada."
19900707_Italy_vs_England,1990-07-07,FIFA World Cup,unknown_stage_from_source,Italy,England,2,1,0,,1852.171,1816.942,,,,,,,,0.629219,0.518819,Bari,Italy,martj42/international_results,https://github.com/martj42/international_results,"Resultados oficiales publicos; Elo e historial usan solo partidos previos. Ranking FIFA, mercado, plantilla y fase exacta quedan vacios si no hay fuente real conectada."
19900708_Germany_vs_Argentina,1990-07-08,FIFA World Cup,unknown_stage_from_source,Germany,Argentina,1,0,1,,1870.325,1718.722,,,,,,,,0.659553,0.699900,Rome,Italy,martj42/international_results,https://github.com/martj42/international_results,"Resultados oficiales publicos; Elo e historial usan solo partidos previos. Ranking FIFA, mercado, plantilla y fase exacta quedan vacios si no hay fuente real conectada."
19910706_Chile_vs_Venezuela,1991-07-06,Copa América,unknown_stage_from_source,Chile,Venezuela,2,0,0,,1635.295,1277.451,,,,,,,,0.405358,0.040145,Santiago,Chile,martj42/international_results,https://github.com/martj42/international_results,"Resultados oficiales publicos; Elo e historial usan solo partidos previos. Ranking FIFA, mercado, plantilla y fase exacta quedan vacios si no hay fuente real conectada."
19910706_Paraguay_vs_Peru,1991-07-06,Copa América,unknown_stage_from_source,Paraguay,Peru,1,0,1,,1616.838,1464.808,,,,,,,,0.454925,0.425789,Santiago,Chile,martj42/international_results,https://github.com/martj42/international_results,"Resultados oficiales publicos; Elo e historial usan solo partidos previos. Ranking FIFA, mercado, plantilla y fase exacta quedan vacios si no hay fuente real conectada."
19910707_Bolivia_vs_Uruguay,1991-07-07,Copa América,unknown_stage_from_source,Bolivia,Uruguay,1,1,1,,1463.450,1688.201,,,,,,,,0.183509,0.639398,Valparaíso,Chile,martj42/international_results,https://github.com/martj42/international_results,"Resultados oficiales publicos; Elo e historial usan solo partidos previos. Ranking FIFA, mercado, plantilla y fase exacta quedan vacios si no hay fuente real conectada."
19910707_Colombia_vs_Ecuador,1991-07-07,Copa América,unknown_stage_from_source,Colombia,Ecuador,1,0,1,,1630.508,1488.753,,,,,,,,0.314818,0.095295,Valparaíso,Chile,martj42/international_results,https://github.com/martj42/international_results,"Resultados oficiales publicos; Elo e historial usan solo partidos previos. Ranking FIFA, mercado, plantilla y fase exacta quedan vacios si no hay fuente real conectada."
19910708_Argentina_vs_Venezuela,1991-07-08,Copa América,unknown_stage_from_source,Argentina,Venezuela,3,0,1,,1722.145,1272.964,,,,,,,,0.696341,0.038472,Santiago,Chile,martj42/international_results,https://github.com/martj42/international_results,"Resultados oficiales publicos; Elo e historial usan solo partidos previos. Ranking FIFA, mercado, plantilla y fase exacta quedan vacios si no hay fuente real conectada."
19910708_Chile_vs_Peru,1991-07-08,Copa América,unknown_stage_from_source,Chile,Peru,4,2,0,,1639.781,1452.452,,,,,,,,0.409322,0.422478,Concepción,Chile,martj42/international_results,https://github.com/martj42/international_results,"Resultados oficiales publicos; Elo e historial usan solo partidos previos. Ranking FIFA, mercado, plantilla y fase exacta quedan vacios si no hay fuente real conectada."
19910709_Bolivia_vs_Brazil,1991-07-09,Copa América,unknown_stage_from_source,Bolivia,Brazil,1,2,1,,1475.411,1823.407,,,,,,,,0.185844,0.664867,Viña del Mar,Chile,martj42/international_results,https://github.com/martj42/international_results,"Resultados oficiales publicos; Elo e historial usan solo partidos previos. Ranking FIFA, mercado, plantilla y fase exacta quedan vacios si no hay fuente real conectada."
19910709_Ecuador_vs_Uruguay,1991-07-09,Copa América,unknown_stage_from_source,Ecuador,Uruguay,1,1,1,,1475.875,1676.240,,,,,,,,0.094667,0.637873,Viña del Mar,Chile,martj42/international_results,https://github.com/martj42/international_results,"Resultados oficiales publicos; Elo e historial usan solo partidos previos. Ranking FIFA, mercado, plantilla y fase exacta quedan vacios si no hay fuente real conectada."
19910710_Chile_vs_Argentina,1991-07-10,Copa América,unknown_stage_from_source,Chile,Argentina,0,1,0,,1650.574,1725.533,,,,,,,,0.413234,0.698225,Santiago,Chile,martj42/international_results,https://github.com/martj42/international_results,"Resultados oficiales publicos; Elo e historial usan solo partidos previos. Ranking FIFA, mercado, plantilla y fase exacta quedan vacios si no hay fuente real conectada."
19910710_Paraguay_vs_Venezuela,1991-07-10,Copa América,unknown_stage_from_source,Paraguay,Venezuela,5,0,1,,1629.194,1269.577,,,,,,,,0.458657,0.035133,Santiago,Chile,martj42/international_results,https://github.com/martj42/international_results,"Resultados oficiales publicos; Elo e historial usan solo partidos previos. Ranking FIFA, mercado, plantilla y fase exacta quedan vacios si no hay fuente real conectada."
19910711_Bolivia_vs_Colombia,1991-07-11,Copa América,unknown_stage_from_source,Bolivia,Colombia,0,0,1,,1470.419,1643.386,,,,,,,,0.184038,0.324667,Viña del Mar,Chile,martj42/international_results,https://github.com/martj42/international_results,"Resultados oficiales publicos; Elo e historial usan solo partidos previos. Ranking FIFA, mercado, plantilla y fase exacta quedan vacios si no hay fuente real conectada."
19910711_Brazil_vs_Uruguay,1991-07-11,Copa América,unknown_stage_from_source,Brazil,Uruguay,1,1,1,,1828.399,1665.315,,,,,,,,0.666402,0.636364,Viña del Mar,Chile,martj42/international_results,https://github.com/martj42/international_results,"Resultados oficiales publicos; Elo e historial usan solo partidos previos. Ranking FIFA, mercado, plantilla y fase exacta quedan vacios si no hay fuente real conectada."
19910712_Argentina_vs_Paraguay,1991-07-12,Copa América,unknown_stage_from_source,Argentina,Paraguay,4,1,1,,1742.071,1636.440,,,,,,,,0.699606,0.463667,Concepción,Chile,martj42/international_results,https://github.com/martj42/international_results,"Resultados oficiales publicos; Elo e historial usan solo partidos previos. Ranking FIFA, mercado, plantilla y fase exacta quedan vacios si no hay fuente real conectada."
19910712_Peru_vs_Venezuela,1991-07-12,Copa América,unknown_stage_from_source,Peru,Venezuela,5,1,1,,1441.659,1262.330,,,,,,,,0.418836,0.028590,Santiago,Chile,martj42/international_results,https://github.com/martj42/international_results,"Resultados oficiales publicos; Elo e historial usan solo partidos previos. Ranking FIFA, mercado, plantilla y fase exacta quedan vacios si no hay fuente real conectada."
19910713_Bolivia_vs_Ecuador,1991-07-13,Copa América,unknown_stage_from_source,Bolivia,Ecuador,0,4,1,,1480.087,1486.801,,,,,,,,0.186308,0.097984,Viña del Mar,Chile,martj42/international_results,https://github.com/martj42/international_results,"Resultados oficiales publicos; Elo e historial usan solo partidos previos. Ranking FIFA, mercado, plantilla y fase exacta quedan vacios si no hay fuente real conectada."
19910713_Brazil_vs_Colombia,1991-07-13,Copa América,unknown_stage_from_source,Brazil,Colombia,0,2,1,,1819.207,1633.717,,,,,,,,0.664807,0.325253,Viña del Mar,Chile,martj42/international_results,https://github.com/martj42/international_results,"Resultados oficiales publicos; Elo e historial usan solo partidos previos. Ranking FIFA, mercado, plantilla y fase exacta quedan vacios si no hay fuente real conectada."
19910714_Argentina_vs_Peru,1991-07-14,Copa América,unknown_stage_from_source,Argentina,Peru,3,2,1,,1761.655,1458.075,,,,,,,,0.701453,0.424573,Santiago,Chile,martj42/international_results,https://github.com/martj42/international_results,"Resultados oficiales publicos; Elo e historial usan solo partidos previos. Ranking FIFA, mercado, plantilla y fase exacta quedan vacios si no hay fuente real conectada."
19910714_Chile_vs_Paraguay,1991-07-14,Copa América,unknown_stage_from_source,Chile,Paraguay,4,0,0,,1634.036,1616.856,,,,,,,,0.410811,0.459926,Santiago,Chile,martj42/international_results,https://github.com/martj42/international_results,"Resultados oficiales publicos; Elo e historial usan solo partidos previos. Ranking FIFA, mercado, plantilla y fase exacta quedan vacios si no hay fuente real conectada."
19910715_Brazil_vs_Ecuador,1991-07-15,Copa América,unknown_stage_from_source,Brazil,Ecuador,3,1,1,,1787.540,1519.845,,,,,,,,0.661326,0.110081,Viña del Mar,Chile,martj42/international_results,https://github.com/martj42/international_results,"Resultados oficiales publicos; Elo e historial usan solo partidos previos. Ranking FIFA, mercado, plantilla y fase exacta quedan vacios si no hay fuente real conectada."
19910715_Colombia_vs_Uruguay,1991-07-15,Copa América,unknown_stage_from_source,Colombia,Uruguay,0,1,1,,1665.384,1674.507,,,,,,,,0.335323,0.634872,Viña del Mar,Chile,martj42/international_results,https://github.com/martj42/international_results,"Resultados oficiales publicos; Elo e historial usan solo partidos previos. Ranking FIFA, mercado, plantilla y fase exacta quedan vacios si no hay fuente real conectada."
19910717_Argentina_vs_Brazil,1991-07-17,Copa América,unknown_stage_from_source,Argentina,Brazil,3,2,1,,1767.886,1794.796,,,,,,,,0.702801,0.663090,Santiago,Chile,martj42/international_results,https://github.com/martj42/international_results,"Resultados oficiales publicos; Elo e historial usan solo partidos previos. Ranking FIFA, mercado, plantilla y fase exacta quedan vacios si no hay fuente real conectada."
19910717_Chile_vs_Colombia,1991-07-17,Copa América,unknown_stage_from_source,Chile,Colombia,1,1,0,,1665.915,1644.936,,,,,,,,0.415251,0.331054,Santiago,Chile,martj42/international_results,https://github.com/martj42/international_results,"Resultados oficiales publicos; Elo e historial usan solo partidos previos. Ranking FIFA, mercado, plantilla y fase exacta quedan vacios si no hay fuente real conectada."
19910719_Brazil_vs_Colombia,1991-07-19,Copa América,unknown_stage_from_source,Brazil,Colombia,2,0,1,,1772.173,1646.202,,,,,,,,0.659888,0.331522,Santiago,Chile,martj42/international_results,https://github.com/martj42/international_results,"Resultados oficiales publicos; Elo e historial usan solo partidos previos. Ranking FIFA, mercado, plantilla y fase exacta quedan vacios si no hay fuente real conectada."
19910719_Chile_vs_Argentina,1991-07-19,Copa América,unknown_stage_from_source,Chile,Argentina,0,0,0,,1664.648,1790.509,,,,,,,,0.414913,0.704136,Santiago,Chile,martj42/international_results,https://github.com/martj42/international_results,"Resultados oficiales publicos; Elo e historial usan solo partidos previos. Ranking FIFA, mercado, plantilla y fase exacta quedan vacios si no hay fuente real conectada."
19910721_Argentina_vs_Colombia,1991-07-21,Copa América,unknown_stage_from_source,Argentina,Colombia,2,1,1,,1783.218,1631.963,,,,,,,,0.702342,0.326786,Santiago,Chile,martj42/international_results,https://github.com/martj42/international_results,"Resultados oficiales publicos; Elo e historial usan solo partidos previos. Ranking FIFA, mercado, plantilla y fase exacta quedan vacios si no hay fuente real conectada."
19910721_Chile_vs_Brazil,1991-07-21,Copa América,unknown_stage_from_source,Chile,Brazil,0,2,0,,1671.940,1786.412,,,,,,,,0.414581,0.661641,Santiago,Chile,martj42/international_results,https://github.com/martj42/international_results,"Resultados oficiales publicos; Elo e historial usan solo partidos previos. Ranking FIFA, mercado, plantilla y fase exacta quedan vacios si no hay fuente real conectada."
19920610_Sweden_vs_France,1992-06-10,UEFA Euro,unknown_stage_from_source,Sweden,France,1,1,0,,1694.447,1805.700,,,,,,,,0.432419,0.547480,Solna,Sweden,martj42/international_results,https://github.com/martj42/international_results,"Resultados oficiales publicos; Elo e historial usan solo partidos previos. Ranking FIFA, mercado, plantilla y fase exacta quedan vacios si no hay fuente real conectada."
19920611_Denmark_vs_England,1992-06-11,UEFA Euro,unknown_stage_from_source,Denmark,England,0,0,1,,1725.643,1824.434,,,,,,,,0.422949,0.509150,Malmö,Sweden,martj42/international_results,https://github.com/martj42/international_results,"Resultados oficiales publicos; Elo e historial usan solo partidos previos. Ranking FIFA, mercado, plantilla y fase exacta quedan vacios si no hay fuente real conectada."
19920612_Netherlands_vs_Scotland,1992-06-12,UEFA Euro,unknown_stage_from_source,Netherlands,Scotland,1,0,1,,1792.910,1658.518,,,,,,,,0.560444,0.309000,Gothenburg,Sweden,martj42/international_results,https://github.com/martj42/international_results,"Resultados oficiales publicos; Elo e historial usan solo partidos previos. Ranking FIFA, mercado, plantilla y fase exacta quedan vacios si no hay fuente real conectada."
19920612_Russia_vs_Germany,1992-06-12,UEFA Euro,unknown_stage_from_source,Russia,Germany,1,1,1,,1775.778,1878.202,,,,,,,,0.574242,0.663112,Norrköping,Sweden,martj42/international_results,https://github.com/martj42/international_results,"Resultados oficiales publicos; Elo e historial usan solo partidos previos. Ranking FIFA, mercado, plantilla y fase exacta quedan vacios si no hay fuente real conectada."
19920614_France_vs_England,1992-06-14,UEFA Euro,unknown_stage_from_source,France,England,0,0,1,,1799.196,1818.619,,,,,,,,0.543095,0.506233,Malmö,Sweden,martj42/international_results,https://github.com/martj42/international_results,"Resultados oficiales publicos; Elo e historial usan solo partidos previos. Ranking FIFA, mercado, plantilla y fase exacta quedan vacios si no hay fuente real conectada."
19920614_Sweden_vs_Denmark,1992-06-14,UEFA Euro,unknown_stage_from_source,Sweden,Denmark,1,0,0,,1700.951,1731.459,,,,,,,,0.430260,0.418690,Solna,Sweden,martj42/international_results,https://github.com/martj42/international_results,"Resultados oficiales publicos; Elo e historial usan solo partidos previos. Ranking FIFA, mercado, plantilla y fase exacta quedan vacios si no hay fuente real conectada."
19920615_Netherlands_vs_Russia,1992-06-15,UEFA Euro,unknown_stage_from_source,Netherlands,Russia,0,0,1,,1806.169,1781.796,,,,,,,,0.573172,0.569556,Gothenburg,Sweden,martj42/international_results,https://github.com/martj42/international_results,"Resultados oficiales publicos; Elo e historial usan solo partidos previos. Ranking FIFA, mercado, plantilla y fase exacta quedan vacios si no hay fuente real conectada."
19920615_Scotland_vs_Germany,1992-06-15,UEFA Euro,unknown_stage_from_source,Scotland,Germany,0,2,1,,1645.259,1872.184,,,,,,,,0.296429,0.659544,Norrköping,Sweden,martj42/international_results,https://github.com/martj42/international_results,"Resultados oficiales publicos; Elo e historial usan solo partidos previos. Ranking FIFA, mercado, plantilla y fase exacta quedan vacios si no hay fuente real conectada."
19920617_France_vs_Denmark,1992-06-17,UEFA Euro,unknown_stage_from_source,France,Denmark,1,2,1,,1800.369,1708.620,,,,,,,,0.538915,0.393778,Malmö,Sweden,martj42/international_results,https://github.com/martj42/international_results,"Resultados oficiales publicos; Elo e historial usan solo partidos previos. Ranking FIFA, mercado, plantilla y fase exacta quedan vacios si no hay fuente real conectada."
19920617_Sweden_vs_England,1992-06-17,UEFA Euro,unknown_stage_from_source,Sweden,England,2,1,0,,1723.790,1817.446,,,,,,,,0.446162,0.503431,Solna,Sweden,martj42/international_results,https://github.com/martj42/international_results,"Resultados oficiales publicos; Elo e historial usan solo partidos previos. Ranking FIFA, mercado, plantilla y fase exacta quedan vacios si no hay fuente real conectada."
19920618_Netherlands_vs_Germany,1992-06-18,UEFA Euro,unknown_stage_from_source,Netherlands,Germany,3,1,1,,1804.699,1881.098,,,,,,,,0.566615,0.663549,Gothenburg,Sweden,martj42/international_results,https://github.com/martj42/international_results,"Resultados oficiales publicos; Elo e historial usan solo partidos previos. Ranking FIFA, mercado, plantilla y fase exacta quedan vacios si no hay fuente real conectada."
19920618_Scotland_vs_Russia,1992-06-18,UEFA Euro,unknown_stage_from_source,Scotland,Russia,3,0,1,,1636.345,1783.267,,,,,,,,0.282955,0.565072,Norrköping,Sweden,martj42/international_results,https://github.com/martj42/international_results,"Resultados oficiales publicos; Elo e historial usan solo partidos previos. Ranking FIFA, mercado, plantilla y fase exacta quedan vacios si no hay fuente real conectada."
19920621_Sweden_vs_Germany,1992-06-21,UEFA Euro,unknown_stage_from_source,Sweden,Germany,2,3,0,,1750.318,1853.976,,,,,,,,0.461127,0.655833,Solna,Sweden,martj42/international_results,https://github.com/martj42/international_results,"Resultados oficiales publicos; Elo e historial usan solo partidos previos. Ranking FIFA, mercado, plantilla y fase exacta quedan vacios si no hay fuente real conectada."
19920622_Netherlands_vs_Denmark,1992-06-22,UEFA Euro,unknown_stage_from_source,Netherlands,Denmark,2,2,1,,1831.820,1735.040,,,,,,,,0.579747,0.428854,Gothenburg,Sweden,martj42/international_results,https://github.com/martj42/international_results,"Resultados oficiales publicos; Elo e historial usan solo partidos previos. Ranking FIFA, mercado, plantilla y fase exacta quedan vacios si no hay fuente real conectada."
19920626_Denmark_vs_Germany,1992-06-26,UEFA Euro,unknown_stage_from_source,Denmark,Germany,2,0,1,,1740.743,1868.890,,,,,,,,0.425000,0.659272,Gothenburg,Sweden,martj42/international_results,https://github.com/martj42/international_results,"Resultados oficiales publicos; Elo e historial usan solo partidos previos. Ranking FIFA, mercado, plantilla y fase exacta quedan vacios si no hay fuente real conectada."
19930615_Ecuador_vs_Venezuela,1993-06-15,Copa América,unknown_stage_from_source,Ecuador,Venezuela,6,1,0,,1517.996,1255.744,,,,,,,,0.108755,0.024198,Quito,Ecuador,martj42/international_results,https://github.com/martj42/international_results,"Resultados oficiales publicos; Elo e historial usan solo partidos previos. Ranking FIFA, mercado, plantilla y fase exacta quedan vacios si no hay fuente real conectada."
19930616_Colombia_vs_Mexico,1993-06-16,Copa América,unknown_stage_from_source,Colombia,Mexico,2,1,1,,1638.094,1790.331,,,,,,,,0.322817,0.258793,Machala,Ecuador,martj42/international_results,https://github.com/martj42/international_results,"Resultados oficiales publicos; Elo e historial usan solo partidos previos. Ranking FIFA, mercado, plantilla y fase exacta quedan vacios si no hay fuente real conectada."
19930616_Uruguay_vs_United_States,1993-06-16,Copa América,unknown_stage_from_source,Uruguay,United States,1,0,1,,1710.945,1588.259,,,,,,,,0.636612,0.268500,Ambato,Ecuador,martj42/international_results,https://github.com/martj42/international_results,"Resultados oficiales publicos; Elo e historial usan solo partidos previos. Ranking FIFA, mercado, plantilla y fase exacta quedan vacios si no hay fuente real conectada."
19930617_Argentina_vs_Bolivia,1993-06-17,Copa América,unknown_stage_from_source,Argentina,Bolivia,1,0,1,,1827.437,1454.419,,,,,,,,0.703665,0.182854,Guayaquil,Ecuador,martj42/international_results,https://github.com/martj42/international_results,"Resultados oficiales publicos; Elo e historial usan solo partidos previos. Ranking FIFA, mercado, plantilla y fase exacta quedan vacios si no hay fuente real conectada."
19930618_Brazil_vs_Peru,1993-06-18,Copa América,unknown_stage_from_source,Brazil,Peru,0,0,1,,1821.416,1457.892,,,,,,,,0.663376,0.421356,Cuenca,Ecuador,martj42/international_results,https://github.com/martj42/international_results,"Resultados oficiales publicos; Elo e historial usan solo partidos previos. Ranking FIFA, mercado, plantilla y fase exacta quedan vacios si no hay fuente real conectada."
19930618_Paraguay_vs_Chile,1993-06-18,Copa América,unknown_stage_from_source,Paraguay,Chile,1,0,1,,1573.762,1659.548,,,,,,,,0.455912,0.411923,Cuenca,Ecuador,martj42/international_results,https://github.com/martj42/international_results,"Resultados oficiales publicos; Elo e historial usan solo partidos previos. Ranking FIFA, mercado, plantilla y fase exacta quedan vacios si no hay fuente real conectada."
19930619_Ecuador_vs_United_States,1993-06-19,Copa América,unknown_stage_from_source,Ecuador,United States,2,0,0,,1530.166,1574.381,,,,,,,,0.120972,0.248182,Quito,Ecuador,martj42/international_results,https://github.com/martj42/international_results,"Resultados oficiales publicos; Elo e historial usan solo partidos previos. Ranking FIFA, mercado, plantilla y fase exacta quedan vacios si no hay fuente real conectada."
19930619_Uruguay_vs_Venezuela,1993-06-19,Copa América,unknown_stage_from_source,Uruguay,Venezuela,2,2,1,,1724.823,1243.574,,,,,,,,0.638333,0.018512,Ambato,Ecuador,martj42/international_results,https://github.com/martj42/international_results,"Resultados oficiales publicos; Elo e historial usan solo partidos previos. Ranking FIFA, mercado, plantilla y fase exacta quedan vacios si no hay fuente real conectada."
19930620_Argentina_vs_Mexico,1993-06-20,Copa América,unknown_stage_from_source,Argentina,Mexico,1,1,1,,1831.829,1760.676,,,,,,,,0.704974,0.251667,Guayaquil,Ecuador,martj42/international_results,https://github.com/martj42/international_results,"Resultados oficiales publicos; Elo e historial usan solo partidos previos. Ranking FIFA, mercado, plantilla y fase exacta quedan vacios si no hay fuente real conectada."
19930620_Colombia_vs_Bolivia,1993-06-20,Copa América,unknown_stage_from_source,Colombia,Bolivia,1,1,1,,1667.749,1450.026,,,,,,,,0.331597,0.181152,Machala,Ecuador,martj42/international_results,https://github.com/martj42/international_results,"Resultados oficiales publicos; Elo e historial usan solo partidos previos. Ranking FIFA, mercado, plantilla y fase exacta quedan vacios si no hay fuente real conectada."
19930621_Brazil_vs_Chile,1993-06-21,Copa América,unknown_stage_from_source,Brazil,Chile,2,3,1,,1805.028,1633.466,,,,,,,,0.661845,0.409586,Cuenca,Ecuador,martj42/international_results,https://github.com/martj42/international_results,"Resultados oficiales publicos; Elo e historial usan solo partidos previos. Ranking FIFA, mercado, plantilla y fase exacta quedan vacios si no hay fuente real conectada."
19930621_Paraguay_vs_Peru,1993-06-21,Copa América,unknown_stage_from_source,Paraguay,Peru,1,1,1,,1599.844,1474.280,,,,,,,,0.459529,0.420868,Cuenca,Ecuador,martj42/international_results,https://github.com/martj42/international_results,"Resultados oficiales publicos; Elo e historial usan solo partidos previos. Ranking FIFA, mercado, plantilla y fase exacta quedan vacios si no hay fuente real conectada."
19930622_Ecuador_vs_Uruguay,1993-06-22,Copa América,unknown_stage_from_source,Ecuador,Uruguay,2,1,0,,1555.645,1706.299,,,,,,,,0.131314,0.636855,Quito,Ecuador,martj42/international_results,https://github.com/martj42/international_results,"Resultados oficiales publicos; Elo e historial usan solo partidos previos. Ranking FIFA, mercado, plantilla y fase exacta quedan vacios si no hay fuente real conectada."
19930622_United_States_vs_Venezuela,1993-06-22,Copa América,unknown_stage_from_source,United States,Venezuela,3,3,1,,1548.902,1262.098,,,,,,,,0.227500,0.030402,Quito,Ecuador,martj42/international_results,https://github.com/martj42/international_results,"Resultados oficiales publicos; Elo e historial usan solo partidos previos. Ranking FIFA, mercado, plantilla y fase exacta quedan vacios si no hay fuente real conectada."
19930623_Argentina_vs_Colombia,1993-06-23,Copa América,unknown_stage_from_source,Argentina,Colombia,1,1,1,,1827.588,1656.078,,,,,,,,0.703204,0.332032,Guayaquil,Ecuador,martj42/international_results,https://github.com/martj42/international_results,"Resultados oficiales publicos; Elo e historial usan solo partidos previos. Ranking FIFA, mercado, plantilla y fase exacta quedan vacios si no hay fuente real conectada."
19930623_Mexico_vs_Bolivia,1993-06-23,Copa América,unknown_stage_from_source,Mexico,Bolivia,0,0,1,,1764.918,1461.697,,,,,,,,0.255269,0.183374,Portoviejo,Ecuador,martj42/international_results,https://github.com/martj42/international_results,"Resultados oficiales publicos; Elo e historial usan solo partidos previos. Ranking FIFA, mercado, plantilla y fase exacta quedan vacios si no hay fuente real conectada."
19930624_Brazil_vs_Paraguay,1993-06-24,Copa América,unknown_stage_from_source,Brazil,Paraguay,3,0,1,,1774.427,1592.569,,,,,,,,0.658714,0.458837,Cuenca,Ecuador,martj42/international_results,https://github.com/martj42/international_results,"Resultados oficiales publicos; Elo e historial usan solo partidos previos. Ranking FIFA, mercado, plantilla y fase exacta quedan vacios si no hay fuente real conectada."
19930624_Chile_vs_Peru,1993-06-24,Copa América,unknown_stage_from_source,Chile,Peru,0,1,1,,1664.068,1481.555,,,,,,,,0.413038,0.420389,Cuenca,Ecuador,martj42/international_results,https://github.com/martj42/international_results,"Resultados oficiales publicos; Elo e historial usan solo partidos previos. Ranking FIFA, mercado, plantilla y fase exacta quedan vacios si no hay fuente real conectada."
19930626_Colombia_vs_Uruguay,1993-06-26,Copa América,unknown_stage_from_source,Colombia,Uruguay,1,1,1,,1665.677,1676.724,,,,,,,,0.332455,0.633690,Guayaquil,Ecuador,martj42/international_results,https://github.com/martj42/international_results,"Resultados oficiales publicos; Elo e historial usan solo partidos previos. Ranking FIFA, mercado, plantilla y fase exacta quedan vacios si no hay fuente real conectada."
19930626_Ecuador_vs_Paraguay,1993-06-26,Copa América,unknown_stage_from_source,Ecuador,Paraguay,3,0,0,,1585.220,1578.596,,,,,,,,0.140891,0.455238,Quito,Ecuador,martj42/international_results,https://github.com/martj42/international_results,"Resultados oficiales publicos; Elo e historial usan solo partidos previos. Ranking FIFA, mercado, plantilla y fase exacta quedan vacios si no hay fuente real conectada."
19930627_Brazil_vs_Argentina,1993-06-27,Copa América,unknown_stage_from_source,Brazil,Argentina,1,1,1,,1788.400,1817.989,,,,,,,,0.660665,0.701452,Guayaquil,Ecuador,martj42/international_results,https://github.com/martj42/international_results,"Resultados oficiales publicos; Elo e historial usan solo partidos previos. Ranking FIFA, mercado, plantilla y fase exacta quedan vacios si no hay fuente real conectada."
19930627_Peru_vs_Mexico,1993-06-27,Copa América,unknown_stage_from_source,Peru,Mexico,2,4,1,,1512.673,1750.160,,,,,,,,0.424807,0.258646,Quito,Ecuador,martj42/international_results,https://github.com/martj42/international_results,"Resultados oficiales publicos; Elo e historial usan solo partidos previos. Ranking FIFA, mercado, plantilla y fase exacta quedan vacios si no hay fuente real conectada."
19930630_Ecuador_vs_Mexico,1993-06-30,Copa América,unknown_stage_from_source,Ecuador,Mexico,0,2,0,,1613.692,1762.068,,,,,,,,0.151284,0.281111,Quito,Ecuador,martj42/international_results,https://github.com/martj42/international_results,"Resultados oficiales publicos; Elo e historial usan solo partidos previos. Ranking FIFA, mercado, plantilla y fase exacta quedan vacios si no hay fuente real conectada."
19930701_Colombia_vs_Argentina,1993-07-01,Copa América,unknown_stage_from_source,Colombia,Argentina,0,0,1,,1666.345,1816.205,,,,,,,,0.332867,0.699718,Guayaquil,Ecuador,martj42/international_results,https://github.com/martj42/international_results,"Resultados oficiales publicos; Elo e historial usan solo partidos previos. Ranking FIFA, mercado, plantilla y fase exacta quedan vacios si no hay fuente real conectada."
19930703_Ecuador_vs_Colombia,1993-07-03,Copa América,unknown_stage_from_source,Ecuador,Colombia,0,1,0,,1600.786,1674.880,,,,,,,,0.149564,0.333268,Portoviejo,Ecuador,martj42/international_results,https://github.com/martj42/international_results,"Resultados oficiales publicos; Elo e historial usan solo partidos previos. Ranking FIFA, mercado, plantilla y fase exacta quedan vacios si no hay fuente real conectada."
19930704_Argentina_vs_Mexico,1993-07-04,Copa América,unknown_stage_from_source,Argentina,Mexico,2,1,1,,1807.669,1774.974,,,,,,,,0.698002,0.302255,Guayaquil,Ecuador,martj42/international_results,https://github.com/martj42/international_results,"Resultados oficiales publicos; Elo e historial usan solo partidos previos. Ranking FIFA, mercado, plantilla y fase exacta quedan vacios si no hay fuente real conectada."
19940617_Germany_vs_Bolivia,1994-06-17,FIFA World Cup,unknown_stage_from_source,Germany,Bolivia,1,0,1,,1860.832,1540.142,,,,,,,,0.651780,0.185542,Chicago,United States,martj42/international_results,https://github.com/martj42/international_results,"Resultados oficiales publicos; Elo e historial usan solo partidos previos. Ranking FIFA, mercado, plantilla y fase exacta quedan vacios si no hay fuente real conectada."
19940617_Spain_vs_South_Korea,1994-06-17,FIFA World Cup,unknown_stage_from_source,Spain,South Korea,2,2,1,,1768.448,1721.077,,,,,,,,0.468593,0.000000,Dallas,United States,martj42/international_results,https://github.com/martj42/international_results,"Resultados oficiales publicos; Elo e historial usan solo partidos previos. Ranking FIFA, mercado, plantilla y fase exacta quedan vacios si no hay fuente real conectada."
19940618_Colombia_vs_Romania,1994-06-18,FIFA World Cup,unknown_stage_from_source,Colombia,Romania,1,3,1,,1767.741,1735.597,,,,,,,,0.341342,0.308889,Pasadena,United States,martj42/international_results,https://github.com/martj42/international_results,"Resultados oficiales publicos; Elo e historial usan solo partidos previos. Ranking FIFA, mercado, plantilla y fase exacta quedan vacios si no hay fuente real conectada."
19940618_Italy_vs_Republic_of_Ireland,1994-06-18,FIFA World Cup,unknown_stage_from_source,Italy,Republic of Ireland,0,1,1,,1834.060,1734.612,,,,,,,,0.634231,0.357708,East Rutherford,United States,martj42/international_results,https://github.com/martj42/international_results,"Resultados oficiales publicos; Elo e historial usan solo partidos previos. Ranking FIFA, mercado, plantilla y fase exacta quedan vacios si no hay fuente real conectada."
19940618_United_States_vs_Switzerland,1994-06-18,FIFA World Cup,unknown_stage_from_source,United States,Switzerland,1,1,0,,1594.395,1706.288,,,,,,,,0.237949,0.308148,Pontiac,United States,martj42/international_results,https://github.com/martj42/international_results,"Resultados oficiales publicos; Elo e historial usan solo partidos previos. Ranking FIFA, mercado, plantilla y fase exacta quedan vacios si no hay fuente real conectada."
19940619_Belgium_vs_Morocco,1994-06-19,FIFA World Cup,unknown_stage_from_source,Belgium,Morocco,1,0,1,,1693.890,1681.044,,,,,,,,0.352941,0.305000,Orlando,United States,martj42/international_results,https://github.com/martj42/international_results,"Resultados oficiales publicos; Elo e historial usan solo partidos previos. Ranking FIFA, mercado, plantilla y fase exacta quedan vacios si no hay fuente real conectada."
19940619_Cameroon_vs_Sweden,1994-06-19,FIFA World Cup,unknown_stage_from_source,Cameroon,Sweden,2,2,1,,1675.251,1760.385,,,,,,,,0.488750,0.449238,Pasadena,United States,martj42/international_results,https://github.com/martj42/international_results,"Resultados oficiales publicos; Elo e historial usan solo partidos previos. Ranking FIFA, mercado, plantilla y fase exacta quedan vacios si no hay fuente real conectada."
19940619_Norway_vs_Mexico,1994-06-19,FIFA World Cup,unknown_stage_from_source,Norway,Mexico,1,0,1,,1695.441,1770.567,,,,,,,,0.045000,0.294905,"Washington, D.C.",United States,martj42/international_results,https://github.com/martj42/international_results,"Resultados oficiales publicos; Elo e historial usan solo partidos previos. Ranking FIFA, mercado, plantilla y fase exacta quedan vacios si no hay fuente real conectada."
19940620_Brazil_vs_Russia,1994-06-20,FIFA World Cup,unknown_stage_from_source,Brazil,Russia,2,0,1,,1806.877,1734.589,,,,,,,,0.659171,0.552092,Palo Alto,United States,martj42/international_results,https://github.com/martj42/international_results,"Resultados oficiales publicos; Elo e historial usan solo partidos previos. Ranking FIFA, mercado, plantilla y fase exacta quedan vacios si no hay fuente real conectada."
19940620_Netherlands_vs_Saudi_Arabia,1994-06-20,FIFA World Cup,unknown_stage_from_source,Netherlands,Saudi Arabia,2,1,1,,1824.315,1699.855,,,,,,,,0.573382,,"Washington, D.C.",United States,martj42/international_results,https://github.com/martj42/international_results,"Resultados oficiales publicos; Elo e historial usan solo partidos previos. Ranking FIFA, mercado, plantilla y fase exacta quedan vacios si no hay fuente real conectada."
19940621_Argentina_vs_Greece,1994-06-21,FIFA World Cup,unknown_stage_from_source,Argentina,Greece,4,0,1,,1781.328,1601.847,,,,,,,,0.699306,0.136111,Foxborough,United States,martj42/international_results,https://github.com/martj42/international_results,"Resultados oficiales publicos; Elo e historial usan solo partidos previos. Ranking FIFA, mercado, plantilla y fase exacta quedan vacios si no hay fuente real conectada."
19940621_Germany_vs_Spain,1994-06-21,FIFA World Cup,unknown_stage_from_source,Germany,Spain,1,1,1,,1866.559,1765.603,,,,,,,,0.655187,0.466304,Chicago,United States,martj42/international_results,https://github.com/martj42/international_results,"Resultados oficiales publicos; Elo e historial usan solo partidos previos. Ranking FIFA, mercado, plantilla y fase exacta quedan vacios si no hay fuente real conectada."
19940621_Nigeria_vs_Bulgaria,1994-06-21,FIFA World Cup,unknown_stage_from_source,Nigeria,Bulgaria,3,0,1,,1732.855,1655.336,,,,,,,,,0.125000,Dallas,United States,martj42/international_results,https://github.com/martj42/international_results,"Resultados oficiales publicos; Elo e historial usan solo partidos previos. Ranking FIFA, mercado, plantilla y fase exacta quedan vacios si no hay fuente real conectada."
19940622_Romania_vs_Switzerland,1994-06-22,FIFA World Cup,unknown_stage_from_source,Romania,Switzerland,1,4,1,,1760.433,1699.749,,,,,,,,0.352083,0.311053,Pontiac,United States,martj42/international_results,https://github.com/martj42/international_results,"Resultados oficiales publicos; Elo e historial usan solo partidos previos. Ranking FIFA, mercado, plantilla y fase exacta quedan vacios si no hay fuente real conectada."
19940622_United_States_vs_Colombia,1994-06-22,FIFA World Cup,unknown_stage_from_source,United States,Colombia,2,1,0,,1600.934,1742.904,,,,,,,,0.246905,0.336966,Pasadena,United States,martj42/international_results,https://github.com/martj42/international_results,"Resultados oficiales publicos; Elo e historial usan solo partidos previos. Ranking FIFA, mercado, plantilla y fase exacta quedan vacios si no hay fuente real conectada."
19940623_Italy_vs_Norway,1994-06-23,FIFA World Cup,unknown_stage_from_source,Italy,Norway,1,0,1,,1807.208,1720.912,,,,,,,,0.625303,0.500000,East Rutherford,United States,martj42/international_results,https://github.com/martj42/international_results,"Resultados oficiales publicos; Elo e historial usan solo partidos previos. Ranking FIFA, mercado, plantilla y fase exacta quedan vacios si no hay fuente real conectada."
19940623_South_Korea_vs_Bolivia,1994-06-23,FIFA World Cup,unknown_stage_from_source,South Korea,Bolivia,0,0,1,,1723.922,1534.416,,,,,,,,0.030741,0.183869,Foxborough,United States,martj42/international_results,https://github.com/martj42/international_results,"Resultados oficiales publicos; Elo e historial usan solo partidos previos. Ranking FIFA, mercado, plantilla y fase exacta quedan vacios si no hay fuente real conectada."
19940624_Brazil_vs_Cameroon,1994-06-24,FIFA World Cup,unknown_stage_from_source,Brazil,Cameroon,3,0,1,,1824.633,1680.297,,,,,,,,0.660875,0.474815,Palo Alto,United States,martj42/international_results,https://github.com/martj42/international_results,"Resultados oficiales publicos; Elo e historial usan solo partidos previos. Ranking FIFA, mercado, plantilla y fase exacta quedan vacios si no hay fuente real conectada."
19940624_Mexico_vs_Republic_of_Ireland,1994-06-24,FIFA World Cup,unknown_stage_from_source,Mexico,Republic of Ireland,2,1,1,,1745.096,1761.464,,,,,,,,0.287963,0.424074,Orlando,United States,martj42/international_results,https://github.com/martj42/international_results,"Resultados oficiales publicos; Elo e historial usan solo partidos previos. Ranking FIFA, mercado, plantilla y fase exacta quedan vacios si no hay fuente real conectada."
19940624_Sweden_vs_Russia,1994-06-24,FIFA World Cup,unknown_stage_from_source,Sweden,Russia,3,1,1,,1755.340,1716.834,,,,,,,,0.446852,0.540590,Pontiac,United States,martj42/international_results,https://github.com/martj42/international_results,"Resultados oficiales publicos; Elo e historial usan solo partidos previos. Ranking FIFA, mercado, plantilla y fase exacta quedan vacios si no hay fuente real conectada."
19940625_Argentina_vs_Nigeria,1994-06-25,FIFA World Cup,unknown_stage_from_source,Argentina,Nigeria,2,1,1,,1797.732,1754.804,,,,,,,,0.701279,1.000000,Foxborough,United States,martj42/international_results,https://github.com/martj42/international_results,"Resultados oficiales publicos; Elo e historial usan solo partidos previos. Ranking FIFA, mercado, plantilla y fase exacta quedan vacios si no hay fuente real conectada."
19940625_Belgium_vs_Netherlands,1994-06-25,FIFA World Cup,unknown_stage_from_source,Belgium,Netherlands,1,0,1,,1714.114,1838.099,,,,,,,,0.370143,0.584286,Orlando,United States,martj42/international_results,https://github.com/martj42/international_results,"Resultados oficiales publicos; Elo e historial usan solo partidos previos. Ranking FIFA, mercado, plantilla y fase exacta quedan vacios si no hay fuente real conectada."
19940625_Saudi_Arabia_vs_Morocco,1994-06-25,FIFA World Cup,unknown_stage_from_source,Saudi Arabia,Morocco,2,1,1,,1686.071,1660.820,,,,,,,,0.045000,0.272500,East Rutherford,United States,martj42/international_results,https://github.com/martj42/international_results,"Resultados oficiales publicos; Elo e historial usan solo partidos previos. Ranking FIFA, mercado, plantilla y fase exacta quedan vacios si no hay fuente real conectada."
19940626_Bulgaria_vs_Greece,1994-06-26,FIFA World Cup,unknown_stage_from_source,Bulgaria,Greece,4,0,1,,1633.387,1585.444,,,,,,,,0.115000,0.079583,Chicago,United States,martj42/international_results,https://github.com/martj42/international_results,"Resultados oficiales publicos; Elo e historial usan solo partidos previos. Ranking FIFA, mercado, plantilla y fase exacta quedan vacios si no hay fuente real conectada."
19940626_Switzerland_vs_Colombia,1994-06-26,FIFA World Cup,unknown_stage_from_source,Switzerland,Colombia,0,2,1,,1732.979,1713.771,,,,,,,,0.347750,0.333270,Palo Alto,United States,martj42/international_results,https://github.com/martj42/international_results,"Resultados oficiales publicos; Elo e historial usan solo partidos previos. Ranking FIFA, mercado, plantilla y fase exacta quedan vacios si no hay fuente real conectada."
19940626_United_States_vs_Romania,1994-06-26,FIFA World Cup,unknown_stage_from_source,United States,Romania,0,1,0,,1630.067,1727.204,,,,,,,,0.294111,0.328725,Pasadena,United States,martj42/international_results,https://github.com/martj42/international_results,"Resultados oficiales publicos; Elo e historial usan solo partidos previos. Ranking FIFA, mercado, plantilla y fase exacta quedan vacios si no hay fuente real conectada."
19940627_Bolivia_vs_Spain,1994-06-27,FIFA World Cup,unknown_stage_from_source,Bolivia,Spain,1,3,1,,1544.855,1771.539,,,,,,,,0.185980,0.464113,Chicago,United States,martj42/international_results,https://github.com/martj42/international_results,"Resultados oficiales publicos; Elo e historial usan solo partidos previos. Ranking FIFA, mercado, plantilla y fase exacta quedan vacios si no hay fuente real conectada."
19940627_Germany_vs_South_Korea,1994-06-27,FIFA World Cup,unknown_stage_from_source,Germany,South Korea,3,2,1,,1860.623,1713.483,,,,,,,,0.651944,0.064000,Dallas,United States,martj42/international_results,https://github.com/martj42/international_results,"Resultados oficiales publicos; Elo e historial usan solo partidos previos. Ranking FIFA, mercado, plantilla y fase exacta quedan vacios si no hay fuente real conectada."
19940628_Brazil_vs_Sweden,1994-06-28,FIFA World Cup,unknown_stage_from_source,Brazil,Sweden,1,1,1,,1841.214,1775.511,,,,,,,,0.662786,0.461802,Pontiac,United States,martj42/international_results,https://github.com/martj42/international_results,"Resultados oficiales publicos; Elo e historial usan solo partidos previos. Ranking FIFA, mercado, plantilla y fase exacta quedan vacios si no hay fuente real conectada."
19940628_Republic_of_Ireland_vs_Norway,1994-06-28,FIFA World Cup,unknown_stage_from_source,Republic of Ireland,Norway,0,0,1,,1739.475,1705.023,,,,,,,,0.386167,0.348333,East Rutherford,United States,martj42/international_results,https://github.com/martj42/international_results,"Resultados oficiales publicos; Elo e historial usan solo partidos previos. Ranking FIFA, mercado, plantilla y fase exacta quedan vacios si no hay fuente real conectada."
19940628_Italy_vs_Mexico,1994-06-28,FIFA World Cup,unknown_stage_from_source,Italy,Mexico,1,1,1,,1823.096,1767.084,,,,,,,,0.630224,0.305991,"Washington, D.C.",United States,martj42/international_results,https://github.com/martj42/international_results,"Resultados oficiales publicos; Elo e historial usan solo partidos previos. Ranking FIFA, mercado, plantilla y fase exacta quedan vacios si no hay fuente real conectada."
19940628_Russia_vs_Cameroon,1994-06-28,FIFA World Cup,unknown_stage_from_source,Russia,Cameroon,6,1,1,,1696.663,1663.715,,,,,,,,0.529558,0.422833,Palo Alto,United States,martj42/international_results,https://github.com/martj42/international_results,"Resultados oficiales publicos; Elo e historial usan solo partidos previos. Ranking FIFA, mercado, plantilla y fase exacta quedan vacios si no hay fuente real conectada."
19940629_Belgium_vs_Saudi_Arabia,1994-06-29,FIFA World Cup,unknown_stage_from_source,Belgium,Saudi Arabia,0,1,1,,1742.305,1705.548,,,,,,,,0.386389,0.500000,"Washington, D.C.",United States,martj42/international_results,https://github.com/martj42/international_results,"Resultados oficiales publicos; Elo e historial usan solo partidos previos. Ranking FIFA, mercado, plantilla y fase exacta quedan vacios si no hay fuente real conectada."
19940629_Morocco_vs_Netherlands,1994-06-29,FIFA World Cup,unknown_stage_from_source,Morocco,Netherlands,1,2,1,,1641.344,1809.907,,,,,,,,0.247222,0.569306,Orlando,United States,martj42/international_results,https://github.com/martj42/international_results,"Resultados oficiales publicos; Elo e historial usan solo partidos previos. Ranking FIFA, mercado, plantilla y fase exacta quedan vacios si no hay fuente real conectada."
19940630_Argentina_vs_Bulgaria,1994-06-30,FIFA World Cup,unknown_stage_from_source,Argentina,Bulgaria,0,2,1,,1816.150,1661.928,,,,,,,,0.702554,0.169167,Dallas,United States,martj42/international_results,https://github.com/martj42/international_results,"Resultados oficiales publicos; Elo e historial usan solo partidos previos. Ranking FIFA, mercado, plantilla y fase exacta quedan vacios si no hay fuente real conectada."
19940630_Greece_vs_Nigeria,1994-06-30,FIFA World Cup,unknown_stage_from_source,Greece,Nigeria,0,2,1,,1556.902,1736.385,,,,,,,,0.045667,0.545000,Foxborough,United States,martj42/international_results,https://github.com/martj42/international_results,"Resultados oficiales publicos; Elo e historial usan solo partidos previos. Ranking FIFA, mercado, plantilla y fase exacta quedan vacios si no hay fuente real conectada."
19940702_Germany_vs_Belgium,1994-07-02,FIFA World Cup,unknown_stage_from_source,Germany,Belgium,3,2,1,,1873.225,1719.092,,,,,,,,0.655275,0.377162,Chicago,United States,martj42/international_results,https://github.com/martj42/international_results,"Resultados oficiales publicos; Elo e historial usan solo partidos previos. Ranking FIFA, mercado, plantilla y fase exacta quedan vacios si no hay fuente real conectada."
19940702_Spain_vs_Switzerland,1994-07-02,FIFA World Cup,unknown_stage_from_source,Spain,Switzerland,3,0,1,,1780.463,1708.844,,,,,,,,0.475278,0.331190,"Washington, D.C.",United States,martj42/international_results,https://github.com/martj42/international_results,"Resultados oficiales publicos; Elo e historial usan solo partidos previos. Ranking FIFA, mercado, plantilla y fase exacta quedan vacios si no hay fuente real conectada."
19940703_Romania_vs_Argentina,1994-07-03,FIFA World Cup,unknown_stage_from_source,Romania,Argentina,3,2,1,,1742.481,1785.603,,,,,,,,0.363519,0.699042,Pasadena,United States,martj42/international_results,https://github.com/martj42/international_results,"Resultados oficiales publicos; Elo e historial usan solo partidos previos. Ranking FIFA, mercado, plantilla y fase exacta quedan vacios si no hay fuente real conectada."
19940703_Saudi_Arabia_vs_Sweden,1994-07-03,FIFA World Cup,unknown_stage_from_source,Saudi Arabia,Sweden,1,3,1,,1728.761,1779.436,,,,,,,,0.651667,0.459211,Dallas,United States,martj42/international_results,https://github.com/martj42/international_results,"Resultados oficiales publicos; Elo e historial usan solo partidos previos. Ranking FIFA, mercado, plantilla y fase exacta quedan vacios si no hay fuente real conectada."
19940704_Netherlands_vs_Republic_of_Ireland,1994-07-04,FIFA World Cup,unknown_stage_from_source,Netherlands,Republic of Ireland,2,0,1,,1821.450,1737.400,,,,,,,,0.579730,0.384091,Orlando,United States,martj42/international_results,https://github.com/martj42/international_results,"Resultados oficiales publicos; Elo e historial usan solo partidos previos. Ranking FIFA, mercado, plantilla y fase exacta quedan vacios si no hay fuente real conectada."
19940704_United_States_vs_Brazil,1994-07-04,FIFA World Cup,unknown_stage_from_source,United States,Brazil,0,1,0,,1614.790,1837.289,,,,,,,,0.278542,0.661304,Palo Alto,United States,martj42/international_results,https://github.com/martj42/international_results,"Resultados oficiales publicos; Elo e historial usan solo partidos previos. Ranking FIFA, mercado, plantilla y fase exacta quedan vacios si no hay fuente real conectada."
19940705_Mexico_vs_Bulgaria,1994-07-05,FIFA World Cup,unknown_stage_from_source,Mexico,Bulgaria,1,1,1,,1770.441,1692.475,,,,,,,,0.307500,0.212895,East Rutherford,United States,martj42/international_results,https://github.com/martj42/international_results,"Resultados oficiales publicos; Elo e historial usan solo partidos previos. Ranking FIFA, mercado, plantilla y fase exacta quedan vacios si no hay fuente real conectada."
19940705_Nigeria_vs_Italy,1994-07-05,FIFA World Cup,unknown_stage_from_source,Nigeria,Italy,1,2,1,,1747.582,1819.740,,,,,,,,0.696667,0.626299,Foxborough,United States,martj42/international_results,https://github.com/martj42/international_results,"Resultados oficiales publicos; Elo e historial usan solo partidos previos. Ranking FIFA, mercado, plantilla y fase exacta quedan vacios si no hay fuente real conectada."
19940709_Italy_vs_Spain,1994-07-09,FIFA World Cup,unknown_stage_from_source,Italy,Spain,2,1,1,,1836.440,1802.927,,,,,,,,0.631063,0.486905,Foxborough,United States,martj42/international_results,https://github.com/martj42/international_results,"Resultados oficiales publicos; Elo e historial usan solo partidos previos. Ranking FIFA, mercado, plantilla y fase exacta quedan vacios si no hay fuente real conectada."
19940709_Netherlands_vs_Brazil,1994-07-09,FIFA World Cup,unknown_stage_from_source,Netherlands,Brazil,2,3,1,,1838.398,1846.420,,,,,,,,0.590789,0.662750,Dallas,United States,martj42/international_results,https://github.com/martj42/international_results,"Resultados oficiales publicos; Elo e historial usan solo partidos previos. Ranking FIFA, mercado, plantilla y fase exacta quedan vacios si no hay fuente real conectada."
19940710_Bulgaria_vs_Germany,1994-07-10,FIFA World Cup,unknown_stage_from_source,Bulgaria,Germany,2,1,1,,1697.110,1885.476,,,,,,,,0.220417,0.658533,East Rutherford,United States,martj42/international_results,https://github.com/martj42/international_results,"Resultados oficiales publicos; Elo e historial usan solo partidos previos. Ranking FIFA, mercado, plantilla y fase exacta quedan vacios si no hay fuente real conectada."
19940710_Romania_vs_Sweden,1994-07-10,FIFA World Cup,unknown_stage_from_source,Romania,Sweden,2,2,1,,1766.074,1798.721,,,,,,,,0.394649,0.473077,Palo Alto,United States,martj42/international_results,https://github.com/martj42/international_results,"Resultados oficiales publicos; Elo e historial usan solo partidos previos. Ranking FIFA, mercado, plantilla y fase exacta quedan vacios si no hay fuente real conectada."
19940713_Bulgaria_vs_Italy,1994-07-13,FIFA World Cup,unknown_stage_from_source,Bulgaria,Italy,1,2,1,,1728.497,1855.421,,,,,,,,0.255397,0.635690,East Rutherford,United States,martj42/international_results,https://github.com/martj42/international_results,"Resultados oficiales publicos; Elo e historial usan solo partidos previos. Ranking FIFA, mercado, plantilla y fase exacta quedan vacios si no hay fuente real conectada."
19940713_Sweden_vs_Brazil,1994-07-13,FIFA World Cup,unknown_stage_from_source,Sweden,Brazil,0,1,1,,1796.754,1866.936,,,,,,,,0.470333,0.664183,Pasadena,United States,martj42/international_results,https://github.com/martj42/international_results,"Resultados oficiales publicos; Elo e historial usan solo partidos previos. Ranking FIFA, mercado, plantilla y fase exacta quedan vacios si no hay fuente real conectada."
19940716_Sweden_vs_Bulgaria,1994-07-16,FIFA World Cup,unknown_stage_from_source,Sweden,Bulgaria,4,0,1,,1779.939,1714.845,,,,,,,,0.459959,0.245833,Pasadena,United States,martj42/international_results,https://github.com/martj42/international_results,"Resultados oficiales publicos; Elo e historial usan solo partidos previos. Ranking FIFA, mercado, plantilla y fase exacta quedan vacios si no hay fuente real conectada."
19940717_Brazil_vs_Italy,1994-07-17,FIFA World Cup,unknown_stage_from_source,Brazil,Italy,0,0,1,,1883.750,1869.073,,,,,,,,0.665602,0.640188,Pasadena,United States,martj42/international_results,https://github.com/martj42/international_results,"Resultados oficiales publicos; Elo e historial usan solo partidos previos. Ranking FIFA, mercado, plantilla y fase exacta quedan vacios si no hay fuente real conectada."
19950705_Uruguay_vs_Venezuela,1995-07-05,Copa América,unknown_stage_from_source,Uruguay,Venezuela,4,1,0,,1671.662,1267.074,,,,,,,,0.632252,0.041500,Montevideo,Uruguay,martj42/international_results,https://github.com/martj42/international_results,"Resultados oficiales publicos; Elo e historial usan solo partidos previos. Ranking FIFA, mercado, plantilla y fase exacta quedan vacios si no hay fuente real conectada."
19950706_Mexico_vs_Paraguay,1995-07-06,Copa América,unknown_stage_from_source,Mexico,Paraguay,1,2,1,,1759.122,1586.868,,,,,,,,0.308932,0.451690,Maldonado,Uruguay,martj42/international_results,https://github.com/martj42/international_results,"Resultados oficiales publicos; Elo e historial usan solo partidos previos. Ranking FIFA, mercado, plantilla y fase exacta quedan vacios si no hay fuente real conectada."
19950707_Brazil_vs_Ecuador,1995-07-07,Copa América,unknown_stage_from_source,Brazil,Ecuador,1,0,1,,1896.411,1572.804,,,,,,,,0.664134,0.148390,Rivera,Uruguay,martj42/international_results,https://github.com/martj42/international_results,"Resultados oficiales publicos; Elo e historial usan solo partidos previos. Ranking FIFA, mercado, plantilla y fase exacta quedan vacios si no hay fuente real conectada."
19950707_Colombia_vs_Peru,1995-07-07,Copa América,unknown_stage_from_source,Colombia,Peru,1,1,1,,1743.243,1487.351,,,,,,,,0.341604,0.421325,Rivera,Uruguay,martj42/international_results,https://github.com/martj42/international_results,"Resultados oficiales publicos; Elo e historial usan solo partidos previos. Ranking FIFA, mercado, plantilla y fase exacta quedan vacios si no hay fuente real conectada."
19950708_Argentina_vs_Bolivia,1995-07-08,Copa América,unknown_stage_from_source,Argentina,Bolivia,2,1,1,,1781.837,1534.128,,,,,,,,0.695788,0.183818,Paysandú,Uruguay,martj42/international_results,https://github.com/martj42/international_results,"Resultados oficiales publicos; Elo e historial usan solo partidos previos. Ranking FIFA, mercado, plantilla y fase exacta quedan vacios si no hay fuente real conectada."
19950708_United_States_vs_Chile,1995-07-08,Copa América,unknown_stage_from_source,United States,Chile,2,1,1,,1631.558,1623.904,,,,,,,,0.264804,0.410723,Paysandú,Uruguay,martj42/international_results,https://github.com/martj42/international_results,"Resultados oficiales publicos; Elo e historial usan solo partidos previos. Ranking FIFA, mercado, plantilla y fase exacta quedan vacios si no hay fuente real conectada."
19950709_Mexico_vs_Venezuela,1995-07-09,Copa América,unknown_stage_from_source,Mexico,Venezuela,3,1,1,,1728.487,1262.710,,,,,,,,0.302333,0.038710,Maldonado,Uruguay,martj42/international_results,https://github.com/martj42/international_results,"Resultados oficiales publicos; Elo e historial usan solo partidos previos. Ranking FIFA, mercado, plantilla y fase exacta quedan vacios si no hay fuente real conectada."
19950709_Uruguay_vs_Paraguay,1995-07-09,Copa América,unknown_stage_from_source,Uruguay,Paraguay,1,0,0,,1676.026,1617.502,,,,,,,,0.634436,0.455235,Montevideo,Uruguay,martj42/international_results,https://github.com/martj42/international_results,"Resultados oficiales publicos; Elo e historial usan solo partidos previos. Ranking FIFA, mercado, plantilla y fase exacta quedan vacios si no hay fuente real conectada."
19950710_Brazil_vs_Peru,1995-07-10,Copa América,unknown_stage_from_source,Brazil,Peru,2,0,1,,1902.055,1500.519,,,,,,,,0.665539,0.420854,Rivera,Uruguay,martj42/international_results,https://github.com/martj42/international_results,"Resultados oficiales publicos; Elo e historial usan solo partidos previos. Ranking FIFA, mercado, plantilla y fase exacta quedan vacios si no hay fuente real conectada."
19950710_Colombia_vs_Ecuador,1995-07-10,Copa América,unknown_stage_from_source,Colombia,Ecuador,1,0,1,,1730.075,1567.160,,,,,,,,0.341872,0.147241,Rivera,Uruguay,martj42/international_results,https://github.com/martj42/international_results,"Resultados oficiales publicos; Elo e historial usan solo partidos previos. Ranking FIFA, mercado, plantilla y fase exacta quedan vacios si no hay fuente real conectada."
19950711_Argentina_vs_Chile,1995-07-11,Copa América,unknown_stage_from_source,Argentina,Chile,4,0,1,,1789.974,1603.367,,,,,,,,0.697071,0.408437,Paysandú,Uruguay,martj42/international_results,https://github.com/martj42/international_results,"Resultados oficiales publicos; Elo e historial usan solo partidos previos. Ranking FIFA, mercado, plantilla y fase exacta quedan vacios si no hay fuente real conectada."
19950711_United_States_vs_Bolivia,1995-07-11,Copa América,unknown_stage_from_source,United States,Bolivia,0,1,1,,1652.095,1525.991,,,,,,,,0.303148,0.182222,Paysandú,Uruguay,martj42/international_results,https://github.com/martj42/international_results,"Resultados oficiales publicos; Elo e historial usan solo partidos previos. Ranking FIFA, mercado, plantilla y fase exacta quedan vacios si no hay fuente real conectada."
19950712_Paraguay_vs_Venezuela,1995-07-12,Copa América,unknown_stage_from_source,Paraguay,Venezuela,3,2,1,,1600.007,1260.269,,,,,,,,0.452366,0.037500,Maldonado,Uruguay,martj42/international_results,https://github.com/martj42/international_results,"Resultados oficiales publicos; Elo e historial usan solo partidos previos. Ranking FIFA, mercado, plantilla y fase exacta quedan vacios si no hay fuente real conectada."
19950713_Brazil_vs_Colombia,1995-07-13,Copa América,unknown_stage_from_source,Brazil,Colombia,3,0,1,,1905.573,1741.891,,,,,,,,0.667147,0.349350,Rivera,Uruguay,martj42/international_results,https://github.com/martj42/international_results,"Resultados oficiales publicos; Elo e historial usan solo partidos previos. Ranking FIFA, mercado, plantilla y fase exacta quedan vacios si no hay fuente real conectada."
19950713_Peru_vs_Ecuador,1995-07-13,Copa América,unknown_stage_from_source,Peru,Ecuador,1,2,1,,1497.000,1555.344,,,,,,,,0.417460,0.146117,Rivera,Uruguay,martj42/international_results,https://github.com/martj42/international_results,"Resultados oficiales publicos; Elo e historial usan solo partidos previos. Ranking FIFA, mercado, plantilla y fase exacta quedan vacios si no hay fuente real conectada."
19950713_Uruguay_vs_Mexico,1995-07-13,Copa América,unknown_stage_from_source,Uruguay,Mexico,1,1,0,,1693.522,1730.928,,,,,,,,0.636123,0.319350,Montevideo,Uruguay,martj42/international_results,https://github.com/martj42/international_results,"Resultados oficiales publicos; Elo e historial usan solo partidos previos. Ranking FIFA, mercado, plantilla y fase exacta quedan vacios si no hay fuente real conectada."
19950714_Argentina_vs_United_States,1995-07-14,Copa América,unknown_stage_from_source,Argentina,United States,0,3,1,,1805.839,1623.791,,,,,,,,0.699007,0.289561,Paysandú,Uruguay,martj42/international_results,https://github.com/martj42/international_results,"Resultados oficiales publicos; Elo e historial usan solo partidos previos. Ranking FIFA, mercado, plantilla y fase exacta quedan vacios si no hay fuente real conectada."
19950714_Chile_vs_Bolivia,1995-07-14,Copa América,unknown_stage_from_source,Chile,Bolivia,2,2,1,,1587.502,1554.295,,,,,,,,0.405342,0.191004,Paysandú,Uruguay,martj42/international_results,https://github.com/martj42/international_results,"Resultados oficiales publicos; Elo e historial usan solo partidos previos. Ranking FIFA, mercado, plantilla y fase exacta quedan vacios si no hay fuente real conectada."
19950716_Paraguay_vs_Colombia,1995-07-16,Copa América,unknown_stage_from_source,Paraguay,Colombia,1,1,1,,1605.212,1726.693,,,,,,,,0.455856,0.344598,Montevideo,Uruguay,martj42/international_results,https://github.com/martj42/international_results,"Resultados oficiales publicos; Elo e historial usan solo partidos previos. Ranking FIFA, mercado, plantilla y fase exacta quedan vacios si no hay fuente real conectada."
19950716_Uruguay_vs_Bolivia,1995-07-16,Copa América,unknown_stage_from_source,Uruguay,Bolivia,2,1,0,,1695.774,1556.296,,,,,,,,0.634695,0.192940,Montevideo,Uruguay,martj42/international_results,https://github.com/martj42/international_results,"Resultados oficiales publicos; Elo e historial usan solo partidos previos. Ranking FIFA, mercado, plantilla y fase exacta quedan vacios si no hay fuente real conectada."
19950717_Brazil_vs_Argentina,1995-07-17,Copa América,unknown_stage_from_source,Brazil,Argentina,2,2,1,,1920.772,1766.025,,,,,,,,0.668955,0.695359,Rivera,Uruguay,martj42/international_results,https://github.com/martj42/international_results,"Resultados oficiales publicos; Elo e historial usan solo partidos previos. Ranking FIFA, mercado, plantilla y fase exacta quedan vacios si no hay fuente real conectada."
19950717_United_States_vs_Mexico,1995-07-17,Copa América,unknown_stage_from_source,United States,Mexico,0,0,1,,1663.605,1728.675,,,,,,,,0.327333,0.320397,Paysandú,Uruguay,martj42/international_results,https://github.com/martj42/international_results,"Resultados oficiales publicos; Elo e historial usan solo partidos previos. Ranking FIFA, mercado, plantilla y fase exacta quedan vacios si no hay fuente real conectada."
19950719_Uruguay_vs_Colombia,1995-07-19,Copa América,unknown_stage_from_source,Uruguay,Colombia,2,0,0,,1708.769,1719.636,,,,,,,,0.636363,0.344821,Montevideo,Uruguay,martj42/international_results,https://github.com/martj42/international_results,"Resultados oficiales publicos; Elo e historial usan solo partidos previos. Ranking FIFA, mercado, plantilla y fase exacta quedan vacios si no hay fuente real conectada."
19950720_United_States_vs_Brazil,1995-07-20,Copa América,unknown_stage_from_source,United States,Brazil,0,1,1,,1667.493,1911.991,,,,,,,,0.329048,0.667500,Maldonado,Uruguay,martj42/international_results,https://github.com/martj42/international_results,"Resultados oficiales publicos; Elo e historial usan solo partidos previos. Ranking FIFA, mercado, plantilla y fase exacta quedan vacios si no hay fuente real conectada."
19950722_Colombia_vs_United_States,1995-07-22,Copa América,unknown_stage_from_source,Colombia,United States,4,1,1,,1695.961,1659.234,,,,,,,,0.340765,0.316136,Maldonado,Uruguay,martj42/international_results,https://github.com/martj42/international_results,"Resultados oficiales publicos; Elo e historial usan solo partidos previos. Ranking FIFA, mercado, plantilla y fase exacta quedan vacios si no hay fuente real conectada."
19950723_Uruguay_vs_Brazil,1995-07-23,Copa América,unknown_stage_from_source,Uruguay,Brazil,1,1,0,,1732.444,1920.250,,,,,,,,0.638247,0.668863,Montevideo,Uruguay,martj42/international_results,https://github.com/martj42/international_results,"Resultados oficiales publicos; Elo e historial usan solo partidos previos. Ranking FIFA, mercado, plantilla y fase exacta quedan vacios si no hay fuente real conectada."
19960608_England_vs_Switzerland,1996-06-08,UEFA Euro,unknown_stage_from_source,England,Switzerland,1,1,0,,1777.178,1684.322,,,,,,,,0.494615,0.314091,London,England,martj42/international_results,https://github.com/martj42/international_results,"Resultados oficiales publicos; Elo e historial usan solo partidos previos. Ranking FIFA, mercado, plantilla y fase exacta quedan vacios si no hay fuente real conectada."
19960609_Denmark_vs_Portugal,1996-06-09,UEFA Euro,unknown_stage_from_source,Denmark,Portugal,1,1,1,,1796.675,1742.092,,,,,,,,0.456944,0.597821,Sheffield,England,martj42/international_results,https://github.com/martj42/international_results,"Resultados oficiales publicos; Elo e historial usan solo partidos previos. Ranking FIFA, mercado, plantilla y fase exacta quedan vacios si no hay fuente real conectada."
19960609_Germany_vs_Czech_Republic,1996-06-09,UEFA Euro,unknown_stage_from_source,Germany,Czech Republic,2,0,1,,1869.840,1618.707,,,,,,,,0.651935,,Manchester,England,martj42/international_results,https://github.com/martj42/international_results,"Resultados oficiales publicos; Elo e historial usan solo partidos previos. Ranking FIFA, mercado, plantilla y fase exacta quedan vacios si no hay fuente real conectada."
19960609_Spain_vs_Bulgaria,1996-06-09,UEFA Euro,unknown_stage_from_source,Spain,Bulgaria,1,1,1,,1834.530,1708.609,,,,,,,,0.478067,0.231232,Leeds,England,martj42/international_results,https://github.com/martj42/international_results,"Resultados oficiales publicos; Elo e historial usan solo partidos previos. Ranking FIFA, mercado, plantilla y fase exacta quedan vacios si no hay fuente real conectada."
19960610_Netherlands_vs_Scotland,1996-06-10,UEFA Euro,unknown_stage_from_source,Netherlands,Scotland,0,0,1,,1786.187,1668.554,,,,,,,,0.576795,0.316087,Birmingham,England,martj42/international_results,https://github.com/martj42/international_results,"Resultados oficiales publicos; Elo e historial usan solo partidos previos. Ranking FIFA, mercado, plantilla y fase exacta quedan vacios si no hay fuente real conectada."
19960610_Romania_vs_France,1996-06-10,UEFA Euro,unknown_stage_from_source,Romania,France,0,1,1,,1760.949,1815.715,,,,,,,,0.393083,0.527689,Newcastle,England,martj42/international_results,https://github.com/martj42/international_results,"Resultados oficiales publicos; Elo e historial usan solo partidos previos. Ranking FIFA, mercado, plantilla y fase exacta quedan vacios si no hay fuente real conectada."
19960611_Italy_vs_Russia,1996-06-11,UEFA Euro,unknown_stage_from_source,Italy,Russia,2,1,1,,1841.229,1784.242,,,,,,,,0.636343,0.541667,Liverpool,England,martj42/international_results,https://github.com/martj42/international_results,"Resultados oficiales publicos; Elo e historial usan solo partidos previos. Ranking FIFA, mercado, plantilla y fase exacta quedan vacios si no hay fuente real conectada."
19960611_Turkey_vs_Croatia,1996-06-11,UEFA Euro,unknown_stage_from_source,Turkey,Croatia,0,1,1,,1606.628,1664.347,,,,,,,,0.348333,,Nottingham,England,martj42/international_results,https://github.com/martj42/international_results,"Resultados oficiales publicos; Elo e historial usan solo partidos previos. Ranking FIFA, mercado, plantilla y fase exacta quedan vacios si no hay fuente real conectada."
19960613_Bulgaria_vs_Romania,1996-06-13,UEFA Euro,unknown_stage_from_source,Bulgaria,Romania,1,0,1,,1715.903,1743.232,,,,,,,,0.236736,0.376508,Newcastle,England,martj42/international_results,https://github.com/martj42/international_results,"Resultados oficiales publicos; Elo e historial usan solo partidos previos. Ranking FIFA, mercado, plantilla y fase exacta quedan vacios si no hay fuente real conectada."
19960613_Switzerland_vs_Netherlands,1996-06-13,UEFA Euro,unknown_stage_from_source,Switzerland,Netherlands,0,2,1,,1689.805,1779.336,,,,,,,,0.316232,0.571458,Birmingham,England,martj42/international_results,https://github.com/martj42/international_results,"Resultados oficiales publicos; Elo e historial usan solo partidos previos. Ranking FIFA, mercado, plantilla y fase exacta quedan vacios si no hay fuente real conectada."
19960614_Czech_Republic_vs_Italy,1996-06-14,UEFA Euro,unknown_stage_from_source,Czech Republic,Italy,2,1,1,,1610.810,1858.815,,,,,,,,0.000000,0.640708,Liverpool,England,martj42/international_results,https://github.com/martj42/international_results,"Resultados oficiales publicos; Elo e historial usan solo partidos previos. Ranking FIFA, mercado, plantilla y fase exacta quedan vacios si no hay fuente real conectada."
19960614_Portugal_vs_Turkey,1996-06-14,UEFA Euro,unknown_stage_from_source,Portugal,Turkey,1,0,1,,1745.364,1589.085,,,,,,,,0.581071,0.272500,Nottingham,England,martj42/international_results,https://github.com/martj42/international_results,"Resultados oficiales publicos; Elo e historial usan solo partidos previos. Ranking FIFA, mercado, plantilla y fase exacta quedan vacios si no hay fuente real conectada."
19960615_England_vs_Scotland,1996-06-15,UEFA Euro,unknown_stage_from_source,England,Scotland,2,0,0,,1771.695,1675.405,,,,,,,,0.492138,0.318056,London,England,martj42/international_results,https://github.com/martj42/international_results,"Resultados oficiales publicos; Elo e historial usan solo partidos previos. Ranking FIFA, mercado, plantilla y fase exacta quedan vacios si no hay fuente real conectada."
19960615_France_vs_Spain,1996-06-15,UEFA Euro,unknown_stage_from_source,France,Spain,1,1,1,,1833.432,1827.235,,,,,,,,0.537185,0.475817,Leeds,England,martj42/international_results,https://github.com/martj42/international_results,"Resultados oficiales publicos; Elo e historial usan solo partidos previos. Ranking FIFA, mercado, plantilla y fase exacta quedan vacios si no hay fuente real conectada."
19960616_Croatia_vs_Denmark,1996-06-16,UEFA Euro,unknown_stage_from_source,Croatia,Denmark,3,0,1,,1681.890,1793.403,,,,,,,,0.955000,0.452018,Sheffield,England,martj42/international_results,https://github.com/martj42/international_results,"Resultados oficiales publicos; Elo e historial usan solo partidos previos. Ranking FIFA, mercado, plantilla y fase exacta quedan vacios si no hay fuente real conectada."
19960616_Russia_vs_Germany,1996-06-16,UEFA Euro,unknown_stage_from_source,Russia,Germany,0,3,1,,1766.656,1877.736,,,,,,,,0.531928,0.655638,Manchester,England,martj42/international_results,https://github.com/martj42/international_results,"Resultados oficiales publicos; Elo e historial usan solo partidos previos. Ranking FIFA, mercado, plantilla y fase exacta quedan vacios si no hay fuente real conectada."
19960618_England_vs_Netherlands,1996-06-18,UEFA Euro,unknown_stage_from_source,England,Netherlands,4,1,0,,1787.825,1795.916,,,,,,,,0.501543,0.581911,London,England,martj42/international_results,https://github.com/martj42/international_results,"Resultados oficiales publicos; Elo e historial usan solo partidos previos. Ranking FIFA, mercado, plantilla y fase exacta quedan vacios si no hay fuente real conectada."
19960618_France_vs_Bulgaria,1996-06-18,UEFA Euro,unknown_stage_from_source,France,Bulgaria,3,1,1,,1833.058,1738.552,,,,,,,,0.533406,0.265467,Newcastle,England,martj42/international_results,https://github.com/martj42/international_results,"Resultados oficiales publicos; Elo e historial usan solo partidos previos. Ranking FIFA, mercado, plantilla y fase exacta quedan vacios si no hay fuente real conectada."
19960618_Romania_vs_Spain,1996-06-18,UEFA Euro,unknown_stage_from_source,Romania,Spain,1,2,1,,1720.584,1827.610,,,,,,,,0.361439,0.473654,Leeds,England,martj42/international_results,https://github.com/martj42/international_results,"Resultados oficiales publicos; Elo e historial usan solo partidos previos. Ranking FIFA, mercado, plantilla y fase exacta quedan vacios si no hay fuente real conectada."
19960618_Scotland_vs_Switzerland,1996-06-18,UEFA Euro,unknown_stage_from_source,Scotland,Switzerland,1,0,1,,1659.275,1673.226,,,,,,,,0.305333,0.303056,Birmingham,England,martj42/international_results,https://github.com/martj42/international_results,"Resultados oficiales publicos; Elo e historial usan solo partidos previos. Ranking FIFA, mercado, plantilla y fase exacta quedan vacios si no hay fuente real conectada."
19960619_Croatia_vs_Portugal,1996-06-19,UEFA Euro,unknown_stage_from_source,Croatia,Portugal,0,3,1,,1718.198,1757.507,,,,,,,,1.000000,0.606000,Nottingham,England,martj42/international_results,https://github.com/martj42/international_results,"Resultados oficiales publicos; Elo e historial usan solo partidos previos. Ranking FIFA, mercado, plantilla y fase exacta quedan vacios si no hay fuente real conectada."
19960619_Italy_vs_Germany,1996-06-19,UEFA Euro,unknown_stage_from_source,Italy,Germany,0,0,1,,1824.941,1896.879,,,,,,,,0.632658,0.659737,Manchester,England,martj42/international_results,https://github.com/martj42/international_results,"Resultados oficiales publicos; Elo e historial usan solo partidos previos. Ranking FIFA, mercado, plantilla y fase exacta quedan vacios si no hay fuente real conectada."
19960619_Russia_vs_Czech_Republic,1996-06-19,UEFA Euro,unknown_stage_from_source,Russia,Czech Republic,3,3,1,,1747.514,1644.684,,,,,,,,0.520833,0.477500,Liverpool,England,martj42/international_results,https://github.com/martj42/international_results,"Resultados oficiales publicos; Elo e historial usan solo partidos previos. Ranking FIFA, mercado, plantilla y fase exacta quedan vacios si no hay fuente real conectada."
19960619_Turkey_vs_Denmark,1996-06-19,UEFA Euro,unknown_stage_from_source,Turkey,Denmark,0,3,1,,1576.942,1757.095,,,,,,,,0.227000,0.427167,Sheffield,England,martj42/international_results,https://github.com/martj42/international_results,"Resultados oficiales publicos; Elo e historial usan solo partidos previos. Ranking FIFA, mercado, plantilla y fase exacta quedan vacios si no hay fuente real conectada."
19960622_England_vs_Spain,1996-06-22,UEFA Euro,unknown_stage_from_source,England,Spain,0,0,0,,1817.506,1842.338,,,,,,,,0.511424,0.482736,London,England,martj42/international_results,https://github.com/martj42/international_results,"Resultados oficiales publicos; Elo e historial usan solo partidos previos. Ranking FIFA, mercado, plantilla y fase exacta quedan vacios si no hay fuente real conectada."
19960622_France_vs_Netherlands,1996-06-22,UEFA Euro,unknown_stage_from_source,France,Netherlands,0,0,1,,1849.306,1766.235,,,,,,,,0.543333,0.566984,Liverpool,England,martj42/international_results,https://github.com/martj42/international_results,"Resultados oficiales publicos; Elo e historial usan solo partidos previos. Ranking FIFA, mercado, plantilla y fase exacta quedan vacios si no hay fuente real conectada."
19960623_Czech_Republic_vs_Portugal,1996-06-23,UEFA Euro,unknown_stage_from_source,Czech Republic,Portugal,1,0,1,,1650.724,1782.886,,,,,,,,0.439444,0.633437,Birmingham,England,martj42/international_results,https://github.com/martj42/international_results,"Resultados oficiales publicos; Elo e historial usan solo partidos previos. Ranking FIFA, mercado, plantilla y fase exacta quedan vacios si no hay fuente real conectada."
19960623_Germany_vs_Croatia,1996-06-23,UEFA Euro,unknown_stage_from_source,Germany,Croatia,2,1,1,,1892.592,1692.819,,,,,,,,0.656649,0.651667,Manchester,England,martj42/international_results,https://github.com/martj42/international_results,"Resultados oficiales publicos; Elo e historial usan solo partidos previos. Ranking FIFA, mercado, plantilla y fase exacta quedan vacios si no hay fuente real conectada."
19960626_England_vs_Germany,1996-06-26,UEFA Euro,unknown_stage_from_source,England,Germany,1,1,0,,1819.004,1902.693,,,,,,,,0.508780,0.659725,London,England,martj42/international_results,https://github.com/martj42/international_results,"Resultados oficiales publicos; Elo e historial usan solo partidos previos. Ranking FIFA, mercado, plantilla y fase exacta quedan vacios si no hay fuente real conectada."
19960626_France_vs_Czech_Republic,1996-06-26,UEFA Euro,unknown_stage_from_source,France,Czech Republic,0,0,1,,1844.378,1679.348,,,,,,,,0.539583,0.568333,Manchester,England,martj42/international_results,https://github.com/martj42/international_results,"Resultados oficiales publicos; Elo e historial usan solo partidos previos. Ranking FIFA, mercado, plantilla y fase exacta quedan vacios si no hay fuente real conectada."
19960630_Czech_Republic_vs_Germany,1996-06-30,UEFA Euro,unknown_stage_from_source,Czech Republic,Germany,1,2,1,,1688.635,1897.730,,,,,,,,0.527333,0.656701,London,England,martj42/international_results,https://github.com/martj42/international_results,"Resultados oficiales publicos; Elo e historial usan solo partidos previos. Ranking FIFA, mercado, plantilla y fase exacta quedan vacios si no hay fuente real conectada."
19970611_Argentina_vs_Ecuador,1997-06-11,Copa América,unknown_stage_from_source,Argentina,Ecuador,0,0,1,,1736.706,1596.814,,,,,,,,0.693740,0.154909,Cochabamba,Bolivia,martj42/international_results,https://github.com/martj42/international_results,"Resultados oficiales publicos; Elo e historial usan solo partidos previos. Ranking FIFA, mercado, plantilla y fase exacta quedan vacios si no hay fuente real conectada."
19970611_Chile_vs_Paraguay,1997-06-11,Copa América,unknown_stage_from_source,Chile,Paraguay,0,1,1,,1612.168,1703.341,,,,,,,,0.405082,0.455218,Cochabamba,Bolivia,martj42/international_results,https://github.com/martj42/international_results,"Resultados oficiales publicos; Elo e historial usan solo partidos previos. Ranking FIFA, mercado, plantilla y fase exacta quedan vacios si no hay fuente real conectada."
19970612_Bolivia_vs_Venezuela,1997-06-12,Copa América,unknown_stage_from_source,Bolivia,Venezuela,1,0,0,,1588.432,1262.575,,,,,,,,0.191296,0.037727,La Paz,Bolivia,martj42/international_results,https://github.com/martj42/international_results,"Resultados oficiales publicos; Elo e historial usan solo partidos previos. Ranking FIFA, mercado, plantilla y fase exacta quedan vacios si no hay fuente real conectada."
19970612_Peru_vs_Uruguay,1997-06-12,Copa América,unknown_stage_from_source,Peru,Uruguay,1,0,1,,1550.631,1648.372,,,,,,,,0.414480,0.636830,Sucre,Bolivia,martj42/international_results,https://github.com/martj42/international_results,"Resultados oficiales publicos; Elo e historial usan solo partidos previos. Ranking FIFA, mercado, plantilla y fase exacta quedan vacios si no hay fuente real conectada."
19970613_Brazil_vs_Costa_Rica,1997-06-13,Copa América,unknown_stage_from_source,Brazil,Costa Rica,5,0,1,,1926.891,1629.497,,,,,,,,0.667421,0.477500,Santa Cruz,Bolivia,martj42/international_results,https://github.com/martj42/international_results,"Resultados oficiales publicos; Elo e historial usan solo partidos previos. Ranking FIFA, mercado, plantilla y fase exacta quedan vacios si no hay fuente real conectada."
19970613_Mexico_vs_Colombia,1997-06-13,Copa América,unknown_stage_from_source,Mexico,Colombia,2,1,1,,1742.491,1698.468,,,,,,,,0.321395,0.348953,Santa Cruz,Bolivia,martj42/international_results,https://github.com/martj42/international_results,"Resultados oficiales publicos; Elo e historial usan solo partidos previos. Ranking FIFA, mercado, plantilla y fase exacta quedan vacios si no hay fuente real conectada."
19970614_Argentina_vs_Chile,1997-06-14,Copa América,unknown_stage_from_source,Argentina,Chile,2,0,1,,1728.680,1596.556,,,,,,,,0.692136,0.402873,Cochabamba,Bolivia,martj42/international_results,https://github.com/martj42/international_results,"Resultados oficiales publicos; Elo e historial usan solo partidos previos. Ranking FIFA, mercado, plantilla y fase exacta quedan vacios si no hay fuente real conectada."
19970614_Paraguay_vs_Ecuador,1997-06-14,Copa América,unknown_stage_from_source,Paraguay,Ecuador,0,2,1,,1718.954,1604.840,,,,,,,,0.458642,0.157151,Cochabamba,Bolivia,martj42/international_results,https://github.com/martj42/international_results,"Resultados oficiales publicos; Elo e historial usan solo partidos previos. Ranking FIFA, mercado, plantilla y fase exacta quedan vacios si no hay fuente real conectada."
19970615_Bolivia_vs_Peru,1997-06-15,Copa América,unknown_stage_from_source,Bolivia,Peru,2,0,0,,1594.012,1577.388,,,,,,,,0.199689,0.418770,La Paz,Bolivia,martj42/international_results,https://github.com/martj42/international_results,"Resultados oficiales publicos; Elo e historial usan solo partidos previos. Ranking FIFA, mercado, plantilla y fase exacta quedan vacios si no hay fuente real conectada."
19970615_Uruguay_vs_Venezuela,1997-06-15,Copa América,unknown_stage_from_source,Uruguay,Venezuela,2,0,1,,1621.615,1256.994,,,,,,,,0.633795,0.037941,Sucre,Bolivia,martj42/international_results,https://github.com/martj42/international_results,"Resultados oficiales publicos; Elo e historial usan solo partidos previos. Ranking FIFA, mercado, plantilla y fase exacta quedan vacios si no hay fuente real conectada."
19970616_Brazil_vs_Mexico,1997-06-16,Copa América,unknown_stage_from_source,Brazil,Mexico,3,2,1,,1937.028,1760.845,,,,,,,,0.669617,0.335795,Santa Cruz,Bolivia,martj42/international_results,https://github.com/martj42/international_results,"Resultados oficiales publicos; Elo e historial usan solo partidos previos. Ranking FIFA, mercado, plantilla y fase exacta quedan vacios si no hay fuente real conectada."
19970616_Colombia_vs_Costa_Rica,1997-06-16,Copa América,unknown_stage_from_source,Colombia,Costa Rica,4,1,1,,1680.114,1619.360,,,,,,,,0.345460,0.355000,Santa Cruz,Bolivia,martj42/international_results,https://github.com/martj42/international_results,"Resultados oficiales publicos; Elo e historial usan solo partidos previos. Ranking FIFA, mercado, plantilla y fase exacta quedan vacios si no hay fuente real conectada."
19970617_Argentina_vs_Paraguay,1997-06-17,Copa América,unknown_stage_from_source,Argentina,Paraguay,1,1,1,,1742.544,1690.065,,,,,,,,0.693623,0.455522,Cochabamba,Bolivia,martj42/international_results,https://github.com/martj42/international_results,"Resultados oficiales publicos; Elo e historial usan solo partidos previos. Ranking FIFA, mercado, plantilla y fase exacta quedan vacios si no hay fuente real conectada."
19970617_Chile_vs_Ecuador,1997-06-17,Copa América,unknown_stage_from_source,Chile,Ecuador,1,2,1,,1582.691,1633.729,,,,,,,,0.400417,0.166117,Cochabamba,Bolivia,martj42/international_results,https://github.com/martj42/international_results,"Resultados oficiales publicos; Elo e historial usan solo partidos previos. Ranking FIFA, mercado, plantilla y fase exacta quedan vacios si no hay fuente real conectada."
19970618_Bolivia_vs_Uruguay,1997-06-18,Copa América,unknown_stage_from_source,Bolivia,Uruguay,1,0,0,,1615.815,1625.937,,,,,,,,0.208388,0.635663,La Paz,Bolivia,martj42/international_results,https://github.com/martj42/international_results,"Resultados oficiales publicos; Elo e historial usan solo partidos previos. Ranking FIFA, mercado, plantilla y fase exacta quedan vacios si no hay fuente real conectada."
19970618_Peru_vs_Venezuela,1997-06-18,Copa América,unknown_stage_from_source,Peru,Venezuela,2,0,1,,1555.585,1252.672,,,,,,,,0.415472,0.036857,Sucre,Bolivia,martj42/international_results,https://github.com/martj42/international_results,"Resultados oficiales publicos; Elo e historial usan solo partidos previos. Ranking FIFA, mercado, plantilla y fase exacta quedan vacios si no hay fuente real conectada."
19970619_Brazil_vs_Colombia,1997-06-19,Copa América,unknown_stage_from_source,Brazil,Colombia,2,0,1,,1948.207,1703.540,,,,,,,,0.670950,0.353409,Santa Cruz,Bolivia,martj42/international_results,https://github.com/martj42/international_results,"Resultados oficiales publicos; Elo e historial usan solo partidos previos. Ranking FIFA, mercado, plantilla y fase exacta quedan vacios si no hay fuente real conectada."
19970619_Mexico_vs_Costa_Rica,1997-06-19,Copa América,unknown_stage_from_source,Mexico,Costa Rica,1,1,1,,1749.666,1595.934,,,,,,,,0.329333,0.288333,Santa Cruz,Bolivia,martj42/international_results,https://github.com/martj42/international_results,"Resultados oficiales publicos; Elo e historial usan solo partidos previos. Ranking FIFA, mercado, plantilla y fase exacta quedan vacios si no hay fuente real conectada."
19970621_Bolivia_vs_Colombia,1997-06-21,Copa América,unknown_stage_from_source,Bolivia,Colombia,2,1,0,,1637.427,1695.382,,,,,,,,0.216416,0.349438,La Paz,Bolivia,martj42/international_results,https://github.com/martj42/international_results,"Resultados oficiales publicos; Elo e historial usan solo partidos previos. Ranking FIFA, mercado, plantilla y fase exacta quedan vacios si no hay fuente real conectada."
19970621_Peru_vs_Argentina,1997-06-21,Copa América,unknown_stage_from_source,Peru,Argentina,2,1,1,,1561.622,1739.396,,,,,,,,0.420039,0.692035,Sucre,Bolivia,martj42/international_results,https://github.com/martj42/international_results,"Resultados oficiales publicos; Elo e historial usan solo partidos previos. Ranking FIFA, mercado, plantilla y fase exacta quedan vacios si no hay fuente real conectada."
19970622_Brazil_vs_Paraguay,1997-06-22,Copa América,unknown_stage_from_source,Brazil,Paraguay,2,0,1,,1956.365,1693.213,,,,,,,,0.672481,0.454899,Santa Cruz,Bolivia,martj42/international_results,https://github.com/martj42/international_results,"Resultados oficiales publicos; Elo e historial usan solo partidos previos. Ranking FIFA, mercado, plantilla y fase exacta quedan vacios si no hay fuente real conectada."
19970622_Ecuador_vs_Mexico,1997-06-22,Copa América,unknown_stage_from_source,Ecuador,Mexico,1,1,1,,1651.666,1740.936,,,,,,,,0.174421,0.330072,Cochabamba,Bolivia,martj42/international_results,https://github.com/martj42/international_results,"Resultados oficiales publicos; Elo e historial usan solo partidos previos. Ranking FIFA, mercado, plantilla y fase exacta quedan vacios si no hay fuente real conectada."
19970625_Bolivia_vs_Mexico,1997-06-25,Copa América,unknown_stage_from_source,Bolivia,Mexico,3,1,0,,1661.898,1735.656,,,,,,,,0.224273,0.330780,La Paz,Bolivia,martj42/international_results,https://github.com/martj42/international_results,"Resultados oficiales publicos; Elo e historial usan solo partidos previos. Ranking FIFA, mercado, plantilla y fase exacta quedan vacios si no hay fuente real conectada."
19970626_Brazil_vs_Peru,1997-06-26,Copa América,unknown_stage_from_source,Brazil,Peru,7,0,1,,1963.793,1592.518,,,,,,,,0.673997,0.424186,Santa Cruz,Bolivia,martj42/international_results,https://github.com/martj42/international_results,"Resultados oficiales publicos; Elo e historial usan solo partidos previos. Ranking FIFA, mercado, plantilla y fase exacta quedan vacios si no hay fuente real conectada."
19970628_Mexico_vs_Peru,1997-06-28,Copa América,unknown_stage_from_source,Mexico,Peru,1,0,1,,1708.665,1584.632,,,,,,,,0.323889,0.419192,Oruro,Bolivia,martj42/international_results,https://github.com/martj42/international_results,"Resultados oficiales publicos; Elo e historial usan solo partidos previos. Ranking FIFA, mercado, plantilla y fase exacta quedan vacios si no hay fuente real conectada."
19970629_Bolivia_vs_Brazil,1997-06-29,Copa América,unknown_stage_from_source,Bolivia,Brazil,1,3,0,,1688.889,1971.679,,,,,,,,0.232439,0.676536,La Paz,Bolivia,martj42/international_results,https://github.com/martj42/international_results,"Resultados oficiales publicos; Elo e historial usan solo partidos previos. Ranking FIFA, mercado, plantilla y fase exacta quedan vacios si no hay fuente real conectada."
19980610_Brazil_vs_Scotland,1998-06-10,FIFA World Cup,unknown_stage_from_source,Brazil,Scotland,2,1,1,,1975.206,1686.033,,,,,,,,0.678020,0.330321,Saint-Denis,France,martj42/international_results,https://github.com/martj42/international_results,"Resultados oficiales publicos; Elo e historial usan solo partidos previos. Ranking FIFA, mercado, plantilla y fase exacta quedan vacios si no hay fuente real conectada."
19980610_Morocco_vs_Norway,1998-06-10,FIFA World Cup,unknown_stage_from_source,Morocco,Norway,2,2,1,,1742.398,1771.666,,,,,,,,0.227000,0.352083,Montpellier,France,martj42/international_results,https://github.com/martj42/international_results,"Resultados oficiales publicos; Elo e historial usan solo partidos previos. Ranking FIFA, mercado, plantilla y fase exacta quedan vacios si no hay fuente real conectada."
19980611_Cameroon_vs_Austria,1998-06-11,FIFA World Cup,unknown_stage_from_source,Cameroon,Austria,1,1,1,,1631.627,1655.104,,,,,,,,0.372121,0.484295,Toulouse,France,martj42/international_results,https://github.com/martj42/international_results,"Resultados oficiales publicos; Elo e historial usan solo partidos previos. Ranking FIFA, mercado, plantilla y fase exacta quedan vacios si no hay fuente real conectada."
19980611_Italy_vs_Chile,1998-06-11,FIFA World Cup,unknown_stage_from_source,Italy,Chile,2,2,1,,1832.101,1664.837,,,,,,,,0.629067,0.398263,Bordeaux,France,martj42/international_results,https://github.com/martj42/international_results,"Resultados oficiales publicos; Elo e historial usan solo partidos previos. Ranking FIFA, mercado, plantilla y fase exacta quedan vacios si no hay fuente real conectada."
19980612_France_vs_South_Africa,1998-06-12,FIFA World Cup,unknown_stage_from_source,France,South Africa,3,0,0,,1847.411,1662.559,,,,,,,,0.535986,,Marseille,France,martj42/international_results,https://github.com/martj42/international_results,"Resultados oficiales publicos; Elo e historial usan solo partidos previos. Ranking FIFA, mercado, plantilla y fase exacta quedan vacios si no hay fuente real conectada."
19980612_Paraguay_vs_Bulgaria,1998-06-12,FIFA World Cup,unknown_stage_from_source,Paraguay,Bulgaria,0,0,1,,1626.673,1711.577,,,,,,,,0.451846,0.255256,Montpellier,France,martj42/international_results,https://github.com/martj42/international_results,"Resultados oficiales publicos; Elo e historial usan solo partidos previos. Ranking FIFA, mercado, plantilla y fase exacta quedan vacios si no hay fuente real conectada."
19980612_Saudi_Arabia_vs_Denmark,1998-06-12,FIFA World Cup,unknown_stage_from_source,Saudi Arabia,Denmark,0,1,1,,1716.714,1756.772,,,,,,,,0.488750,0.456587,Lens,France,martj42/international_results,https://github.com/martj42/international_results,"Resultados oficiales publicos; Elo e historial usan solo partidos previos. Ranking FIFA, mercado, plantilla y fase exacta quedan vacios si no hay fuente real conectada."
19980613_South_Korea_vs_Mexico,1998-06-13,FIFA World Cup,unknown_stage_from_source,South Korea,Mexico,1,3,1,,1767.352,1752.996,,,,,,,,0.062273,0.336769,Lyon,France,martj42/international_results,https://github.com/martj42/international_results,"Resultados oficiales publicos; Elo e historial usan solo partidos previos. Ranking FIFA, mercado, plantilla y fase exacta quedan vacios si no hay fuente real conectada."
19980613_Netherlands_vs_Belgium,1998-06-13,FIFA World Cup,unknown_stage_from_source,Netherlands,Belgium,0,0,1,,1808.059,1720.700,,,,,,,,0.562248,0.368421,Saint-Denis,France,martj42/international_results,https://github.com/martj42/international_results,"Resultados oficiales publicos; Elo e historial usan solo partidos previos. Ranking FIFA, mercado, plantilla y fase exacta quedan vacios si no hay fuente real conectada."
19980613_Spain_vs_Nigeria,1998-06-13,FIFA World Cup,unknown_stage_from_source,Spain,Nigeria,2,3,1,,1857.009,1677.585,,,,,,,,0.480525,0.533750,Nantes,France,martj42/international_results,https://github.com/martj42/international_results,"Resultados oficiales publicos; Elo e historial usan solo partidos previos. Ranking FIFA, mercado, plantilla y fase exacta quedan vacios si no hay fuente real conectada."
19980614_Argentina_vs_Japan,1998-06-14,FIFA World Cup,unknown_stage_from_source,Argentina,Japan,1,0,1,,1757.282,1737.954,,,,,,,,0.688939,,Toulouse,France,martj42/international_results,https://github.com/martj42/international_results,"Resultados oficiales publicos; Elo e historial usan solo partidos previos. Ranking FIFA, mercado, plantilla y fase exacta quedan vacios si no hay fuente real conectada."
19980614_Jamaica_vs_Croatia,1998-06-14,FIFA World Cup,unknown_stage_from_source,Jamaica,Croatia,1,3,1,,1661.668,1718.791,,,,,,,,,0.500000,Lens,France,martj42/international_results,https://github.com/martj42/international_results,"Resultados oficiales publicos; Elo e historial usan solo partidos previos. Ranking FIFA, mercado, plantilla y fase exacta quedan vacios si no hay fuente real conectada."
19980614_Serbia_vs_Iran,1998-06-14,FIFA World Cup,unknown_stage_from_source,Serbia,Iran,1,0,1,,1710.518,1705.315,,,,,,,,,0.091111,Saint-Étienne,France,martj42/international_results,https://github.com/martj42/international_results,"Resultados oficiales publicos; Elo e historial usan solo partidos previos. Ranking FIFA, mercado, plantilla y fase exacta quedan vacios si no hay fuente real conectada."
19980615_England_vs_Tunisia,1998-06-15,FIFA World Cup,unknown_stage_from_source,England,Tunisia,2,0,1,,1853.462,1670.513,,,,,,,,0.506228,0.469444,Marseille,France,martj42/international_results,https://github.com/martj42/international_results,"Resultados oficiales publicos; Elo e historial usan solo partidos previos. Ranking FIFA, mercado, plantilla y fase exacta quedan vacios si no hay fuente real conectada."
19980615_Germany_vs_United_States,1998-06-15,FIFA World Cup,unknown_stage_from_source,Germany,United States,2,0,1,,1896.042,1712.790,,,,,,,,0.659714,0.300435,Paris,France,martj42/international_results,https://github.com/martj42/international_results,"Resultados oficiales publicos; Elo e historial usan solo partidos previos. Ranking FIFA, mercado, plantilla y fase exacta quedan vacios si no hay fuente real conectada."
19980615_Romania_vs_Colombia,1998-06-15,FIFA World Cup,unknown_stage_from_source,Romania,Colombia,1,0,1,,1758.571,1663.626,,,,,,,,0.347681,0.346056,Lyon,France,martj42/international_results,https://github.com/martj42/international_results,"Resultados oficiales publicos; Elo e historial usan solo partidos previos. Ranking FIFA, mercado, plantilla y fase exacta quedan vacios si no hay fuente real conectada."
19980616_Brazil_vs_Morocco,1998-06-16,FIFA World Cup,unknown_stage_from_source,Brazil,Morocco,3,0,1,,1981.890,1744.163,,,,,,,,0.679285,0.239394,Nantes,France,martj42/international_results,https://github.com/martj42/international_results,"Resultados oficiales publicos; Elo e historial usan solo partidos previos. Ranking FIFA, mercado, plantilla y fase exacta quedan vacios si no hay fuente real conectada."
19980616_Scotland_vs_Norway,1998-06-16,FIFA World Cup,unknown_stage_from_source,Scotland,Norway,1,1,1,,1679.349,1769.901,,,,,,,,0.319753,0.354333,Bordeaux,France,martj42/international_results,https://github.com/martj42/international_results,"Resultados oficiales publicos; Elo e historial usan solo partidos previos. Ranking FIFA, mercado, plantilla y fase exacta quedan vacios si no hay fuente real conectada."
19980617_Chile_vs_Austria,1998-06-17,FIFA World Cup,unknown_stage_from_source,Chile,Austria,1,1,1,,1674.232,1653.687,,,,,,,,0.398052,0.479815,Saint-Étienne,France,martj42/international_results,https://github.com/martj42/international_results,"Resultados oficiales publicos; Elo e historial usan solo partidos previos. Ranking FIFA, mercado, plantilla y fase exacta quedan vacios si no hay fuente real conectada."
19980617_Italy_vs_Cameroon,1998-06-17,FIFA World Cup,unknown_stage_from_source,Italy,Cameroon,3,0,1,,1822.705,1633.044,,,,,,,,0.625570,0.371389,Montpellier,France,martj42/international_results,https://github.com/martj42/international_results,"Resultados oficiales publicos; Elo e historial usan solo partidos previos. Ranking FIFA, mercado, plantilla y fase exacta quedan vacios si no hay fuente real conectada."
19980618_France_vs_Saudi_Arabia,1998-06-18,FIFA World Cup,unknown_stage_from_source,France,Saudi Arabia,4,0,0,,1861.190,1698.124,,,,,,,,0.546167,0.400000,Saint-Denis,France,martj42/international_results,https://github.com/martj42/international_results,"Resultados oficiales publicos; Elo e historial usan solo partidos previos. Ranking FIFA, mercado, plantilla y fase exacta quedan vacios si no hay fuente real conectada."
19980618_South_Africa_vs_Denmark,1998-06-18,FIFA World Cup,unknown_stage_from_source,South Africa,Denmark,1,1,1,,1648.781,1775.362,,,,,,,,0.000000,0.479242,Toulouse,France,martj42/international_results,https://github.com/martj42/international_results,"Resultados oficiales publicos; Elo e historial usan solo partidos previos. Ranking FIFA, mercado, plantilla y fase exacta quedan vacios si no hay fuente real conectada."
19980619_Nigeria_vs_Bulgaria,1998-06-19,FIFA World Cup,unknown_stage_from_source,Nigeria,Bulgaria,1,0,1,,1708.558,1706.545,,,,,,,,0.618000,0.259259,Paris,France,martj42/international_results,https://github.com/martj42/international_results,"Resultados oficiales publicos; Elo e historial usan solo partidos previos. Ranking FIFA, mercado, plantilla y fase exacta quedan vacios si no hay fuente real conectada."
19980619_Spain_vs_Paraguay,1998-06-19,FIFA World Cup,unknown_stage_from_source,Spain,Paraguay,0,0,1,,1826.035,1631.705,,,,,,,,0.472606,0.451256,Saint-Étienne,France,martj42/international_results,https://github.com/martj42/international_results,"Resultados oficiales publicos; Elo e historial usan solo partidos previos. Ranking FIFA, mercado, plantilla y fase exacta quedan vacios si no hay fuente real conectada."
19980620_Belgium_vs_Mexico,1998-06-20,FIFA World Cup,unknown_stage_from_source,Belgium,Mexico,2,2,1,,1725.872,1776.864,,,,,,,,0.368291,0.350033,Bordeaux,France,martj42/international_results,https://github.com/martj42/international_results,"Resultados oficiales publicos; Elo e historial usan solo partidos previos. Ranking FIFA, mercado, plantilla y fase exacta quedan vacios si no hay fuente real conectada."
19980620_Japan_vs_Croatia,1998-06-20,FIFA World Cup,unknown_stage_from_source,Japan,Croatia,0,1,1,,1718.121,1737.614,,,,,,,,0.045000,0.600000,Nantes,France,martj42/international_results,https://github.com/martj42/international_results,"Resultados oficiales publicos; Elo e historial usan solo partidos previos. Ranking FIFA, mercado, plantilla y fase exacta quedan vacios si no hay fuente real conectada."
19980620_Netherlands_vs_South_Korea,1998-06-20,FIFA World Cup,unknown_stage_from_source,Netherlands,South Korea,5,0,1,,1802.888,1743.485,,,,,,,,0.557727,0.057083,Marseille,France,martj42/international_results,https://github.com/martj42/international_results,"Resultados oficiales publicos; Elo e historial usan solo partidos previos. Ranking FIFA, mercado, plantilla y fase exacta quedan vacios si no hay fuente real conectada."
19980621_Argentina_vs_Jamaica,1998-06-21,FIFA World Cup,unknown_stage_from_source,Argentina,Jamaica,5,0,1,,1777.115,1642.845,,,,,,,,0.690206,0.000000,Paris,France,martj42/international_results,https://github.com/martj42/international_results,"Resultados oficiales publicos; Elo e historial usan solo partidos previos. Ranking FIFA, mercado, plantilla y fase exacta quedan vacios si no hay fuente real conectada."
19980621_Germany_vs_Serbia,1998-06-21,FIFA World Cup,unknown_stage_from_source,Germany,Serbia,2,2,1,,1907.043,1731.203,,,,,,,,0.663117,0.955000,Lens,France,martj42/international_results,https://github.com/martj42/international_results,"Resultados oficiales publicos; Elo e historial usan solo partidos previos. Ranking FIFA, mercado, plantilla y fase exacta quedan vacios si no hay fuente real conectada."
19980621_United_States_vs_Iran,1998-06-21,FIFA World Cup,unknown_stage_from_source,United States,Iran,1,2,1,,1701.788,1684.630,,,,,,,,0.287917,0.079583,Lyon,France,martj42/international_results,https://github.com/martj42/international_results,"Resultados oficiales publicos; Elo e historial usan solo partidos previos. Ranking FIFA, mercado, plantilla y fase exacta quedan vacios si no hay fuente real conectada."
19980622_Colombia_vs_Tunisia,1998-06-22,FIFA World Cup,unknown_stage_from_source,Colombia,Tunisia,1,0,1,,1648.226,1659.495,,,,,,,,0.342747,0.352083,Montpellier,France,martj42/international_results,https://github.com/martj42/international_results,"Resultados oficiales publicos; Elo e historial usan solo partidos previos. Ranking FIFA, mercado, plantilla y fase exacta quedan vacios si no hay fuente real conectada."
19980622_Romania_vs_England,1998-06-22,FIFA World Cup,unknown_stage_from_source,Romania,England,2,1,1,,1773.971,1864.479,,,,,,,,0.372986,0.514741,Toulouse,France,martj42/international_results,https://github.com/martj42/international_results,"Resultados oficiales publicos; Elo e historial usan solo partidos previos. Ranking FIFA, mercado, plantilla y fase exacta quedan vacios si no hay fuente real conectada."
19980623_Brazil_vs_Norway,1998-06-23,FIFA World Cup,unknown_stage_from_source,Brazil,Norway,1,2,1,,1992.550,1764.548,,,,,,,,0.680947,0.355833,Marseille,France,martj42/international_results,https://github.com/martj42/international_results,"Resultados oficiales publicos; Elo e historial usan solo partidos previos. Ranking FIFA, mercado, plantilla y fase exacta quedan vacios si no hay fuente real conectada."
19980623_Chile_vs_Cameroon,1998-06-23,FIFA World Cup,unknown_stage_from_source,Chile,Cameroon,1,1,1,,1672.992,1619.574,,,,,,,,0.397844,0.339359,Nantes,France,martj42/international_results,https://github.com/martj42/international_results,"Resultados oficiales publicos; Elo e historial usan solo partidos previos. Ranking FIFA, mercado, plantilla y fase exacta quedan vacios si no hay fuente real conectada."
19980623_Italy_vs_Austria,1998-06-23,FIFA World Cup,unknown_stage_from_source,Italy,Austria,2,1,1,,1836.175,1654.927,,,,,,,,0.631017,0.475655,Saint-Denis,France,martj42/international_results,https://github.com/martj42/international_results,"Resultados oficiales publicos; Elo e historial usan solo partidos previos. Ranking FIFA, mercado, plantilla y fase exacta quedan vacios si no hay fuente real conectada."
19980623_Scotland_vs_Morocco,1998-06-23,FIFA World Cup,unknown_stage_from_source,Scotland,Morocco,0,3,1,,1684.701,1733.503,,,,,,,,0.321310,0.215694,Saint-Étienne,France,martj42/international_results,https://github.com/martj42/international_results,"Resultados oficiales publicos; Elo e historial usan solo partidos previos. Ranking FIFA, mercado, plantilla y fase exacta quedan vacios si no hay fuente real conectada."
19980624_France_vs_Denmark,1998-06-24,FIFA World Cup,unknown_stage_from_source,France,Denmark,2,1,0,,1878.884,1768.032,,,,,,,,0.556830,0.474203,Lyon,France,martj42/international_results,https://github.com/martj42/international_results,"Resultados oficiales publicos; Elo e historial usan solo partidos previos. Ranking FIFA, mercado, plantilla y fase exacta quedan vacios si no hay fuente real conectada."
19980624_Nigeria_vs_Paraguay,1998-06-24,FIFA World Cup,unknown_stage_from_source,Nigeria,Paraguay,1,3,1,,1729.437,1642.362,,,,,,,,0.674167,0.450673,Toulouse,France,martj42/international_results,https://github.com/martj42/international_results,"Resultados oficiales publicos; Elo e historial usan solo partidos previos. Ranking FIFA, mercado, plantilla y fase exacta quedan vacios si no hay fuente real conectada."
19980624_South_Africa_vs_Saudi_Arabia,1998-06-24,FIFA World Cup,unknown_stage_from_source,South Africa,Saudi Arabia,2,2,1,,1656.110,1680.430,,,,,,,,0.159167,0.318333,Bordeaux,France,martj42/international_results,https://github.com/martj42/international_results,"Resultados oficiales publicos; Elo e historial usan solo partidos previos. Ranking FIFA, mercado, plantilla y fase exacta quedan vacios si no hay fuente real conectada."
19980624_Spain_vs_Bulgaria,1998-06-24,FIFA World Cup,unknown_stage_from_source,Spain,Bulgaria,6,1,1,,1815.378,1685.667,,,,,,,,0.470655,0.251607,Lens,France,martj42/international_results,https://github.com/martj42/international_results,"Resultados oficiales publicos; Elo e historial usan solo partidos previos. Ranking FIFA, mercado, plantilla y fase exacta quedan vacios si no hay fuente real conectada."
19980625_Belgium_vs_South_Korea,1998-06-25,FIFA World Cup,unknown_stage_from_source,Belgium,South Korea,1,1,1,,1728.932,1713.051,,,,,,,,0.368167,0.042308,Paris,France,martj42/international_results,https://github.com/martj42/international_results,"Resultados oficiales publicos; Elo e historial usan solo partidos previos. Ranking FIFA, mercado, plantilla y fase exacta quedan vacios si no hay fuente real conectada."
19980625_Germany_vs_Iran,1998-06-25,FIFA World Cup,unknown_stage_from_source,Germany,Iran,2,0,1,,1897.238,1706.666,,,,,,,,0.660149,0.254667,Montpellier,France,martj42/international_results,https://github.com/martj42/international_results,"Resultados oficiales publicos; Elo e historial usan solo partidos previos. Ranking FIFA, mercado, plantilla y fase exacta quedan vacios si no hay fuente real conectada."
19980625_Netherlands_vs_Mexico,1998-06-25,FIFA World Cup,unknown_stage_from_source,Netherlands,Mexico,2,2,1,,1833.322,1773.803,,,,,,,,0.570556,0.350294,Saint-Étienne,France,martj42/international_results,https://github.com/martj42/international_results,"Resultados oficiales publicos; Elo e historial usan solo partidos previos. Ranking FIFA, mercado, plantilla y fase exacta quedan vacios si no hay fuente real conectada."
19980625_United_States_vs_Serbia,1998-06-25,FIFA World Cup,unknown_stage_from_source,United States,Serbia,0,1,1,,1679.752,1741.008,,,,,,,,0.278200,0.659167,Nantes,France,martj42/international_results,https://github.com/martj42/international_results,"Resultados oficiales publicos; Elo e historial usan solo partidos previos. Ranking FIFA, mercado, plantilla y fase exacta quedan vacios si no hay fuente real conectada."
19980626_Argentina_vs_Croatia,1998-06-26,FIFA World Cup,unknown_stage_from_source,Argentina,Croatia,1,0,1,,1799.517,1757.437,,,,,,,,0.692314,0.659167,Bordeaux,France,martj42/international_results,https://github.com/martj42/international_results,"Resultados oficiales publicos; Elo e historial usan solo partidos previos. Ranking FIFA, mercado, plantilla y fase exacta quedan vacios si no hay fuente real conectada."
19980626_Colombia_vs_England,1998-06-26,FIFA World Cup,unknown_stage_from_source,Colombia,England,0,2,1,,1669.907,1838.129,,,,,,,,0.349402,0.506780,Lens,France,martj42/international_results,https://github.com/martj42/international_results,"Resultados oficiales publicos; Elo e historial usan solo partidos previos. Ranking FIFA, mercado, plantilla y fase exacta quedan vacios si no hay fuente real conectada."
19980626_Japan_vs_Jamaica,1998-06-26,FIFA World Cup,unknown_stage_from_source,Japan,Jamaica,1,2,1,,1698.298,1620.443,,,,,,,,0.045000,0.000000,Lyon,France,martj42/international_results,https://github.com/martj42/international_results,"Resultados oficiales publicos; Elo e historial usan solo partidos previos. Ranking FIFA, mercado, plantilla y fase exacta quedan vacios si no hay fuente real conectada."
19980626_Romania_vs_Tunisia,1998-06-26,FIFA World Cup,unknown_stage_from_source,Romania,Tunisia,1,1,1,,1800.321,1637.815,,,,,,,,0.396267,0.290667,Saint-Denis,France,martj42/international_results,https://github.com/martj42/international_results,"Resultados oficiales publicos; Elo e historial usan solo partidos previos. Ranking FIFA, mercado, plantilla y fase exacta quedan vacios si no hay fuente real conectada."
19980627_Brazil_vs_Chile,1998-06-27,FIFA World Cup,unknown_stage_from_source,Brazil,Chile,4,1,1,,1959.457,1669.788,,,,,,,,0.678069,0.397639,Paris,France,martj42/international_results,https://github.com/martj42/international_results,"Resultados oficiales publicos; Elo e historial usan solo partidos previos. Ranking FIFA, mercado, plantilla y fase exacta quedan vacios si no hay fuente real conectada."
19980627_Italy_vs_Norway,1998-06-27,FIFA World Cup,unknown_stage_from_source,Italy,Norway,1,0,1,,1847.116,1797.641,,,,,,,,0.635171,0.441429,Marseille,France,martj42/international_results,https://github.com/martj42/international_results,"Resultados oficiales publicos; Elo e historial usan solo partidos previos. Ranking FIFA, mercado, plantilla y fase exacta quedan vacios si no hay fuente real conectada."
19980628_France_vs_Paraguay,1998-06-28,FIFA World Cup,unknown_stage_from_source,France,Paraguay,1,0,0,,1893.402,1670.003,,,,,,,,0.564487,0.454287,Lens,France,martj42/international_results,https://github.com/martj42/international_results,"Resultados oficiales publicos; Elo e historial usan solo partidos previos. Ranking FIFA, mercado, plantilla y fase exacta quedan vacios si no hay fuente real conectada."
19980628_Nigeria_vs_Denmark,1998-06-28,FIFA World Cup,unknown_stage_from_source,Nigeria,Denmark,1,4,1,,1701.796,1753.514,,,,,,,,0.577857,0.456319,Saint-Denis,France,martj42/international_results,https://github.com/martj42/international_results,"Resultados oficiales publicos; Elo e historial usan solo partidos previos. Ranking FIFA, mercado, plantilla y fase exacta quedan vacios si no hay fuente real conectada."
19980629_Germany_vs_Mexico,1998-06-29,FIFA World Cup,unknown_stage_from_source,Germany,Mexico,2,1,1,,1907.867,1777.366,,,,,,,,0.663480,0.350545,Montpellier,France,martj42/international_results,https://github.com/martj42/international_results,"Resultados oficiales publicos; Elo e historial usan solo partidos previos. Ranking FIFA, mercado, plantilla y fase exacta quedan vacios si no hay fuente real conectada."
19980629_Netherlands_vs_Serbia,1998-06-29,FIFA World Cup,unknown_stage_from_source,Netherlands,Serbia,2,1,1,,1829.759,1758.344,,,,,,,,0.566051,0.757778,Toulouse,France,martj42/international_results,https://github.com/martj42/international_results,"Resultados oficiales publicos; Elo e historial usan solo partidos previos. Ranking FIFA, mercado, plantilla y fase exacta quedan vacios si no hay fuente real conectada."
19980630_Argentina_vs_England,1998-06-30,FIFA World Cup,unknown_stage_from_source,Argentina,England,2,2,1,,1817.986,1849.925,,,,,,,,0.693553,0.515000,Saint-Étienne,France,martj42/international_results,https://github.com/martj42/international_results,"Resultados oficiales publicos; Elo e historial usan solo partidos previos. Ranking FIFA, mercado, plantilla y fase exacta quedan vacios si no hay fuente real conectada."
19980630_Romania_vs_Croatia,1998-06-30,FIFA World Cup,unknown_stage_from_source,Romania,Croatia,0,1,1,,1791.157,1738.968,,,,,,,,0.395000,0.571429,Bordeaux,France,martj42/international_results,https://github.com/martj42/international_results,"Resultados oficiales publicos; Elo e historial usan solo partidos previos. Ranking FIFA, mercado, plantilla y fase exacta quedan vacios si no hay fuente real conectada."
19980703_Brazil_vs_Denmark,1998-07-03,FIFA World Cup,unknown_stage_from_source,Brazil,Denmark,3,2,1,,1967.625,1777.754,,,,,,,,0.679722,0.479867,Nantes,France,martj42/international_results,https://github.com/martj42/international_results,"Resultados oficiales publicos; Elo e historial usan solo partidos previos. Ranking FIFA, mercado, plantilla y fase exacta quedan vacios si no hay fuente real conectada."
19980703_France_vs_Italy,1998-07-03,FIFA World Cup,unknown_stage_from_source,France,Italy,0,0,0,,1902.497,1865.146,,,,,,,,0.571855,0.639219,Saint-Denis,France,martj42/international_results,https://github.com/martj42/international_results,"Resultados oficiales publicos; Elo e historial usan solo partidos previos. Ranking FIFA, mercado, plantilla y fase exacta quedan vacios si no hay fuente real conectada."
19980704_Germany_vs_Croatia,1998-07-04,FIFA World Cup,unknown_stage_from_source,Germany,Croatia,0,3,1,,1921.330,1763.099,,,,,,,,0.666311,0.619375,Lyon,France,martj42/international_results,https://github.com/martj42/international_results,"Resultados oficiales publicos; Elo e historial usan solo partidos previos. Ranking FIFA, mercado, plantilla y fase exacta quedan vacios si no hay fuente real conectada."
19980704_Netherlands_vs_Argentina,1998-07-04,FIFA World Cup,unknown_stage_from_source,Netherlands,Argentina,2,1,1,,1846.502,1819.911,,,,,,,,0.574326,0.692003,Marseille,France,martj42/international_results,https://github.com/martj42/international_results,"Resultados oficiales publicos; Elo e historial usan solo partidos previos. Ranking FIFA, mercado, plantilla y fase exacta quedan vacios si no hay fuente real conectada."
19980707_Brazil_vs_Netherlands,1998-07-07,FIFA World Cup,unknown_stage_from_source,Brazil,Netherlands,1,1,1,,1978.169,1865.898,,,,,,,,0.680957,0.582257,Marseille,France,martj42/international_results,https://github.com/martj42/international_results,"Resultados oficiales publicos; Elo e historial usan solo partidos previos. Ranking FIFA, mercado, plantilla y fase exacta quedan vacios si no hay fuente real conectada."
19980708_France_vs_Croatia,1998-07-08,FIFA World Cup,unknown_stage_from_source,France,Croatia,2,1,0,,1900.248,1801.837,,,,,,,,0.567994,0.666667,Saint-Denis,France,martj42/international_results,https://github.com/martj42/international_results,"Resultados oficiales publicos; Elo e historial usan solo partidos previos. Ranking FIFA, mercado, plantilla y fase exacta quedan vacios si no hay fuente real conectada."
19980711_Netherlands_vs_Croatia,1998-07-11,FIFA World Cup,unknown_stage_from_source,Netherlands,Croatia,1,2,1,,1872.457,1786.631,,,,,,,,0.577789,0.604500,Paris,France,martj42/international_results,https://github.com/martj42/international_results,"Resultados oficiales publicos; Elo e historial usan solo partidos previos. Ranking FIFA, mercado, plantilla y fase exacta quedan vacios si no hay fuente real conectada."
19980712_France_vs_Brazil,1998-07-12,FIFA World Cup,unknown_stage_from_source,France,Brazil,3,0,0,,1915.454,1971.610,,,,,,,,0.575030,0.679539,Saint-Denis,France,martj42/international_results,https://github.com/martj42/international_results,"Resultados oficiales publicos; Elo e historial usan solo partidos previos. Ranking FIFA, mercado, plantilla y fase exacta quedan vacios si no hay fuente real conectada."
19990629_Paraguay_vs_Bolivia,1999-06-29,Copa América,unknown_stage_from_source,Paraguay,Bolivia,0,0,0,,1663.952,1582.241,,,,,,,,0.451612,0.230017,Asunción,Paraguay,martj42/international_results,https://github.com/martj42/international_results,"Resultados oficiales publicos; Elo e historial usan solo partidos previos. Ranking FIFA, mercado, plantilla y fase exacta quedan vacios si no hay fuente real conectada."
19990629_Peru_vs_Japan,1999-06-29,Copa América,unknown_stage_from_source,Peru,Japan,3,2,1,,1599.429,1668.132,,,,,,,,0.416336,0.045000,Asunción,Paraguay,martj42/international_results,https://github.com/martj42/international_results,"Resultados oficiales publicos; Elo e historial usan solo partidos previos. Ranking FIFA, mercado, plantilla y fase exacta quedan vacios si no hay fuente real conectada."
19990630_Brazil_vs_Venezuela,1999-06-30,Copa América,unknown_stage_from_source,Brazil,Venezuela,7,0,1,,1937.585,1278.439,,,,,,,,0.676319,0.035833,Ciudad del Este,Paraguay,martj42/international_results,https://github.com/martj42/international_results,"Resultados oficiales publicos; Elo e historial usan solo partidos previos. Ranking FIFA, mercado, plantilla y fase exacta quedan vacios si no hay fuente real conectada."
19990630_Chile_vs_Mexico,1999-06-30,Copa América,unknown_stage_from_source,Chile,Mexico,0,1,1,,1665.451,1770.190,,,,,,,,0.395020,0.344780,Ciudad del Este,Paraguay,martj42/international_results,https://github.com/martj42/international_results,"Resultados oficiales publicos; Elo e historial usan solo partidos previos. Ranking FIFA, mercado, plantilla y fase exacta quedan vacios si no hay fuente real conectada."
19990701_Argentina_vs_Ecuador,1999-07-01,Copa América,unknown_stage_from_source,Argentina,Ecuador,3,1,1,,1793.669,1643.213,,,,,,,,0.688980,0.176389,Luque,Paraguay,martj42/international_results,https://github.com/martj42/international_results,"Resultados oficiales publicos; Elo e historial usan solo partidos previos. Ranking FIFA, mercado, plantilla y fase exacta quedan vacios si no hay fuente real conectada."
19990701_Uruguay_vs_Colombia,1999-07-01,Copa América,unknown_stage_from_source,Uruguay,Colombia,0,1,1,,1635.946,1642.870,,,,,,,,0.632665,0.345645,Asunción,Paraguay,martj42/international_results,https://github.com/martj42/international_results,"Resultados oficiales publicos; Elo e historial usan solo partidos previos. Ranking FIFA, mercado, plantilla y fase exacta quedan vacios si no hay fuente real conectada."
19990702_Paraguay_vs_Japan,1999-07-02,Copa América,unknown_stage_from_source,Paraguay,Japan,4,0,0,,1659.102,1643.033,,,,,,,,0.451039,0.045000,Asunción,Paraguay,martj42/international_results,https://github.com/martj42/international_results,"Resultados oficiales publicos; Elo e historial usan solo partidos previos. Ranking FIFA, mercado, plantilla y fase exacta quedan vacios si no hay fuente real conectada."
19990702_Peru_vs_Bolivia,1999-07-02,Copa América,unknown_stage_from_source,Peru,Bolivia,1,0,1,,1624.528,1587.091,,,,,,,,0.420417,0.231392,Asunción,Paraguay,martj42/international_results,https://github.com/martj42/international_results,"Resultados oficiales publicos; Elo e historial usan solo partidos previos. Ranking FIFA, mercado, plantilla y fase exacta quedan vacios si no hay fuente real conectada."
19990703_Brazil_vs_Mexico,1999-07-03,Copa América,unknown_stage_from_source,Brazil,Mexico,2,1,1,,1939.063,1785.044,,,,,,,,0.678746,0.356080,Ciudad del Este,Paraguay,martj42/international_results,https://github.com/martj42/international_results,"Resultados oficiales publicos; Elo e historial usan solo partidos previos. Ranking FIFA, mercado, plantilla y fase exacta quedan vacios si no hay fuente real conectada."
19990703_Chile_vs_Venezuela,1999-07-03,Copa América,unknown_stage_from_source,Chile,Venezuela,3,0,1,,1650.597,1276.961,,,,,,,,0.392961,0.028784,Ciudad del Este,Paraguay,martj42/international_results,https://github.com/martj42/international_results,"Resultados oficiales publicos; Elo e historial usan solo partidos previos. Ranking FIFA, mercado, plantilla y fase exacta quedan vacios si no hay fuente real conectada."
19990704_Argentina_vs_Colombia,1999-07-04,Copa América,unknown_stage_from_source,Argentina,Colombia,0,3,1,,1806.455,1663.451,,,,,,,,0.690426,0.352128,Luque,Paraguay,martj42/international_results,https://github.com/martj42/international_results,"Resultados oficiales publicos; Elo e historial usan solo partidos previos. Ranking FIFA, mercado, plantilla y fase exacta quedan vacios si no hay fuente real conectada."
19990704_Uruguay_vs_Ecuador,1999-07-04,Copa América,unknown_stage_from_source,Uruguay,Ecuador,2,1,1,,1615.365,1630.426,,,,,,,,0.629697,0.174570,Luque,Paraguay,martj42/international_results,https://github.com/martj42/international_results,"Resultados oficiales publicos; Elo e historial usan solo partidos previos. Ranking FIFA, mercado, plantilla y fase exacta quedan vacios si no hay fuente real conectada."
19990705_Bolivia_vs_Japan,1999-07-05,Copa América,unknown_stage_from_source,Bolivia,Japan,1,1,1,,1568.345,1611.030,,,,,,,,0.229490,0.018000,Pedro Juan Caballero,Paraguay,martj42/international_results,https://github.com/martj42/international_results,"Resultados oficiales publicos; Elo e historial usan solo partidos previos. Ranking FIFA, mercado, plantilla y fase exacta quedan vacios si no hay fuente real conectada."
19990705_Paraguay_vs_Peru,1999-07-05,Copa América,unknown_stage_from_source,Paraguay,Peru,1,0,0,,1691.105,1643.274,,,,,,,,0.455161,0.424436,Pedro Juan Caballero,Paraguay,martj42/international_results,https://github.com/martj42/international_results,"Resultados oficiales publicos; Elo e historial usan solo partidos previos. Ranking FIFA, mercado, plantilla y fase exacta quedan vacios si no hay fuente real conectada."
19990706_Brazil_vs_Chile,1999-07-06,Copa América,unknown_stage_from_source,Brazil,Chile,1,0,1,,1951.319,1655.785,,,,,,,,0.679963,0.396774,Ciudad del Este,Paraguay,martj42/international_results,https://github.com/martj42/international_results,"Resultados oficiales publicos; Elo e historial usan solo partidos previos. Ranking FIFA, mercado, plantilla y fase exacta quedan vacios si no hay fuente real conectada."
19990706_Mexico_vs_Venezuela,1999-07-06,Copa América,unknown_stage_from_source,Mexico,Venezuela,3,1,1,,1772.788,1271.772,,,,,,,,0.350424,0.026842,Ciudad del Este,Paraguay,martj42/international_results,https://github.com/martj42/international_results,"Resultados oficiales publicos; Elo e historial usan solo partidos previos. Ranking FIFA, mercado, plantilla y fase exacta quedan vacios si no hay fuente real conectada."
19990707_Colombia_vs_Ecuador,1999-07-07,Copa América,unknown_stage_from_source,Colombia,Ecuador,2,1,1,,1701.443,1608.516,,,,,,,,0.359421,0.173248,Luque,Paraguay,martj42/international_results,https://github.com/martj42/international_results,"Resultados oficiales publicos; Elo e historial usan solo partidos previos. Ranking FIFA, mercado, plantilla y fase exacta quedan vacios si no hay fuente real conectada."
19990707_Uruguay_vs_Argentina,1999-07-07,Copa América,unknown_stage_from_source,Uruguay,Argentina,0,2,1,,1637.274,1768.464,,,,,,,,0.631332,0.687022,Luque,Paraguay,martj42/international_results,https://github.com/martj42/international_results,"Resultados oficiales publicos; Elo e historial usan solo partidos previos. Ranking FIFA, mercado, plantilla y fase exacta quedan vacios si no hay fuente real conectada."
19990710_Mexico_vs_Peru,1999-07-10,Copa América,unknown_stage_from_source,Mexico,Peru,3,3,1,,1774.778,1625.147,,,,,,,,0.362024,0.421604,Asunción,Paraguay,martj42/international_results,https://github.com/martj42/international_results,"Resultados oficiales publicos; Elo e historial usan solo partidos previos. Ranking FIFA, mercado, plantilla y fase exacta quedan vacios si no hay fuente real conectada."
19990710_Paraguay_vs_Uruguay,1999-07-10,Copa América,unknown_stage_from_source,Paraguay,Uruguay,1,1,0,,1709.232,1623.353,,,,,,,,0.458365,0.628175,Asunción,Paraguay,martj42/international_results,https://github.com/martj42/international_results,"Resultados oficiales publicos; Elo e historial usan solo partidos previos. Ranking FIFA, mercado, plantilla y fase exacta quedan vacios si no hay fuente real conectada."
19990711_Brazil_vs_Argentina,1999-07-11,Copa América,unknown_stage_from_source,Brazil,Argentina,2,1,1,,1957.800,1782.385,,,,,,,,0.681170,0.688464,Ciudad del Este,Paraguay,martj42/international_results,https://github.com/martj42/international_results,"Resultados oficiales publicos; Elo e historial usan solo partidos previos. Ranking FIFA, mercado, plantilla y fase exacta quedan vacios si no hay fuente real conectada."
19990711_Chile_vs_Colombia,1999-07-11,Copa América,unknown_stage_from_source,Chile,Colombia,3,2,1,,1649.305,1716.956,,,,,,,,0.394729,0.365625,Luque,Paraguay,martj42/international_results,https://github.com/martj42/international_results,"Resultados oficiales publicos; Elo e historial usan solo partidos previos. Ranking FIFA, mercado, plantilla y fase exacta quedan vacios si no hay fuente real conectada."
19990713_Uruguay_vs_Chile,1999-07-13,Copa América,unknown_stage_from_source,Uruguay,Chile,1,1,1,,1628.441,1674.343,,,,,,,,0.626857,0.397967,Asunción,Paraguay,martj42/international_results,https://github.com/martj42/international_results,"Resultados oficiales publicos; Elo e historial usan solo partidos previos. Ranking FIFA, mercado, plantilla y fase exacta quedan vacios si no hay fuente real conectada."
19990714_Mexico_vs_Brazil,1999-07-14,Copa América,unknown_stage_from_source,Mexico,Brazil,0,2,1,,1766.254,1969.015,,,,,,,,0.362047,0.682365,Ciudad del Este,Paraguay,martj42/international_results,https://github.com/martj42/international_results,"Resultados oficiales publicos; Elo e historial usan solo partidos previos. Ranking FIFA, mercado, plantilla y fase exacta quedan vacios si no hay fuente real conectada."
19990717_Chile_vs_Mexico,1999-07-17,Copa América,unknown_stage_from_source,Chile,Mexico,1,2,1,,1671.584,1756.226,,,,,,,,0.397768,0.355805,Asunción,Paraguay,martj42/international_results,https://github.com/martj42/international_results,"Resultados oficiales publicos; Elo e historial usan solo partidos previos. Ranking FIFA, mercado, plantilla y fase exacta quedan vacios si no hay fuente real conectada."
19990718_Brazil_vs_Uruguay,1999-07-18,Copa América,unknown_stage_from_source,Brazil,Uruguay,3,0,1,,1979.043,1631.199,,,,,,,,0.683746,0.625553,Asunción,Paraguay,martj42/international_results,https://github.com/martj42/international_results,"Resultados oficiales publicos; Elo e historial usan solo partidos previos. Ranking FIFA, mercado, plantilla y fase exacta quedan vacios si no hay fuente real conectada."
20000610_Belgium_vs_Sweden,2000-06-10,UEFA Euro,unknown_stage_from_source,Belgium,Sweden,2,1,0,,1712.281,1792.087,,,,,,,,0.368049,0.474960,Brussels,Belgium,martj42/international_results,https://github.com/martj42/international_results,"Resultados oficiales publicos; Elo e historial usan solo partidos previos. Ranking FIFA, mercado, plantilla y fase exacta quedan vacios si no hay fuente real conectada."
20000611_France_vs_Denmark,2000-06-11,UEFA Euro,unknown_stage_from_source,France,Denmark,3,0,1,,1925.063,1771.053,,,,,,,,0.583423,0.463141,Bruges,Belgium,martj42/international_results,https://github.com/martj42/international_results,"Resultados oficiales publicos; Elo e historial usan solo partidos previos. Ranking FIFA, mercado, plantilla y fase exacta quedan vacios si no hay fuente real conectada."
20000611_Netherlands_vs_Czech_Republic,2000-06-11,UEFA Euro,unknown_stage_from_source,Netherlands,Czech Republic,1,0,0,,1838.038,1778.139,,,,,,,,0.567133,0.446944,Amsterdam,Netherlands,martj42/international_results,https://github.com/martj42/international_results,"Resultados oficiales publicos; Elo e historial usan solo partidos previos. Ranking FIFA, mercado, plantilla y fase exacta quedan vacios si no hay fuente real conectada."
20000611_Turkey_vs_Italy,2000-06-11,UEFA Euro,unknown_stage_from_source,Turkey,Italy,1,2,1,,1628.433,1819.771,,,,,,,,0.181667,0.635771,Arnhem,Netherlands,martj42/international_results,https://github.com/martj42/international_results,"Resultados oficiales publicos; Elo e historial usan solo partidos previos. Ranking FIFA, mercado, plantilla y fase exacta quedan vacios si no hay fuente real conectada."
20000612_Germany_vs_Romania,2000-06-12,UEFA Euro,unknown_stage_from_source,Germany,Romania,1,1,1,,1827.936,1754.777,,,,,,,,0.659471,0.382037,Liège,Belgium,martj42/international_results,https://github.com/martj42/international_results,"Resultados oficiales publicos; Elo e historial usan solo partidos previos. Ranking FIFA, mercado, plantilla y fase exacta quedan vacios si no hay fuente real conectada."
20000612_Portugal_vs_England,2000-06-12,UEFA Euro,unknown_stage_from_source,Portugal,England,3,2,1,,1771.691,1807.328,,,,,,,,0.598824,0.512514,Eindhoven,Netherlands,martj42/international_results,https://github.com/martj42/international_results,"Resultados oficiales publicos; Elo e historial usan solo partidos previos. Ranking FIFA, mercado, plantilla y fase exacta quedan vacios si no hay fuente real conectada."
20000613_Serbia_vs_Slovenia,2000-06-13,UEFA Euro,unknown_stage_from_source,Serbia,Slovenia,3,3,1,,1749.515,1540.690,,,,,,,,0.579583,,Charleroi,Belgium,martj42/international_results,https://github.com/martj42/international_results,"Resultados oficiales publicos; Elo e historial usan solo partidos previos. Ranking FIFA, mercado, plantilla y fase exacta quedan vacios si no hay fuente real conectada."
20000613_Spain_vs_Norway,2000-06-13,UEFA Euro,unknown_stage_from_source,Spain,Norway,0,1,1,,1869.344,1790.981,,,,,,,,0.482310,0.391875,Rotterdam,Netherlands,martj42/international_results,https://github.com/martj42/international_results,"Resultados oficiales publicos; Elo e historial usan solo partidos previos. Ranking FIFA, mercado, plantilla y fase exacta quedan vacios si no hay fuente real conectada."
20000614_Belgium_vs_Italy,2000-06-14,UEFA Euro,unknown_stage_from_source,Belgium,Italy,0,2,0,,1738.022,1830.249,,,,,,,,0.382024,0.639712,Brussels,Belgium,martj42/international_results,https://github.com/martj42/international_results,"Resultados oficiales publicos; Elo e historial usan solo partidos previos. Ranking FIFA, mercado, plantilla y fase exacta quedan vacios si no hay fuente real conectada."
20000615_Sweden_vs_Turkey,2000-06-15,UEFA Euro,unknown_stage_from_source,Sweden,Turkey,0,0,1,,1766.347,1617.955,,,,,,,,0.464961,0.162143,Eindhoven,Netherlands,martj42/international_results,https://github.com/martj42/international_results,"Resultados oficiales publicos; Elo e historial usan solo partidos previos. Ranking FIFA, mercado, plantilla y fase exacta quedan vacios si no hay fuente real conectada."
20000616_Czech_Republic_vs_France,2000-06-16,UEFA Euro,unknown_stage_from_source,Czech Republic,France,1,2,1,,1760.724,1940.942,,,,,,,,0.389524,0.591520,Bruges,Belgium,martj42/international_results,https://github.com/martj42/international_results,"Resultados oficiales publicos; Elo e historial usan solo partidos previos. Ranking FIFA, mercado, plantilla y fase exacta quedan vacios si no hay fuente real conectada."
20000616_Netherlands_vs_Denmark,2000-06-16,UEFA Euro,unknown_stage_from_source,Netherlands,Denmark,3,0,0,,1855.453,1755.174,,,,,,,,0.574739,0.444321,Rotterdam,Netherlands,martj42/international_results,https://github.com/martj42/international_results,"Resultados oficiales publicos; Elo e historial usan solo partidos previos. Ranking FIFA, mercado, plantilla y fase exacta quedan vacios si no hay fuente real conectada."
20000617_England_vs_Germany,2000-06-17,UEFA Euro,unknown_stage_from_source,England,Germany,1,0,1,,1784.182,1823.578,,,,,,,,0.504973,0.656651,Charleroi,Belgium,martj42/international_results,https://github.com/martj42/international_results,"Resultados oficiales publicos; Elo e historial usan solo partidos previos. Ranking FIFA, mercado, plantilla y fase exacta quedan vacios si no hay fuente real conectada."
20000617_Romania_vs_Portugal,2000-06-17,UEFA Euro,unknown_stage_from_source,Romania,Portugal,0,1,1,,1759.135,1794.837,,,,,,,,0.381369,0.618611,Arnhem,Netherlands,martj42/international_results,https://github.com/martj42/international_results,"Resultados oficiales publicos; Elo e historial usan solo partidos previos. Ranking FIFA, mercado, plantilla y fase exacta quedan vacios si no hay fuente real conectada."
20000618_Norway_vs_Serbia,2000-06-18,UEFA Euro,unknown_stage_from_source,Norway,Serbia,0,1,1,,1816.639,1738.222,,,,,,,,0.454444,0.536333,Liège,Belgium,martj42/international_results,https://github.com/martj42/international_results,"Resultados oficiales publicos; Elo e historial usan solo partidos previos. Ranking FIFA, mercado, plantilla y fase exacta quedan vacios si no hay fuente real conectada."
20000618_Slovenia_vs_Spain,2000-06-18,UEFA Euro,unknown_stage_from_source,Slovenia,Spain,1,2,1,,1551.984,1843.686,,,,,,,,0.363333,0.474770,Amsterdam,Netherlands,martj42/international_results,https://github.com/martj42/international_results,"Resultados oficiales publicos; Elo e historial usan solo partidos previos. Ranking FIFA, mercado, plantilla y fase exacta quedan vacios si no hay fuente real conectada."
20000619_Belgium_vs_Turkey,2000-06-19,UEFA Euro,unknown_stage_from_source,Belgium,Turkey,0,2,0,,1721.623,1626.416,,,,,,,,0.373140,0.187292,Brussels,Belgium,martj42/international_results,https://github.com/martj42/international_results,"Resultados oficiales publicos; Elo e historial usan solo partidos previos. Ranking FIFA, mercado, plantilla y fase exacta quedan vacios si no hay fuente real conectada."
20000619_Italy_vs_Sweden,2000-06-19,UEFA Euro,unknown_stage_from_source,Italy,Sweden,2,1,1,,1846.648,1757.886,,,,,,,,0.644106,0.462652,Eindhoven,Netherlands,martj42/international_results,https://github.com/martj42/international_results,"Resultados oficiales publicos; Elo e historial usan solo partidos previos. Ranking FIFA, mercado, plantilla y fase exacta quedan vacios si no hay fuente real conectada."
20000620_England_vs_Romania,2000-06-20,UEFA Euro,unknown_stage_from_source,England,Romania,2,3,1,,1807.553,1740.285,,,,,,,,0.512116,0.369770,Charleroi,Belgium,martj42/international_results,https://github.com/martj42/international_results,"Resultados oficiales publicos; Elo e historial usan solo partidos previos. Ranking FIFA, mercado, plantilla y fase exacta quedan vacios si no hay fuente real conectada."
20000620_Portugal_vs_Germany,2000-06-20,UEFA Euro,unknown_stage_from_source,Portugal,Germany,3,0,1,,1813.687,1800.207,,,,,,,,0.636316,0.650881,Rotterdam,Netherlands,martj42/international_results,https://github.com/martj42/international_results,"Resultados oficiales publicos; Elo e historial usan solo partidos previos. Ranking FIFA, mercado, plantilla y fase exacta quedan vacios si no hay fuente real conectada."
20000621_Denmark_vs_Czech_Republic,2000-06-21,UEFA Euro,unknown_stage_from_source,Denmark,Czech Republic,0,2,1,,1735.151,1749.734,,,,,,,,0.426845,0.346458,Liège,Belgium,martj42/international_results,https://github.com/martj42/international_results,"Resultados oficiales publicos; Elo e historial usan solo partidos previos. Ranking FIFA, mercado, plantilla y fase exacta quedan vacios si no hay fuente real conectada."
20000621_Netherlands_vs_France,2000-06-21,UEFA Euro,unknown_stage_from_source,Netherlands,France,3,2,0,,1875.476,1951.932,,,,,,,,0.583782,0.597787,Amsterdam,Netherlands,martj42/international_results,https://github.com/martj42/international_results,"Resultados oficiales publicos; Elo e historial usan solo partidos previos. Ranking FIFA, mercado, plantilla y fase exacta quedan vacios si no hay fuente real conectada."
20000621_Serbia_vs_Spain,2000-06-21,UEFA Euro,unknown_stage_from_source,Serbia,Spain,3,4,1,,1763.883,1850.289,,,,,,,,0.606111,0.482910,Bruges,Belgium,martj42/international_results,https://github.com/martj42/international_results,"Resultados oficiales publicos; Elo e historial usan solo partidos previos. Ranking FIFA, mercado, plantilla y fase exacta quedan vacios si no hay fuente real conectada."
20000621_Slovenia_vs_Norway,2000-06-21,UEFA Euro,unknown_stage_from_source,Slovenia,Norway,0,0,1,,1545.381,1790.978,,,,,,,,0.204167,0.413500,Arnhem,Netherlands,martj42/international_results,https://github.com/martj42/international_results,"Resultados oficiales publicos; Elo e historial usan solo partidos previos. Ranking FIFA, mercado, plantilla y fase exacta quedan vacios si no hay fuente real conectada."
20000624_Italy_vs_Romania,2000-06-24,UEFA Euro,unknown_stage_from_source,Italy,Romania,2,0,1,,1862.397,1765.301,,,,,,,,0.647851,0.389278,Brussels,Belgium,martj42/international_results,https://github.com/martj42/international_results,"Resultados oficiales publicos; Elo e historial usan solo partidos previos. Ranking FIFA, mercado, plantilla y fase exacta quedan vacios si no hay fuente real conectada."
20000624_Turkey_vs_Portugal,2000-06-24,UEFA Euro,unknown_stage_from_source,Turkey,Portugal,0,2,1,,1654.442,1841.500,,,,,,,,0.277593,0.656750,Amsterdam,Netherlands,martj42/international_results,https://github.com/martj42/international_results,"Resultados oficiales publicos; Elo e historial usan solo partidos previos. Ranking FIFA, mercado, plantilla y fase exacta quedan vacios si no hay fuente real conectada."
20000625_Netherlands_vs_Serbia,2000-06-25,UEFA Euro,unknown_stage_from_source,Netherlands,Serbia,6,1,0,,1901.024,1748.000,,,,,,,,0.590786,0.525952,Rotterdam,Netherlands,martj42/international_results,https://github.com/martj42/international_results,"Resultados oficiales publicos; Elo e historial usan solo partidos previos. Ranking FIFA, mercado, plantilla y fase exacta quedan vacios si no hay fuente real conectada."
20000625_Spain_vs_France,2000-06-25,UEFA Euro,unknown_stage_from_source,Spain,France,1,2,1,,1866.171,1926.384,,,,,,,,0.490778,0.588418,Bruges,Belgium,martj42/international_results,https://github.com/martj42/international_results,"Resultados oficiales publicos; Elo e historial usan solo partidos previos. Ranking FIFA, mercado, plantilla y fase exacta quedan vacios si no hay fuente real conectada."
20000628_France_vs_Portugal,2000-06-28,UEFA Euro,unknown_stage_from_source,France,Portugal,2,1,1,,1943.780,1852.306,,,,,,,,0.594528,0.673095,Brussels,Belgium,martj42/international_results,https://github.com/martj42/international_results,"Resultados oficiales publicos; Elo e historial usan solo partidos previos. Ranking FIFA, mercado, plantilla y fase exacta quedan vacios si no hay fuente real conectada."
20000629_Netherlands_vs_Italy,2000-06-29,UEFA Euro,unknown_stage_from_source,Netherlands,Italy,0,0,0,,1921.639,1878.474,,,,,,,,0.600864,0.652044,Amsterdam,Netherlands,martj42/international_results,https://github.com/martj42/international_results,"Resultados oficiales publicos; Elo e historial usan solo partidos previos. Ranking FIFA, mercado, plantilla y fase exacta quedan vacios si no hay fuente real conectada."
20000702_France_vs_Italy,2000-07-02,UEFA Euro,unknown_stage_from_source,France,Italy,2,1,1,,1959.375,1881.069,,,,,,,,0.600437,0.648647,Rotterdam,Netherlands,martj42/international_results,https://github.com/martj42/international_results,"Resultados oficiales publicos; Elo e historial usan solo partidos previos. Ranking FIFA, mercado, plantilla y fase exacta quedan vacios si no hay fuente real conectada."
20010711_Colombia_vs_Venezuela,2001-07-11,Copa América,unknown_stage_from_source,Colombia,Venezuela,2,0,0,,1699.182,1295.636,,,,,,,,0.362320,0.026154,Barranquilla,Colombia,martj42/international_results,https://github.com/martj42/international_results,"Resultados oficiales publicos; Elo e historial usan solo partidos previos. Ranking FIFA, mercado, plantilla y fase exacta quedan vacios si no hay fuente real conectada."
20010711_Ecuador_vs_Chile,2001-07-11,Copa América,unknown_stage_from_source,Ecuador,Chile,1,4,1,,1677.033,1583.845,,,,,,,,0.171953,0.395752,Barranquilla,Colombia,martj42/international_results,https://github.com/martj42/international_results,"Resultados oficiales publicos; Elo e historial usan solo partidos previos. Ranking FIFA, mercado, plantilla y fase exacta quedan vacios si no hay fuente real conectada."
20010712_Brazil_vs_Mexico,2001-07-12,Copa América,unknown_stage_from_source,Brazil,Mexico,0,1,1,,1846.670,1716.038,,,,,,,,0.685310,0.365960,Cali,Colombia,martj42/international_results,https://github.com/martj42/international_results,"Resultados oficiales publicos; Elo e historial usan solo partidos previos. Ranking FIFA, mercado, plantilla y fase exacta quedan vacios si no hay fuente real conectada."
20010712_Peru_vs_Paraguay,2001-07-12,Copa América,unknown_stage_from_source,Peru,Paraguay,3,3,1,,1599.662,1749.843,,,,,,,,0.421173,0.457760,Cali,Colombia,martj42/international_results,https://github.com/martj42/international_results,"Resultados oficiales publicos; Elo e historial usan solo partidos previos. Ranking FIFA, mercado, plantilla y fase exacta quedan vacios si no hay fuente real conectada."
20010713_Bolivia_vs_Uruguay,2001-07-13,Copa América,unknown_stage_from_source,Bolivia,Uruguay,0,1,1,,1563.171,1681.057,,,,,,,,0.230842,0.622250,Medellín,Colombia,martj42/international_results,https://github.com/martj42/international_results,"Resultados oficiales publicos; Elo e historial usan solo partidos previos. Ranking FIFA, mercado, plantilla y fase exacta quedan vacios si no hay fuente real conectada."
20010713_Honduras_vs_Costa_Rica,2001-07-13,Copa América,unknown_stage_from_source,Honduras,Costa Rica,0,1,1,,1696.182,1700.742,,,,,,,,0.257222,0.299048,Medellín,Colombia,martj42/international_results,https://github.com/martj42/international_results,"Resultados oficiales publicos; Elo e historial usan solo partidos previos. Ranking FIFA, mercado, plantilla y fase exacta quedan vacios si no hay fuente real conectada."
20010714_Chile_vs_Venezuela,2001-07-14,Copa América,unknown_stage_from_source,Chile,Venezuela,1,0,1,,1619.091,1292.156,,,,,,,,0.399441,0.025500,Barranquilla,Colombia,martj42/international_results,https://github.com/martj42/international_results,"Resultados oficiales publicos; Elo e historial usan solo partidos previos. Ranking FIFA, mercado, plantilla y fase exacta quedan vacios si no hay fuente real conectada."
20010714_Colombia_vs_Ecuador,2001-07-14,Copa América,unknown_stage_from_source,Colombia,Ecuador,1,0,0,,1702.662,1641.788,,,,,,,,0.368827,0.169783,Barranquilla,Colombia,martj42/international_results,https://github.com/martj42/international_results,"Resultados oficiales publicos; Elo e historial usan solo partidos previos. Ranking FIFA, mercado, plantilla y fase exacta quedan vacios si no hay fuente real conectada."
20010715_Brazil_vs_Peru,2001-07-15,Copa América,unknown_stage_from_source,Brazil,Peru,2,0,1,,1818.127,1608.214,,,,,,,,0.682550,0.420748,Cali,Colombia,martj42/international_results,https://github.com/martj42/international_results,"Resultados oficiales publicos; Elo e historial usan solo partidos previos. Ranking FIFA, mercado, plantilla y fase exacta quedan vacios si no hay fuente real conectada."
20010715_Paraguay_vs_Mexico,2001-07-15,Copa América,unknown_stage_from_source,Paraguay,Mexico,0,0,1,,1741.291,1744.581,,,,,,,,0.457162,0.375778,Cali,Colombia,martj42/international_results,https://github.com/martj42/international_results,"Resultados oficiales publicos; Elo e historial usan solo partidos previos. Ranking FIFA, mercado, plantilla y fase exacta quedan vacios si no hay fuente real conectada."
20010716_Honduras_vs_Bolivia,2001-07-16,Copa América,unknown_stage_from_source,Honduras,Bolivia,2,0,1,,1675.457,1549.035,,,,,,,,0.204167,0.228983,Medellín,Colombia,martj42/international_results,https://github.com/martj42/international_results,"Resultados oficiales publicos; Elo e historial usan solo partidos previos. Ranking FIFA, mercado, plantilla y fase exacta quedan vacios si no hay fuente real conectada."
20010716_Uruguay_vs_Costa_Rica,2001-07-16,Copa América,unknown_stage_from_source,Uruguay,Costa Rica,1,1,1,,1695.193,1721.467,,,,,,,,0.623881,0.381042,Medellín,Colombia,martj42/international_results,https://github.com/martj42/international_results,"Resultados oficiales publicos; Elo e historial usan solo partidos previos. Ranking FIFA, mercado, plantilla y fase exacta quedan vacios si no hay fuente real conectada."
20010717_Colombia_vs_Chile,2001-07-17,Copa América,unknown_stage_from_source,Colombia,Chile,2,0,0,,1720.020,1624.642,,,,,,,,0.374747,0.402580,Barranquilla,Colombia,martj42/international_results,https://github.com/martj42/international_results,"Resultados oficiales publicos; Elo e historial usan solo partidos previos. Ranking FIFA, mercado, plantilla y fase exacta quedan vacios si no hay fuente real conectada."
20010717_Ecuador_vs_Venezuela,2001-07-17,Copa América,unknown_stage_from_source,Ecuador,Venezuela,4,0,1,,1624.430,1286.606,,,,,,,,0.168548,0.025976,Barranquilla,Colombia,martj42/international_results,https://github.com/martj42/international_results,"Resultados oficiales publicos; Elo e historial usan solo partidos previos. Ranking FIFA, mercado, plantilla y fase exacta quedan vacios si no hay fuente real conectada."
20010718_Brazil_vs_Paraguay,2001-07-18,Copa América,unknown_stage_from_source,Brazil,Paraguay,3,1,1,,1827.814,1741.490,,,,,,,,0.683913,0.456572,Cali,Colombia,martj42/international_results,https://github.com/martj42/international_results,"Resultados oficiales publicos; Elo e historial usan solo partidos previos. Ranking FIFA, mercado, plantilla y fase exacta quedan vacios si no hay fuente real conectada."
20010718_Peru_vs_Mexico,2001-07-18,Copa América,unknown_stage_from_source,Peru,Mexico,1,0,1,,1598.526,1744.383,,,,,,,,0.417676,0.375574,Cali,Colombia,martj42/international_results,https://github.com/martj42/international_results,"Resultados oficiales publicos; Elo e historial usan solo partidos previos. Ranking FIFA, mercado, plantilla y fase exacta quedan vacios si no hay fuente real conectada."
20010719_Bolivia_vs_Costa_Rica,2001-07-19,Copa América,unknown_stage_from_source,Bolivia,Costa Rica,0,4,1,,1534.824,1719.882,,,,,,,,0.226716,0.379074,Medellín,Colombia,martj42/international_results,https://github.com/martj42/international_results,"Resultados oficiales publicos; Elo e historial usan solo partidos previos. Ranking FIFA, mercado, plantilla y fase exacta quedan vacios si no hay fuente real conectada."
20010719_Honduras_vs_Uruguay,2001-07-19,Copa América,unknown_stage_from_source,Honduras,Uruguay,1,0,1,,1689.668,1696.778,,,,,,,,0.363333,0.622610,Medellín,Colombia,martj42/international_results,https://github.com/martj42/international_results,"Resultados oficiales publicos; Elo e historial usan solo partidos previos. Ranking FIFA, mercado, plantilla y fase exacta quedan vacios si no hay fuente real conectada."
20010722_Chile_vs_Mexico,2001-07-22,Copa América,unknown_stage_from_source,Chile,Mexico,0,2,1,,1608.452,1715.050,,,,,,,,0.400318,0.370242,Pereira,Colombia,martj42/international_results,https://github.com/martj42/international_results,"Resultados oficiales publicos; Elo e historial usan solo partidos previos. Ranking FIFA, mercado, plantilla y fase exacta quedan vacios si no hay fuente real conectada."
20010722_Uruguay_vs_Costa_Rica,2001-07-22,Copa América,unknown_stage_from_source,Uruguay,Costa Rica,2,1,1,,1675.348,1735.862,,,,,,,,0.619806,0.450167,Armenia,Colombia,martj42/international_results,https://github.com/martj42/international_results,"Resultados oficiales publicos; Elo e historial usan solo partidos previos. Ranking FIFA, mercado, plantilla y fase exacta quedan vacios si no hay fuente real conectada."
20010723_Brazil_vs_Honduras,2001-07-23,Copa América,unknown_stage_from_source,Brazil,Honduras,0,2,1,,1844.609,1711.098,,,,,,,,0.685264,0.461944,Manizales,Colombia,martj42/international_results,https://github.com/martj42/international_results,"Resultados oficiales publicos; Elo e historial usan solo partidos previos. Ranking FIFA, mercado, plantilla y fase exacta quedan vacios si no hay fuente real conectada."
20010723_Colombia_vs_Peru,2001-07-23,Copa América,unknown_stage_from_source,Colombia,Peru,3,0,0,,1736.210,1627.858,,,,,,,,0.381000,0.421570,Armenia,Colombia,martj42/international_results,https://github.com/martj42/international_results,"Resultados oficiales publicos; Elo e historial usan solo partidos previos. Ranking FIFA, mercado, plantilla y fase exacta quedan vacios si no hay fuente real conectada."
20010725_Mexico_vs_Uruguay,2001-07-25,Copa América,unknown_stage_from_source,Mexico,Uruguay,2,1,1,,1730.508,1699.969,,,,,,,,0.380238,0.621425,Pereira,Colombia,martj42/international_results,https://github.com/martj42/international_results,"Resultados oficiales publicos; Elo e historial usan solo partidos previos. Ranking FIFA, mercado, plantilla y fase exacta quedan vacios si no hay fuente real conectada."
20010726_Colombia_vs_Honduras,2001-07-26,Copa América,unknown_stage_from_source,Colombia,Honduras,2,0,0,,1755.572,1740.819,,,,,,,,0.387574,0.538810,Manizales,Colombia,martj42/international_results,https://github.com/martj42/international_results,"Resultados oficiales publicos; Elo e historial usan solo partidos previos. Ranking FIFA, mercado, plantilla y fase exacta quedan vacios si no hay fuente real conectada."
20010729_Uruguay_vs_Honduras,2001-07-29,Copa América,unknown_stage_from_source,Uruguay,Honduras,2,2,1,,1680.810,1718.874,,,,,,,,0.618654,0.471458,Bogotá,Colombia,martj42/international_results,https://github.com/martj42/international_results,"Resultados oficiales publicos; Elo e historial usan solo partidos previos. Ranking FIFA, mercado, plantilla y fase exacta quedan vacios si no hay fuente real conectada."
20010729_Colombia_vs_Mexico,2001-07-29,Copa América,unknown_stage_from_source,Colombia,Mexico,1,0,0,,1777.517,1749.667,,,,,,,,0.393578,0.389219,Bogotá,Colombia,martj42/international_results,https://github.com/martj42/international_results,"Resultados oficiales publicos; Elo e historial usan solo partidos previos. Ranking FIFA, mercado, plantilla y fase exacta quedan vacios si no hay fuente real conectada."
20020531_France_vs_Senegal,2002-05-31,FIFA World Cup,unknown_stage_from_source,France,Senegal,0,1,1,,1970.367,1684.542,,,,,,,,0.606156,,Seoul,South Korea,martj42/international_results,https://github.com/martj42/international_results,"Resultados oficiales publicos; Elo e historial usan solo partidos previos. Ranking FIFA, mercado, plantilla y fase exacta quedan vacios si no hay fuente real conectada."
20020601_Germany_vs_Saudi_Arabia,2002-06-01,FIFA World Cup,unknown_stage_from_source,Germany,Saudi Arabia,8,0,1,,1789.922,1780.738,,,,,,,,0.644377,0.324762,Sapporo,Japan,martj42/international_results,https://github.com/martj42/international_results,"Resultados oficiales publicos; Elo e historial usan solo partidos previos. Ranking FIFA, mercado, plantilla y fase exacta quedan vacios si no hay fuente real conectada."
20020601_Republic_of_Ireland_vs_Cameroon,2002-06-01,FIFA World Cup,unknown_stage_from_source,Republic of Ireland,Cameroon,1,1,1,,1770.130,1748.855,,,,,,,,0.352083,0.341071,Niigata,Japan,martj42/international_results,https://github.com/martj42/international_results,"Resultados oficiales publicos; Elo e historial usan solo partidos previos. Ranking FIFA, mercado, plantilla y fase exacta quedan vacios si no hay fuente real conectada."
20020601_Uruguay_vs_Denmark,2002-06-01,FIFA World Cup,unknown_stage_from_source,Uruguay,Denmark,1,2,1,,1712.340,1771.879,,,,,,,,0.617432,0.412126,Ulsan,South Korea,martj42/international_results,https://github.com/martj42/international_results,"Resultados oficiales publicos; Elo e historial usan solo partidos previos. Ranking FIFA, mercado, plantilla y fase exacta quedan vacios si no hay fuente real conectada."
20020602_Argentina_vs_Nigeria,2002-06-02,FIFA World Cup,unknown_stage_from_source,Argentina,Nigeria,1,0,1,,1862.077,1746.085,,,,,,,,0.685512,0.500000,Kashima,Japan,martj42/international_results,https://github.com/martj42/international_results,"Resultados oficiales publicos; Elo e historial usan solo partidos previos. Ranking FIFA, mercado, plantilla y fase exacta quedan vacios si no hay fuente real conectada."
20020602_England_vs_Sweden,2002-06-02,FIFA World Cup,unknown_stage_from_source,England,Sweden,1,1,1,,1809.511,1762.749,,,,,,,,0.504818,0.453370,Saitama,Japan,martj42/international_results,https://github.com/martj42/international_results,"Resultados oficiales publicos; Elo e historial usan solo partidos previos. Ranking FIFA, mercado, plantilla y fase exacta quedan vacios si no hay fuente real conectada."
20020602_Paraguay_vs_South_Africa,2002-06-02,FIFA World Cup,unknown_stage_from_source,Paraguay,South Africa,2,2,1,,1685.613,1655.503,,,,,,,,0.453719,0.227222,Busan,South Korea,martj42/international_results,https://github.com/martj42/international_results,"Resultados oficiales publicos; Elo e historial usan solo partidos previos. Ranking FIFA, mercado, plantilla y fase exacta quedan vacios si no hay fuente real conectada."
20020602_Spain_vs_Slovenia,2002-06-02,FIFA World Cup,unknown_stage_from_source,Spain,Slovenia,3,1,1,,1846.889,1646.676,,,,,,,,0.483470,0.257222,Gwangju,South Korea,martj42/international_results,https://github.com/martj42/international_results,"Resultados oficiales publicos; Elo e historial usan solo partidos previos. Ranking FIFA, mercado, plantilla y fase exacta quedan vacios si no hay fuente real conectada."
20020603_Brazil_vs_Turkey,2002-06-03,FIFA World Cup,unknown_stage_from_source,Brazil,Turkey,2,1,1,,1820.220,1682.233,,,,,,,,0.682348,0.249833,Ulsan,South Korea,martj42/international_results,https://github.com/martj42/international_results,"Resultados oficiales publicos; Elo e historial usan solo partidos previos. Ranking FIFA, mercado, plantilla y fase exacta quedan vacios si no hay fuente real conectada."
20020603_Croatia_vs_Mexico,2002-06-03,FIFA World Cup,unknown_stage_from_source,Croatia,Mexico,0,1,1,,1779.913,1789.660,,,,,,,,0.636364,0.383923,Niigata,Japan,martj42/international_results,https://github.com/martj42/international_results,"Resultados oficiales publicos; Elo e historial usan solo partidos previos. Ranking FIFA, mercado, plantilla y fase exacta quedan vacios si no hay fuente real conectada."
20020603_Italy_vs_Ecuador,2002-06-03,FIFA World Cup,unknown_stage_from_source,Italy,Ecuador,2,0,1,,1876.129,1658.204,,,,,,,,0.641628,0.177582,Sapporo,Japan,martj42/international_results,https://github.com/martj42/international_results,"Resultados oficiales publicos; Elo e historial usan solo partidos previos. Ranking FIFA, mercado, plantilla y fase exacta quedan vacios si no hay fuente real conectada."
20020604_China_vs_Costa_Rica,2002-06-04,FIFA World Cup,unknown_stage_from_source,China,Costa Rica,0,2,1,,1745.188,1742.363,,,,,,,,,0.413333,Gwangju,South Korea,martj42/international_results,https://github.com/martj42/international_results,"Resultados oficiales publicos; Elo e historial usan solo partidos previos. Ranking FIFA, mercado, plantilla y fase exacta quedan vacios si no hay fuente real conectada."
20020604_Japan_vs_Belgium,2002-06-04,FIFA World Cup,unknown_stage_from_source,Japan,Belgium,2,2,0,,1774.297,1755.541,,,,,,,,0.075556,0.364659,Saitama,Japan,martj42/international_results,https://github.com/martj42/international_results,"Resultados oficiales publicos; Elo e historial usan solo partidos previos. Ranking FIFA, mercado, plantilla y fase exacta quedan vacios si no hay fuente real conectada."
20020604_South_Korea_vs_Poland,2002-06-04,FIFA World Cup,unknown_stage_from_source,South Korea,Poland,2,0,0,,1744.003,1670.435,,,,,,,,0.065238,0.589067,Busan,South Korea,martj42/international_results,https://github.com/martj42/international_results,"Resultados oficiales publicos; Elo e historial usan solo partidos previos. Ranking FIFA, mercado, plantilla y fase exacta quedan vacios si no hay fuente real conectada."
20020605_Germany_vs_Republic_of_Ireland,2002-06-05,FIFA World Cup,unknown_stage_from_source,Germany,Republic of Ireland,1,1,1,,1834.658,1768.846,,,,,,,,0.650170,0.352949,Kashima,Japan,martj42/international_results,https://github.com/martj42/international_results,"Resultados oficiales publicos; Elo e historial usan solo partidos previos. Ranking FIFA, mercado, plantilla y fase exacta quedan vacios si no hay fuente real conectada."
20020605_Russia_vs_Tunisia,2002-06-05,FIFA World Cup,unknown_stage_from_source,Russia,Tunisia,2,0,1,,1717.056,1691.982,,,,,,,,0.517862,0.302778,Kobe,Japan,martj42/international_results,https://github.com/martj42/international_results,"Resultados oficiales publicos; Elo e historial usan solo partidos previos. Ranking FIFA, mercado, plantilla y fase exacta quedan vacios si no hay fuente real conectada."
20020605_United_States_vs_Portugal,2002-06-05,FIFA World Cup,unknown_stage_from_source,United States,Portugal,3,2,1,,1772.580,1854.134,,,,,,,,0.269231,0.644545,Suwon,South Korea,martj42/international_results,https://github.com/martj42/international_results,"Resultados oficiales publicos; Elo e historial usan solo partidos previos. Ranking FIFA, mercado, plantilla y fase exacta quedan vacios si no hay fuente real conectada."
20020606_Cameroon_vs_Saudi_Arabia,2002-06-06,FIFA World Cup,unknown_stage_from_source,Cameroon,Saudi Arabia,1,0,1,,1750.140,1736.002,,,,,,,,0.342556,0.250417,Saitama,Japan,martj42/international_results,https://github.com/martj42/international_results,"Resultados oficiales publicos; Elo e historial usan solo partidos previos. Ranking FIFA, mercado, plantilla y fase exacta quedan vacios si no hay fuente real conectada."
20020606_Denmark_vs_Senegal,2002-06-06,FIFA World Cup,unknown_stage_from_source,Denmark,Senegal,1,1,1,,1789.315,1719.749,,,,,,,,0.430222,0.955000,Daegu,South Korea,martj42/international_results,https://github.com/martj42/international_results,"Resultados oficiales publicos; Elo e historial usan solo partidos previos. Ranking FIFA, mercado, plantilla y fase exacta quedan vacios si no hay fuente real conectada."
20020606_France_vs_Uruguay,2002-06-06,FIFA World Cup,unknown_stage_from_source,France,Uruguay,0,0,1,,1935.160,1694.904,,,,,,,,0.597249,0.614706,Busan,South Korea,martj42/international_results,https://github.com/martj42/international_results,"Resultados oficiales publicos; Elo e historial usan solo partidos previos. Ranking FIFA, mercado, plantilla y fase exacta quedan vacios si no hay fuente real conectada."
20020607_Argentina_vs_England,2002-06-07,FIFA World Cup,unknown_stage_from_source,Argentina,England,0,1,1,,1876.316,1806.702,,,,,,,,0.686743,0.502641,Sapporo,Japan,martj42/international_results,https://github.com/martj42/international_results,"Resultados oficiales publicos; Elo e historial usan solo partidos previos. Ranking FIFA, mercado, plantilla y fase exacta quedan vacios si no hay fuente real conectada."
20020607_Spain_vs_Paraguay,2002-06-07,FIFA World Cup,unknown_stage_from_source,Spain,Paraguay,3,1,1,,1857.040,1683.797,,,,,,,,0.491801,0.453157,Jeonju,South Korea,martj42/international_results,https://github.com/martj42/international_results,"Resultados oficiales publicos; Elo e historial usan solo partidos previos. Ranking FIFA, mercado, plantilla y fase exacta quedan vacios si no hay fuente real conectada."
20020607_Sweden_vs_Nigeria,2002-06-07,FIFA World Cup,unknown_stage_from_source,Sweden,Nigeria,2,1,1,,1765.558,1731.847,,,,,,,,0.451413,0.449444,Kobe,Japan,martj42/international_results,https://github.com/martj42/international_results,"Resultados oficiales publicos; Elo e historial usan solo partidos previos. Ranking FIFA, mercado, plantilla y fase exacta quedan vacios si no hay fuente real conectada."
20020608_Brazil_vs_China,2002-06-08,FIFA World Cup,unknown_stage_from_source,Brazil,China,4,0,1,,1833.293,1721.960,,,,,,,,0.683503,0.000000,Seogwipo,South Korea,martj42/international_results,https://github.com/martj42/international_results,"Resultados oficiales publicos; Elo e historial usan solo partidos previos. Ranking FIFA, mercado, plantilla y fase exacta quedan vacios si no hay fuente real conectada."
20020608_Italy_vs_Croatia,2002-06-08,FIFA World Cup,unknown_stage_from_source,Italy,Croatia,1,2,1,,1885.447,1759.502,,,,,,,,0.645747,0.587083,Kashima,Japan,martj42/international_results,https://github.com/martj42/international_results,"Resultados oficiales publicos; Elo e historial usan solo partidos previos. Ranking FIFA, mercado, plantilla y fase exacta quedan vacios si no hay fuente real conectada."
20020608_South_Africa_vs_Slovenia,2002-06-08,FIFA World Cup,unknown_stage_from_source,South Africa,Slovenia,1,0,1,,1657.319,1636.525,,,,,,,,0.261250,0.192917,Daegu,South Korea,martj42/international_results,https://github.com/martj42/international_results,"Resultados oficiales publicos; Elo e historial usan solo partidos previos. Ranking FIFA, mercado, plantilla y fase exacta quedan vacios si no hay fuente real conectada."
20020609_Costa_Rica_vs_Turkey,2002-06-09,FIFA World Cup,unknown_stage_from_source,Costa Rica,Turkey,1,1,1,,1765.591,1669.161,,,,,,,,0.462222,0.231212,Incheon,South Korea,martj42/international_results,https://github.com/martj42/international_results,"Resultados oficiales publicos; Elo e historial usan solo partidos previos. Ranking FIFA, mercado, plantilla y fase exacta quedan vacios si no hay fuente real conectada."
20020609_Japan_vs_Russia,2002-06-09,FIFA World Cup,unknown_stage_from_source,Japan,Russia,1,0,0,,1773.165,1738.224,,,,,,,,0.116667,0.526790,Yokohama,Japan,martj42/international_results,https://github.com/martj42/international_results,"Resultados oficiales publicos; Elo e historial usan solo partidos previos. Ranking FIFA, mercado, plantilla y fase exacta quedan vacios si no hay fuente real conectada."
20020609_Mexico_vs_Ecuador,2002-06-09,FIFA World Cup,unknown_stage_from_source,Mexico,Ecuador,2,1,1,,1810.071,1648.887,,,,,,,,0.392576,0.175858,Rifu,Japan,martj42/international_results,https://github.com/martj42/international_results,"Resultados oficiales publicos; Elo e historial usan solo partidos previos. Ranking FIFA, mercado, plantilla y fase exacta quedan vacios si no hay fuente real conectada."
20020610_South_Korea_vs_United_States,2002-06-10,FIFA World Cup,unknown_stage_from_source,South Korea,United States,1,1,0,,1761.670,1798.421,,,,,,,,0.127556,0.294630,Daegu,South Korea,martj42/international_results,https://github.com/martj42/international_results,"Resultados oficiales publicos; Elo e historial usan solo partidos previos. Ranking FIFA, mercado, plantilla y fase exacta quedan vacios si no hay fuente real conectada."
20020610_Portugal_vs_Poland,2002-06-10,FIFA World Cup,unknown_stage_from_source,Portugal,Poland,4,0,1,,1828.293,1652.769,,,,,,,,0.618478,0.566410,Jeonju,South Korea,martj42/international_results,https://github.com/martj42/international_results,"Resultados oficiales publicos; Elo e historial usan solo partidos previos. Ranking FIFA, mercado, plantilla y fase exacta quedan vacios si no hay fuente real conectada."
20020610_Tunisia_vs_Belgium,2002-06-10,FIFA World Cup,unknown_stage_from_source,Tunisia,Belgium,1,1,1,,1670.815,1756.673,,,,,,,,0.259524,0.364630,Ōita,Japan,martj42/international_results,https://github.com/martj42/international_results,"Resultados oficiales publicos; Elo e historial usan solo partidos previos. Ranking FIFA, mercado, plantilla y fase exacta quedan vacios si no hay fuente real conectada."
20020611_Cameroon_vs_Germany,2002-06-11,FIFA World Cup,unknown_stage_from_source,Cameroon,Germany,0,2,1,,1770.286,1830.727,,,,,,,,0.380833,0.647538,Fukuroi,Japan,martj42/international_results,https://github.com/martj42/international_results,"Resultados oficiales publicos; Elo e historial usan solo partidos previos. Ranking FIFA, mercado, plantilla y fase exacta quedan vacios si no hay fuente real conectada."
20020611_Denmark_vs_France,2002-06-11,FIFA World Cup,unknown_stage_from_source,Denmark,France,2,0,1,,1785.165,1922.582,,,,,,,,0.428065,0.593594,Incheon,South Korea,martj42/international_results,https://github.com/martj42/international_results,"Resultados oficiales publicos; Elo e historial usan solo partidos previos. Ranking FIFA, mercado, plantilla y fase exacta quedan vacios si no hay fuente real conectada."
20020611_Saudi_Arabia_vs_Republic_of_Ireland,2002-06-11,FIFA World Cup,unknown_stage_from_source,Saudi Arabia,Republic of Ireland,0,3,1,,1715.856,1772.777,,,,,,,,0.227593,0.353690,Yokohama,Japan,martj42/international_results,https://github.com/martj42/international_results,"Resultados oficiales publicos; Elo e historial usan solo partidos previos. Ranking FIFA, mercado, plantilla y fase exacta quedan vacios si no hay fuente real conectada."
20020611_Senegal_vs_Uruguay,2002-06-11,FIFA World Cup,unknown_stage_from_source,Senegal,Uruguay,3,3,1,,1723.899,1707.482,,,,,,,,0.659167,0.613515,Suwon,South Korea,martj42/international_results,https://github.com/martj42/international_results,"Resultados oficiales publicos; Elo e historial usan solo partidos previos. Ranking FIFA, mercado, plantilla y fase exacta quedan vacios si no hay fuente real conectada."
20020612_Nigeria_vs_England,2002-06-12,FIFA World Cup,unknown_stage_from_source,Nigeria,England,0,0,1,,1712.878,1831.854,,,,,,,,0.409000,0.509495,Osaka,Japan,martj42/international_results,https://github.com/martj42/international_results,"Resultados oficiales publicos; Elo e historial usan solo partidos previos. Ranking FIFA, mercado, plantilla y fase exacta quedan vacios si no hay fuente real conectada."
20020612_Slovenia_vs_Paraguay,2002-06-12,FIFA World Cup,unknown_stage_from_source,Slovenia,Paraguay,1,3,1,,1616.780,1672.271,,,,,,,,0.163333,0.450360,Seogwipo,South Korea,martj42/international_results,https://github.com/martj42/international_results,"Resultados oficiales publicos; Elo e historial usan solo partidos previos. Ranking FIFA, mercado, plantilla y fase exacta quedan vacios si no hay fuente real conectada."
20020612_South_Africa_vs_Spain,2002-06-12,FIFA World Cup,unknown_stage_from_source,South Africa,Spain,2,3,1,,1677.063,1868.567,,,,,,,,0.400000,0.499868,Daejeon,South Korea,martj42/international_results,https://github.com/martj42/international_results,"Resultados oficiales publicos; Elo e historial usan solo partidos previos. Ranking FIFA, mercado, plantilla y fase exacta quedan vacios si no hay fuente real conectada."
20020612_Sweden_vs_Argentina,2002-06-12,FIFA World Cup,unknown_stage_from_source,Sweden,Argentina,1,1,1,,1784.527,1851.163,,,,,,,,0.462128,0.683826,Rifu,Japan,martj42/international_results,https://github.com/martj42/international_results,"Resultados oficiales publicos; Elo e historial usan solo partidos previos. Ranking FIFA, mercado, plantilla y fase exacta quedan vacios si no hay fuente real conectada."
20020613_Costa_Rica_vs_Brazil,2002-06-13,FIFA World Cup,unknown_stage_from_source,Costa Rica,Brazil,2,5,1,,1759.908,1855.493,,,,,,,,0.454615,0.685218,Suwon,South Korea,martj42/international_results,https://github.com/martj42/international_results,"Resultados oficiales publicos; Elo e historial usan solo partidos previos. Ranking FIFA, mercado, plantilla y fase exacta quedan vacios si no hay fuente real conectada."
20020613_Ecuador_vs_Croatia,2002-06-13,FIFA World Cup,unknown_stage_from_source,Ecuador,Croatia,1,0,1,,1636.986,1787.798,,,,,,,,0.174599,0.615385,Yokohama,Japan,martj42/international_results,https://github.com/martj42/international_results,"Resultados oficiales publicos; Elo e historial usan solo partidos previos. Ranking FIFA, mercado, plantilla y fase exacta quedan vacios si no hay fuente real conectada."
20020613_Mexico_vs_Italy,2002-06-13,FIFA World Cup,unknown_stage_from_source,Mexico,Italy,1,1,1,,1821.972,1857.151,,,,,,,,0.400970,0.638920,Ōita,Japan,martj42/international_results,https://github.com/martj42/international_results,"Resultados oficiales publicos; Elo e historial usan solo partidos previos. Ranking FIFA, mercado, plantilla y fase exacta quedan vacios si no hay fuente real conectada."
20020613_Turkey_vs_China,2002-06-13,FIFA World Cup,unknown_stage_from_source,Turkey,China,3,0,1,,1674.844,1699.759,,,,,,,,0.242222,0.000000,Seoul,South Korea,martj42/international_results,https://github.com/martj42/international_results,"Resultados oficiales publicos; Elo e historial usan solo partidos previos. Ranking FIFA, mercado, plantilla y fase exacta quedan vacios si no hay fuente real conectada."
20020614_Belgium_vs_Russia,2002-06-14,FIFA World Cup,unknown_stage_from_source,Belgium,Russia,3,2,1,,1751.587,1719.329,,,,,,,,0.364601,0.518030,Fukuroi,Japan,martj42/international_results,https://github.com/martj42/international_results,"Resultados oficiales publicos; Elo e historial usan solo partidos previos. Ranking FIFA, mercado, plantilla y fase exacta quedan vacios si no hay fuente real conectada."
20020614_Japan_vs_Tunisia,2002-06-14,FIFA World Cup,unknown_stage_from_source,Japan,Tunisia,2,0,0,,1792.060,1675.901,,,,,,,,0.221458,0.272500,Osaka,Japan,martj42/international_results,https://github.com/martj42/international_results,"Resultados oficiales publicos; Elo e historial usan solo partidos previos. Ranking FIFA, mercado, plantilla y fase exacta quedan vacios si no hay fuente real conectada."
20020614_South_Korea_vs_Portugal,2002-06-14,FIFA World Cup,unknown_stage_from_source,South Korea,Portugal,1,0,0,,1763.883,1845.002,,,,,,,,0.142292,0.638125,Incheon,South Korea,martj42/international_results,https://github.com/martj42/international_results,"Resultados oficiales publicos; Elo e historial usan solo partidos previos. Ranking FIFA, mercado, plantilla y fase exacta quedan vacios si no hay fuente real conectada."
20020614_Poland_vs_United_States,2002-06-14,FIFA World Cup,unknown_stage_from_source,Poland,United States,3,1,1,,1636.060,1796.207,,,,,,,,0.542099,0.297083,Daejeon,South Korea,martj42/international_results,https://github.com/martj42/international_results,"Resultados oficiales publicos; Elo e historial usan solo partidos previos. Ranking FIFA, mercado, plantilla y fase exacta quedan vacios si no hay fuente real conectada."
20020615_Denmark_vs_England,2002-06-15,FIFA World Cup,unknown_stage_from_source,Denmark,England,0,3,1,,1815.047,1824.931,,,,,,,,0.445937,0.507313,Niigata,Japan,martj42/international_results,https://github.com/martj42/international_results,"Resultados oficiales publicos; Elo e historial usan solo partidos previos. Ranking FIFA, mercado, plantilla y fase exacta quedan vacios si no hay fuente real conectada."
20020615_Germany_vs_Paraguay,2002-06-15,FIFA World Cup,unknown_stage_from_source,Germany,Paraguay,1,0,1,,1849.313,1691.210,,,,,,,,0.650742,0.453732,Seogwipo,South Korea,martj42/international_results,https://github.com/martj42/international_results,"Resultados oficiales publicos; Elo e historial usan solo partidos previos. Ranking FIFA, mercado, plantilla y fase exacta quedan vacios si no hay fuente real conectada."
20020616_Spain_vs_Republic_of_Ireland,2002-06-16,FIFA World Cup,unknown_stage_from_source,Spain,Republic of Ireland,1,1,1,,1879.037,1796.546,,,,,,,,0.506979,0.399778,Suwon,South Korea,martj42/international_results,https://github.com/martj42/international_results,"Resultados oficiales publicos; Elo e historial usan solo partidos previos. Ranking FIFA, mercado, plantilla y fase exacta quedan vacios si no hay fuente real conectada."
20020616_Sweden_vs_Senegal,2002-06-16,FIFA World Cup,unknown_stage_from_source,Sweden,Senegal,1,2,1,,1788.506,1722.907,,,,,,,,0.460069,0.560556,Ōita,Japan,martj42/international_results,https://github.com/martj42/international_results,"Resultados oficiales publicos; Elo e historial usan solo partidos previos. Ranking FIFA, mercado, plantilla y fase exacta quedan vacios si no hay fuente real conectada."
20020617_Brazil_vs_Belgium,2002-06-17,FIFA World Cup,unknown_stage_from_source,Brazil,Belgium,2,0,1,,1875.905,1770.643,,,,,,,,0.686730,0.377163,Kobe,Japan,martj42/international_results,https://github.com/martj42/international_results,"Resultados oficiales publicos; Elo e historial usan solo partidos previos. Ranking FIFA, mercado, plantilla y fase exacta quedan vacios si no hay fuente real conectada."
20020617_Mexico_vs_United_States,2002-06-17,FIFA World Cup,unknown_stage_from_source,Mexico,United States,0,2,1,,1824.091,1765.436,,,,,,,,0.400417,0.286839,Jeonju,South Korea,martj42/international_results,https://github.com/martj42/international_results,"Resultados oficiales publicos; Elo e historial usan solo partidos previos. Ranking FIFA, mercado, plantilla y fase exacta quedan vacios si no hay fuente real conectada."
20020618_Japan_vs_Turkey,2002-06-18,FIFA World Cup,unknown_stage_from_source,Japan,Turkey,0,1,0,,1806.908,1705.691,,,,,,,,0.307963,0.303974,Rifu,Japan,martj42/international_results,https://github.com/martj42/international_results,"Resultados oficiales publicos; Elo e historial usan solo partidos previos. Ranking FIFA, mercado, plantilla y fase exacta quedan vacios si no hay fuente real conectada."
20020618_South_Korea_vs_Italy,2002-06-18,FIFA World Cup,unknown_stage_from_source,South Korea,Italy,2,1,0,,1789.699,1855.032,,,,,,,,0.190098,0.635824,Daejeon,South Korea,martj42/international_results,https://github.com/martj42/international_results,"Resultados oficiales publicos; Elo e historial usan solo partidos previos. Ranking FIFA, mercado, plantilla y fase exacta quedan vacios si no hay fuente real conectada."
20020621_England_vs_Brazil,2002-06-21,FIFA World Cup,unknown_stage_from_source,England,Brazil,1,2,1,,1853.089,1891.449,,,,,,,,0.515221,0.688040,Fukuroi,Japan,martj42/international_results,https://github.com/martj42/international_results,"Resultados oficiales publicos; Elo e historial usan solo partidos previos. Ranking FIFA, mercado, plantilla y fase exacta quedan vacios si no hay fuente real conectada."
20020621_Germany_vs_United_States,2002-06-21,FIFA World Cup,unknown_stage_from_source,Germany,United States,1,0,1,,1861.366,1791.666,,,,,,,,0.653483,0.310611,Ulsan,South Korea,martj42/international_results,https://github.com/martj42/international_results,"Resultados oficiales publicos; Elo e historial usan solo partidos previos. Ranking FIFA, mercado, plantilla y fase exacta quedan vacios si no hay fuente real conectada."
20020622_South_Korea_vs_Spain,2002-06-22,FIFA World Cup,unknown_stage_from_source,South Korea,Spain,0,0,0,,1814.602,1874.143,,,,,,,,0.232593,0.504769,Gwangju,South Korea,martj42/international_results,https://github.com/martj42/international_results,"Resultados oficiales publicos; Elo e historial usan solo partidos previos. Ranking FIFA, mercado, plantilla y fase exacta quedan vacios si no hay fuente real conectada."
20020622_Senegal_vs_Turkey,2002-06-22,FIFA World Cup,unknown_stage_from_source,Senegal,Turkey,0,1,1,,1747.826,1732.642,,,,,,,,0.659167,0.350476,Osaka,Japan,martj42/international_results,https://github.com/martj42/international_results,"Resultados oficiales publicos; Elo e historial usan solo partidos previos. Ranking FIFA, mercado, plantilla y fase exacta quedan vacios si no hay fuente real conectada."
20020625_South_Korea_vs_Germany,2002-06-25,FIFA World Cup,unknown_stage_from_source,South Korea,Germany,0,1,0,,1818.166,1878.209,,,,,,,,0.239474,0.656176,Seoul,South Korea,martj42/international_results,https://github.com/martj42/international_results,"Resultados oficiales publicos; Elo e historial usan solo partidos previos. Ranking FIFA, mercado, plantilla y fase exacta quedan vacios si no hay fuente real conectada."
20020626_Brazil_vs_Turkey,2002-06-26,FIFA World Cup,unknown_stage_from_source,Brazil,Turkey,1,0,1,,1910.140,1754.559,,,,,,,,0.689153,0.390778,Saitama,Japan,martj42/international_results,https://github.com/martj42/international_results,"Resultados oficiales publicos; Elo e historial usan solo partidos previos. Ranking FIFA, mercado, plantilla y fase exacta quedan vacios si no hay fuente real conectada."
20020629_South_Korea_vs_Turkey,2002-06-29,FIFA World Cup,unknown_stage_from_source,South Korea,Turkey,2,3,0,,1800.759,1742.381,,,,,,,,0.229750,0.369167,Daegu,South Korea,martj42/international_results,https://github.com/martj42/international_results,"Resultados oficiales publicos; Elo e historial usan solo partidos previos. Ranking FIFA, mercado, plantilla y fase exacta quedan vacios si no hay fuente real conectada."
20020630_Germany_vs_Brazil,2002-06-30,FIFA World Cup,unknown_stage_from_source,Germany,Brazil,0,2,1,,1895.616,1922.318,,,,,,,,0.658820,0.690256,Yokohama,Japan,martj42/international_results,https://github.com/martj42/international_results,"Resultados oficiales publicos; Elo e historial usan solo partidos previos. Ranking FIFA, mercado, plantilla y fase exacta quedan vacios si no hay fuente real conectada."
20040612_Portugal_vs_Greece,2004-06-12,UEFA Euro,unknown_stage_from_source,Portugal,Greece,1,2,0,,1825.869,1688.448,,,,,,,,0.614400,0.038056,Porto,Portugal,martj42/international_results,https://github.com/martj42/international_results,"Resultados oficiales publicos; Elo e historial usan solo partidos previos. Ranking FIFA, mercado, plantilla y fase exacta quedan vacios si no hay fuente real conectada."
20040612_Spain_vs_Russia,2004-06-12,UEFA Euro,unknown_stage_from_source,Spain,Russia,1,0,1,,1882.389,1697.573,,,,,,,,0.502626,0.509583,Faro,Portugal,martj42/international_results,https://github.com/martj42/international_results,"Resultados oficiales publicos; Elo e historial usan solo partidos previos. Ranking FIFA, mercado, plantilla y fase exacta quedan vacios si no hay fuente real conectada."
20040613_France_vs_England,2004-06-13,UEFA Euro,unknown_stage_from_source,France,England,2,1,1,,1958.669,1839.998,,,,,,,,0.584462,0.508406,Lisbon,Portugal,martj42/international_results,https://github.com/martj42/international_results,"Resultados oficiales publicos; Elo e historial usan solo partidos previos. Ranking FIFA, mercado, plantilla y fase exacta quedan vacios si no hay fuente real conectada."
20040613_Switzerland_vs_Croatia,2004-06-13,UEFA Euro,unknown_stage_from_source,Switzerland,Croatia,0,0,1,,1631.620,1764.422,,,,,,,,0.292733,0.574643,Leiria,Portugal,martj42/international_results,https://github.com/martj42/international_results,"Resultados oficiales publicos; Elo e historial usan solo partidos previos. Ranking FIFA, mercado, plantilla y fase exacta quedan vacios si no hay fuente real conectada."
20040614_Denmark_vs_Italy,2004-06-14,UEFA Euro,unknown_stage_from_source,Denmark,Italy,0,0,1,,1780.057,1836.253,,,,,,,,0.431061,0.629259,Guimarães,Portugal,martj42/international_results,https://github.com/martj42/international_results,"Resultados oficiales publicos; Elo e historial usan solo partidos previos. Ranking FIFA, mercado, plantilla y fase exacta quedan vacios si no hay fuente real conectada."
20040614_Sweden_vs_Bulgaria,2004-06-14,UEFA Euro,unknown_stage_from_source,Sweden,Bulgaria,5,0,1,,1733.548,1671.517,,,,,,,,0.451599,0.238276,Lisbon,Portugal,martj42/international_results,https://github.com/martj42/international_results,"Resultados oficiales publicos; Elo e historial usan solo partidos previos. Ranking FIFA, mercado, plantilla y fase exacta quedan vacios si no hay fuente real conectada."
20040615_Czech_Republic_vs_Latvia,2004-06-15,UEFA Euro,unknown_stage_from_source,Czech Republic,Latvia,2,1,1,,1826.703,1496.858,,,,,,,,0.419074,,Aveiro,Portugal,martj42/international_results,https://github.com/martj42/international_results,"Resultados oficiales publicos; Elo e historial usan solo partidos previos. Ranking FIFA, mercado, plantilla y fase exacta quedan vacios si no hay fuente real conectada."
20040615_Germany_vs_Netherlands,2004-06-15,UEFA Euro,unknown_stage_from_source,Germany,Netherlands,1,1,1,,1825.802,1876.202,,,,,,,,0.653041,0.596545,Porto,Portugal,martj42/international_results,https://github.com/martj42/international_results,"Resultados oficiales publicos; Elo e historial usan solo partidos previos. Ranking FIFA, mercado, plantilla y fase exacta quedan vacios si no hay fuente real conectada."
20040616_Greece_vs_Spain,2004-06-16,UEFA Euro,unknown_stage_from_source,Greece,Spain,1,1,1,,1717.346,1893.164,,,,,,,,0.169048,0.509378,Porto,Portugal,martj42/international_results,https://github.com/martj42/international_results,"Resultados oficiales publicos; Elo e historial usan solo partidos previos. Ranking FIFA, mercado, plantilla y fase exacta quedan vacios si no hay fuente real conectada."
20040616_Portugal_vs_Russia,2004-06-16,UEFA Euro,unknown_stage_from_source,Portugal,Russia,2,0,0,,1796.970,1686.797,,,,,,,,0.592500,0.501433,Lisbon,Portugal,martj42/international_results,https://github.com/martj42/international_results,"Resultados oficiales publicos; Elo e historial usan solo partidos previos. Ranking FIFA, mercado, plantilla y fase exacta quedan vacios si no hay fuente real conectada."
20040617_Croatia_vs_France,2004-06-17,UEFA Euro,unknown_stage_from_source,Croatia,France,2,2,1,,1756.765,1972.763,,,,,,,,0.560556,0.590076,Leiria,Portugal,martj42/international_results,https://github.com/martj42/international_results,"Resultados oficiales publicos; Elo e historial usan solo partidos previos. Ranking FIFA, mercado, plantilla y fase exacta quedan vacios si no hay fuente real conectada."
20040617_England_vs_Switzerland,2004-06-17,UEFA Euro,unknown_stage_from_source,England,Switzerland,3,0,1,,1825.905,1639.278,,,,,,,,0.501786,0.295449,Coimbra,Portugal,martj42/international_results,https://github.com/martj42/international_results,"Resultados oficiales publicos; Elo e historial usan solo partidos previos. Ranking FIFA, mercado, plantilla y fase exacta quedan vacios si no hay fuente real conectada."
20040618_Bulgaria_vs_Denmark,2004-06-18,UEFA Euro,unknown_stage_from_source,Bulgaria,Denmark,0,2,1,,1641.387,1783.424,,,,,,,,0.225833,0.429069,Braga,Portugal,martj42/international_results,https://github.com/martj42/international_results,"Resultados oficiales publicos; Elo e historial usan solo partidos previos. Ranking FIFA, mercado, plantilla y fase exacta quedan vacios si no hay fuente real conectada."
20040618_Italy_vs_Sweden,2004-06-18,UEFA Euro,unknown_stage_from_source,Italy,Sweden,1,1,1,,1832.885,1763.678,,,,,,,,0.626337,0.465267,Porto,Portugal,martj42/international_results,https://github.com/martj42/international_results,"Resultados oficiales publicos; Elo e historial usan solo partidos previos. Ranking FIFA, mercado, plantilla y fase exacta quedan vacios si no hay fuente real conectada."
20040619_Latvia_vs_Germany,2004-06-19,UEFA Euro,unknown_stage_from_source,Latvia,Germany,0,0,1,,1491.387,1828.827,,,,,,,,0.045000,0.650522,Porto,Portugal,martj42/international_results,https://github.com/martj42/international_results,"Resultados oficiales publicos; Elo e historial usan solo partidos previos. Ranking FIFA, mercado, plantilla y fase exacta quedan vacios si no hay fuente real conectada."
20040619_Netherlands_vs_Czech_Republic,2004-06-19,UEFA Euro,unknown_stage_from_source,Netherlands,Czech Republic,2,3,1,,1873.177,1832.174,,,,,,,,0.592381,0.472667,Aveiro,Portugal,martj42/international_results,https://github.com/martj42/international_results,"Resultados oficiales publicos; Elo e historial usan solo partidos previos. Ranking FIFA, mercado, plantilla y fase exacta quedan vacios si no hay fuente real conectada."
20040620_Portugal_vs_Spain,2004-06-20,UEFA Euro,unknown_stage_from_source,Portugal,Spain,1,0,0,,1812.199,1883.360,,,,,,,,0.607593,0.507230,Lisbon,Portugal,martj42/international_results,https://github.com/martj42/international_results,"Resultados oficiales publicos; Elo e historial usan solo partidos previos. Ranking FIFA, mercado, plantilla y fase exacta quedan vacios si no hay fuente real conectada."
20040620_Russia_vs_Greece,2004-06-20,UEFA Euro,unknown_stage_from_source,Russia,Greece,2,1,1,,1671.569,1727.150,,,,,,,,0.492787,0.193333,Faro,Portugal,martj42/international_results,https://github.com/martj42/international_results,"Resultados oficiales publicos; Elo e historial usan solo partidos previos. Ranking FIFA, mercado, plantilla y fase exacta quedan vacios si no hay fuente real conectada."
20040621_Croatia_vs_England,2004-06-21,UEFA Euro,unknown_stage_from_source,Croatia,England,2,4,1,,1768.363,1839.569,,,,,,,,0.548229,0.509437,Lisbon,Portugal,martj42/international_results,https://github.com/martj42/international_results,"Resultados oficiales publicos; Elo e historial usan solo partidos previos. Ranking FIFA, mercado, plantilla y fase exacta quedan vacios si no hay fuente real conectada."
20040621_Switzerland_vs_France,2004-06-21,UEFA Euro,unknown_stage_from_source,Switzerland,France,1,3,1,,1625.614,1961.165,,,,,,,,0.282840,0.586692,Coimbra,Portugal,martj42/international_results,https://github.com/martj42/international_results,"Resultados oficiales publicos; Elo e historial usan solo partidos previos. Ranking FIFA, mercado, plantilla y fase exacta quedan vacios si no hay fuente real conectada."
20040622_Denmark_vs_Sweden,2004-06-22,UEFA Euro,unknown_stage_from_source,Denmark,Sweden,2,2,1,,1796.699,1767.807,,,,,,,,0.445381,0.463268,Porto,Portugal,martj42/international_results,https://github.com/martj42/international_results,"Resultados oficiales publicos; Elo e historial usan solo partidos previos. Ranking FIFA, mercado, plantilla y fase exacta quedan vacios si no hay fuente real conectada."
20040622_Italy_vs_Bulgaria,2004-06-22,UEFA Euro,unknown_stage_from_source,Italy,Bulgaria,2,1,1,,1828.757,1628.112,,,,,,,,0.623478,0.218548,Guimarães,Portugal,martj42/international_results,https://github.com/martj42/international_results,"Resultados oficiales publicos; Elo e historial usan solo partidos previos. Ranking FIFA, mercado, plantilla y fase exacta quedan vacios si no hay fuente real conectada."
20040623_Germany_vs_Czech_Republic,2004-06-23,UEFA Euro,unknown_stage_from_source,Germany,Czech Republic,1,2,1,,1813.093,1855.641,,,,,,,,0.648046,0.516515,Lisbon,Portugal,martj42/international_results,https://github.com/martj42/international_results,"Resultados oficiales publicos; Elo e historial usan solo partidos previos. Ranking FIFA, mercado, plantilla y fase exacta quedan vacios si no hay fuente real conectada."
20040623_Netherlands_vs_Latvia,2004-06-23,UEFA Euro,unknown_stage_from_source,Netherlands,Latvia,3,0,1,,1849.710,1507.121,,,,,,,,0.582778,0.204167,Braga,Portugal,martj42/international_results,https://github.com/martj42/international_results,"Resultados oficiales publicos; Elo e historial usan solo partidos previos. Ranking FIFA, mercado, plantilla y fase exacta quedan vacios si no hay fuente real conectada."
20040624_Portugal_vs_England,2004-06-24,UEFA Euro,unknown_stage_from_source,Portugal,England,2,2,0,,1837.441,1857.399,,,,,,,,0.620000,0.516250,Lisbon,Portugal,martj42/international_results,https://github.com/martj42/international_results,"Resultados oficiales publicos; Elo e historial usan solo partidos previos. Ranking FIFA, mercado, plantilla y fase exacta quedan vacios si no hay fuente real conectada."
20040625_France_vs_Greece,2004-06-25,UEFA Euro,unknown_stage_from_source,France,Greece,0,1,1,,1966.232,1702.819,,,,,,,,0.592770,0.176852,Lisbon,Portugal,martj42/international_results,https://github.com/martj42/international_results,"Resultados oficiales publicos; Elo e historial usan solo partidos previos. Ranking FIFA, mercado, plantilla y fase exacta quedan vacios si no hay fuente real conectada."
20040626_Sweden_vs_Netherlands,2004-06-26,UEFA Euro,unknown_stage_from_source,Sweden,Netherlands,0,0,1,,1769.549,1855.865,,,,,,,,0.461346,0.590747,Faro,Portugal,martj42/international_results,https://github.com/martj42/international_results,"Resultados oficiales publicos; Elo e historial usan solo partidos previos. Ranking FIFA, mercado, plantilla y fase exacta quedan vacios si no hay fuente real conectada."
20040627_Czech_Republic_vs_Denmark,2004-06-27,UEFA Euro,unknown_stage_from_source,Czech Republic,Denmark,3,0,1,,1874.082,1794.957,,,,,,,,0.553056,0.443102,Porto,Portugal,martj42/international_results,https://github.com/martj42/international_results,"Resultados oficiales publicos; Elo e historial usan solo partidos previos. Ranking FIFA, mercado, plantilla y fase exacta quedan vacios si no hay fuente real conectada."
20040630_Portugal_vs_Netherlands,2004-06-30,UEFA Euro,unknown_stage_from_source,Portugal,Netherlands,2,1,0,,1838.646,1850.752,,,,,,,,0.611149,0.586893,Lisbon,Portugal,martj42/international_results,https://github.com/martj42/international_results,"Resultados oficiales publicos; Elo e historial usan solo partidos previos. Ranking FIFA, mercado, plantilla y fase exacta quedan vacios si no hay fuente real conectada."
20040701_Greece_vs_Czech_Republic,2004-07-01,UEFA Euro,unknown_stage_from_source,Greece,Czech Republic,1,0,1,,1737.259,1895.892,,,,,,,,0.254667,0.590897,Porto,Portugal,martj42/international_results,https://github.com/martj42/international_results,"Resultados oficiales publicos; Elo e historial usan solo partidos previos. Ranking FIFA, mercado, plantilla y fase exacta quedan vacios si no hay fuente real conectada."
20040704_Portugal_vs_Greece,2004-07-04,UEFA Euro,unknown_stage_from_source,Portugal,Greece,0,1,0,,1860.377,1767.232,,,,,,,,0.622611,0.318333,Lisbon,Portugal,martj42/international_results,https://github.com/martj42/international_results,"Resultados oficiales publicos; Elo e historial usan solo partidos previos. Ranking FIFA, mercado, plantilla y fase exacta quedan vacios si no hay fuente real conectada."
20040706_Peru_vs_Bolivia,2004-07-06,Copa América,unknown_stage_from_source,Peru,Bolivia,2,2,0,,1615.421,1520.582,,,,,,,,0.418213,0.223611,Lima,Peru,martj42/international_results,https://github.com/martj42/international_results,"Resultados oficiales publicos; Elo e historial usan solo partidos previos. Ranking FIFA, mercado, plantilla y fase exacta quedan vacios si no hay fuente real conectada."
20040706_Venezuela_vs_Colombia,2004-07-06,Copa América,unknown_stage_from_source,Venezuela,Colombia,0,1,1,,1519.025,1726.182,,,,,,,,0.023214,0.399029,Lima,Peru,martj42/international_results,https://github.com/martj42/international_results,"Resultados oficiales publicos; Elo e historial usan solo partidos previos. Ranking FIFA, mercado, plantilla y fase exacta quedan vacios si no hay fuente real conectada."
20040707_Argentina_vs_Ecuador,2004-07-07,Copa América,unknown_stage_from_source,Argentina,Ecuador,6,1,1,,1849.538,1661.393,,,,,,,,0.682376,0.182032,Chiclayo,Peru,martj42/international_results,https://github.com/martj42/international_results,"Resultados oficiales publicos; Elo e historial usan solo partidos previos. Ranking FIFA, mercado, plantilla y fase exacta quedan vacios si no hay fuente real conectada."
20040707_Mexico_vs_Uruguay,2004-07-07,Copa América,unknown_stage_from_source,Mexico,Uruguay,2,2,1,,1815.007,1645.494,,,,,,,,0.394614,0.612335,Chiclayo,Peru,martj42/international_results,https://github.com/martj42/international_results,"Resultados oficiales publicos; Elo e historial usan solo partidos previos. Ranking FIFA, mercado, plantilla y fase exacta quedan vacios si no hay fuente real conectada."
20040708_Brazil_vs_Chile,2004-07-08,Copa América,unknown_stage_from_source,Brazil,Chile,1,0,1,,1901.910,1615.162,,,,,,,,0.691536,0.398082,Arequipa,Peru,martj42/international_results,https://github.com/martj42/international_results,"Resultados oficiales publicos; Elo e historial usan solo partidos previos. Ranking FIFA, mercado, plantilla y fase exacta quedan vacios si no hay fuente real conectada."
20040708_Costa_Rica_vs_Paraguay,2004-07-08,Copa América,unknown_stage_from_source,Costa Rica,Paraguay,0,1,1,,1714.957,1705.079,,,,,,,,0.418929,0.451240,Arequipa,Peru,martj42/international_results,https://github.com/martj42/international_results,"Resultados oficiales publicos; Elo e historial usan solo partidos previos. Ranking FIFA, mercado, plantilla y fase exacta quedan vacios si no hay fuente real conectada."
20040709_Colombia_vs_Bolivia,2004-07-09,Copa América,unknown_stage_from_source,Colombia,Bolivia,1,0,1,,1735.960,1526.176,,,,,,,,0.404375,0.224968,Lima,Peru,martj42/international_results,https://github.com/martj42/international_results,"Resultados oficiales publicos; Elo e historial usan solo partidos previos. Ranking FIFA, mercado, plantilla y fase exacta quedan vacios si no hay fuente real conectada."
20040709_Peru_vs_Venezuela,2004-07-09,Copa América,unknown_stage_from_source,Peru,Venezuela,3,1,0,,1609.827,1509.247,,,,,,,,0.417821,0.023721,Lima,Peru,martj42/international_results,https://github.com/martj42/international_results,"Resultados oficiales publicos; Elo e historial usan solo partidos previos. Ranking FIFA, mercado, plantilla y fase exacta quedan vacios si no hay fuente real conectada."
20040710_Argentina_vs_Mexico,2004-07-10,Copa América,unknown_stage_from_source,Argentina,Mexico,0,1,1,,1867.072,1805.504,,,,,,,,0.684414,0.394167,Chiclayo,Peru,martj42/international_results,https://github.com/martj42/international_results,"Resultados oficiales publicos; Elo e historial usan solo partidos previos. Ranking FIFA, mercado, plantilla y fase exacta quedan vacios si no hay fuente real conectada."
20040710_Uruguay_vs_Ecuador,2004-07-10,Copa América,unknown_stage_from_source,Uruguay,Ecuador,2,1,1,,1654.997,1643.859,,,,,,,,0.611166,0.179041,Chiclayo,Peru,martj42/international_results,https://github.com/martj42/international_results,"Resultados oficiales publicos; Elo e historial usan solo partidos previos. Ranking FIFA, mercado, plantilla y fase exacta quedan vacios si no hay fuente real conectada."
20040711_Brazil_vs_Costa_Rica,2004-07-11,Copa América,unknown_stage_from_source,Brazil,Costa Rica,4,1,1,,1908.673,1693.360,,,,,,,,0.692620,0.394000,Arequipa,Peru,martj42/international_results,https://github.com/martj42/international_results,"Resultados oficiales publicos; Elo e historial usan solo partidos previos. Ranking FIFA, mercado, plantilla y fase exacta quedan vacios si no hay fuente real conectada."
20040711_Paraguay_vs_Chile,2004-07-11,Copa América,unknown_stage_from_source,Paraguay,Chile,1,1,1,,1726.676,1608.399,,,,,,,,0.454293,0.396120,Arequipa,Peru,martj42/international_results,https://github.com/martj42/international_results,"Resultados oficiales publicos; Elo e historial usan solo partidos previos. Ranking FIFA, mercado, plantilla y fase exacta quedan vacios si no hay fuente real conectada."
20040712_Peru_vs_Colombia,2004-07-12,Copa América,unknown_stage_from_source,Peru,Colombia,2,2,0,,1625.675,1745.625,,,,,,,,0.421950,0.409619,Trujillo,Peru,martj42/international_results,https://github.com/martj42/international_results,"Resultados oficiales publicos; Elo e historial usan solo partidos previos. Ranking FIFA, mercado, plantilla y fase exacta quedan vacios si no hay fuente real conectada."
20040712_Venezuela_vs_Bolivia,2004-07-12,Copa América,unknown_stage_from_source,Venezuela,Bolivia,1,1,1,,1493.399,1516.511,,,,,,,,0.023182,0.223237,Trujillo,Peru,martj42/international_results,https://github.com/martj42/international_results,"Resultados oficiales publicos; Elo e historial usan solo partidos previos. Ranking FIFA, mercado, plantilla y fase exacta quedan vacios si no hay fuente real conectada."
20040713_Argentina_vs_Uruguay,2004-07-13,Copa América,unknown_stage_from_source,Argentina,Uruguay,4,2,1,,1842.389,1675.324,,,,,,,,0.681547,0.612773,Piura,Peru,martj42/international_results,https://github.com/martj42/international_results,"Resultados oficiales publicos; Elo e historial usan solo partidos previos. Ranking FIFA, mercado, plantilla y fase exacta quedan vacios si no hay fuente real conectada."
20040713_Mexico_vs_Ecuador,2004-07-13,Copa América,unknown_stage_from_source,Mexico,Ecuador,2,1,1,,1830.187,1623.532,,,,,,,,0.402066,0.177788,Piura,Peru,martj42/international_results,https://github.com/martj42/international_results,"Resultados oficiales publicos; Elo e historial usan solo partidos previos. Ranking FIFA, mercado, plantilla y fase exacta quedan vacios si no hay fuente real conectada."
20040714_Brazil_vs_Paraguay,2004-07-14,Copa América,unknown_stage_from_source,Brazil,Paraguay,1,2,1,,1920.581,1719.791,,,,,,,,0.694064,0.453745,Arequipa,Peru,martj42/international_results,https://github.com/martj42/international_results,"Resultados oficiales publicos; Elo e historial usan solo partidos previos. Ranking FIFA, mercado, plantilla y fase exacta quedan vacios si no hay fuente real conectada."
20040714_Costa_Rica_vs_Chile,2004-07-14,Copa América,unknown_stage_from_source,Costa Rica,Chile,2,1,1,,1681.452,1615.284,,,,,,,,0.366563,0.395939,Tacna,Peru,martj42/international_results,https://github.com/martj42/international_results,"Resultados oficiales publicos; Elo e historial usan solo partidos previos. Ranking FIFA, mercado, plantilla y fase exacta quedan vacios si no hay fuente real conectada."
20040717_Colombia_vs_Costa_Rica,2004-07-17,Copa América,unknown_stage_from_source,Colombia,Costa Rica,2,0,1,,1738.650,1698.500,,,,,,,,0.409182,0.401176,Trujillo,Peru,martj42/international_results,https://github.com/martj42/international_results,"Resultados oficiales publicos; Elo e historial usan solo partidos previos. Ranking FIFA, mercado, plantilla y fase exacta quedan vacios si no hay fuente real conectada."
20040717_Peru_vs_Argentina,2004-07-17,Copa América,unknown_stage_from_source,Peru,Argentina,0,1,0,,1632.651,1854.249,,,,,,,,0.421538,0.682969,Chiclayo,Peru,martj42/international_results,https://github.com/martj42/international_results,"Resultados oficiales publicos; Elo e historial usan solo partidos previos. Ranking FIFA, mercado, plantilla y fase exacta quedan vacios si no hay fuente real conectada."
20040718_Mexico_vs_Brazil,2004-07-18,Copa América,unknown_stage_from_source,Mexico,Brazil,0,4,1,,1839.986,1888.636,,,,,,,,0.409745,0.691415,Piura,Peru,martj42/international_results,https://github.com/martj42/international_results,"Resultados oficiales publicos; Elo e historial usan solo partidos previos. Ranking FIFA, mercado, plantilla y fase exacta quedan vacios si no hay fuente real conectada."
20040718_Paraguay_vs_Uruguay,2004-07-18,Copa América,unknown_stage_from_source,Paraguay,Uruguay,1,3,1,,1751.735,1663.465,,,,,,,,0.456747,0.609922,Tacna,Peru,martj42/international_results,https://github.com/martj42/international_results,"Resultados oficiales publicos; Elo e historial usan solo partidos previos. Ranking FIFA, mercado, plantilla y fase exacta quedan vacios si no hay fuente real conectada."
20040720_Argentina_vs_Colombia,2004-07-20,Copa América,unknown_stage_from_source,Argentina,Colombia,3,0,1,,1863.417,1758.701,,,,,,,,0.684178,0.414704,Lima,Peru,martj42/international_results,https://github.com/martj42/international_results,"Resultados oficiales publicos; Elo e historial usan solo partidos previos. Ranking FIFA, mercado, plantilla y fase exacta quedan vacios si no hay fuente real conectada."
20040721_Uruguay_vs_Brazil,2004-07-21,Copa América,unknown_stage_from_source,Uruguay,Brazil,1,1,1,,1691.163,1917.103,,,,,,,,0.611728,0.693035,Lima,Peru,martj42/international_results,https://github.com/martj42/international_results,"Resultados oficiales publicos; Elo e historial usan solo partidos previos. Ranking FIFA, mercado, plantilla y fase exacta quedan vacios si no hay fuente real conectada."
20040724_Colombia_vs_Uruguay,2004-07-24,Copa América,unknown_stage_from_source,Colombia,Uruguay,1,2,1,,1739.042,1703.173,,,,,,,,0.410448,0.610584,Cusco,Peru,martj42/international_results,https://github.com/martj42/international_results,"Resultados oficiales publicos; Elo e historial usan solo partidos previos. Ranking FIFA, mercado, plantilla y fase exacta quedan vacios si no hay fuente real conectada."
20040725_Argentina_vs_Brazil,2004-07-25,Copa América,unknown_stage_from_source,Argentina,Brazil,2,2,1,,1883.076,1905.094,,,,,,,,0.685774,0.691700,Lima,Peru,martj42/international_results,https://github.com/martj42/international_results,"Resultados oficiales publicos; Elo e historial usan solo partidos previos. Ranking FIFA, mercado, plantilla y fase exacta quedan vacios si no hay fuente real conectada."
20060609_Germany_vs_Costa_Rica,2006-06-09,FIFA World Cup,unknown_stage_from_source,Germany,Costa Rica,4,2,0,,1843.383,1694.734,,,,,,,,0.642892,0.378889,Munich,Germany,martj42/international_results,https://github.com/martj42/international_results,"Resultados oficiales publicos; Elo e historial usan solo partidos previos. Ranking FIFA, mercado, plantilla y fase exacta quedan vacios si no hay fuente real conectada."
20060609_Poland_vs_Ecuador,2006-06-09,FIFA World Cup,unknown_stage_from_source,Poland,Ecuador,0,2,1,,1730.320,1647.496,,,,,,,,0.558452,0.176559,Gelsenkirchen,Germany,martj42/international_results,https://github.com/martj42/international_results,"Resultados oficiales publicos; Elo e historial usan solo partidos previos. Ranking FIFA, mercado, plantilla y fase exacta quedan vacios si no hay fuente real conectada."
20060610_Argentina_vs_Ivory_Coast,2006-06-10,FIFA World Cup,unknown_stage_from_source,Argentina,Ivory Coast,2,1,1,,1850.950,1746.008,,,,,,,,0.684354,,Hamburg,Germany,martj42/international_results,https://github.com/martj42/international_results,"Resultados oficiales publicos; Elo e historial usan solo partidos previos. Ranking FIFA, mercado, plantilla y fase exacta quedan vacios si no hay fuente real conectada."
20060610_England_vs_Paraguay,2006-06-10,FIFA World Cup,unknown_stage_from_source,England,Paraguay,1,0,1,,1871.018,1710.904,,,,,,,,0.514155,0.454028,Frankfurt am Main,Germany,martj42/international_results,https://github.com/martj42/international_results,"Resultados oficiales publicos; Elo e historial usan solo partidos previos. Ranking FIFA, mercado, plantilla y fase exacta quedan vacios si no hay fuente real conectada."
20060610_Trinidad_and_Tobago_vs_Sweden,2006-06-10,FIFA World Cup,unknown_stage_from_source,Trinidad and Tobago,Sweden,0,0,1,,1635.266,1783.315,,,,,,,,,0.459497,Dortmund,Germany,martj42/international_results,https://github.com/martj42/international_results,"Resultados oficiales publicos; Elo e historial usan solo partidos previos. Ranking FIFA, mercado, plantilla y fase exacta quedan vacios si no hay fuente real conectada."
20060611_Angola_vs_Portugal,2006-06-11,FIFA World Cup,unknown_stage_from_source,Angola,Portugal,0,1,1,,1633.797,1850.494,,,,,,,,,0.603978,Cologne,Germany,martj42/international_results,https://github.com/martj42/international_results,"Resultados oficiales publicos; Elo e historial usan solo partidos previos. Ranking FIFA, mercado, plantilla y fase exacta quedan vacios si no hay fuente real conectada."
20060611_Mexico_vs_Iran,2006-06-11,FIFA World Cup,unknown_stage_from_source,Mexico,Iran,3,1,1,,1828.522,1831.483,,,,,,,,0.402900,0.212222,Nuremberg,Germany,martj42/international_results,https://github.com/martj42/international_results,"Resultados oficiales publicos; Elo e historial usan solo partidos previos. Ranking FIFA, mercado, plantilla y fase exacta quedan vacios si no hay fuente real conectada."
20060611_Serbia_vs_Netherlands,2006-06-11,FIFA World Cup,unknown_stage_from_source,Serbia,Netherlands,0,1,1,,1707.562,1883.520,,,,,,,,0.443333,0.577861,Leipzig,Germany,martj42/international_results,https://github.com/martj42/international_results,"Resultados oficiales publicos; Elo e historial usan solo partidos previos. Ranking FIFA, mercado, plantilla y fase exacta quedan vacios si no hay fuente real conectada."
20060612_Australia_vs_Japan,2006-06-12,FIFA World Cup,unknown_stage_from_source,Australia,Japan,3,1,1,,1863.937,1792.023,,,,,,,,0.106111,0.281667,Kaiserslautern,Germany,martj42/international_results,https://github.com/martj42/international_results,"Resultados oficiales publicos; Elo e historial usan solo partidos previos. Ranking FIFA, mercado, plantilla y fase exacta quedan vacios si no hay fuente real conectada."
20060612_Italy_vs_Ghana,2006-06-12,FIFA World Cup,unknown_stage_from_source,Italy,Ghana,2,0,1,,1839.678,1637.467,,,,,,,,0.627043,,Hanover,Germany,martj42/international_results,https://github.com/martj42/international_results,"Resultados oficiales publicos; Elo e historial usan solo partidos previos. Ranking FIFA, mercado, plantilla y fase exacta quedan vacios si no hay fuente real conectada."
20060612_United_States_vs_Czech_Republic,2006-06-12,FIFA World Cup,unknown_stage_from_source,United States,Czech Republic,0,3,1,,1834.867,1872.675,,,,,,,,0.302043,0.551905,Gelsenkirchen,Germany,martj42/international_results,https://github.com/martj42/international_results,"Resultados oficiales publicos; Elo e historial usan solo partidos previos. Ranking FIFA, mercado, plantilla y fase exacta quedan vacios si no hay fuente real conectada."
20060613_Brazil_vs_Croatia,2006-06-13,FIFA World Cup,unknown_stage_from_source,Brazil,Croatia,1,0,1,,1903.739,1769.219,,,,,,,,0.690376,0.515980,Berlin,Germany,martj42/international_results,https://github.com/martj42/international_results,"Resultados oficiales publicos; Elo e historial usan solo partidos previos. Ranking FIFA, mercado, plantilla y fase exacta quedan vacios si no hay fuente real conectada."
20060613_France_vs_Switzerland,2006-06-13,FIFA World Cup,unknown_stage_from_source,France,Switzerland,0,0,1,,1901.339,1702.598,,,,,,,,0.584831,0.272738,Stuttgart,Germany,martj42/international_results,https://github.com/martj42/international_results,"Resultados oficiales publicos; Elo e historial usan solo partidos previos. Ranking FIFA, mercado, plantilla y fase exacta quedan vacios si no hay fuente real conectada."
20060613_South_Korea_vs_Togo,2006-06-13,FIFA World Cup,unknown_stage_from_source,South Korea,Togo,2,1,1,,1757.847,1600.288,,,,,,,,0.220952,,Frankfurt am Main,Germany,martj42/international_results,https://github.com/martj42/international_results,"Resultados oficiales publicos; Elo e historial usan solo partidos previos. Ranking FIFA, mercado, plantilla y fase exacta quedan vacios si no hay fuente real conectada."
20060614_Germany_vs_Poland,2006-06-14,FIFA World Cup,unknown_stage_from_source,Germany,Poland,1,0,0,,1856.273,1702.884,,,,,,,,0.645918,0.539195,Dortmund,Germany,martj42/international_results,https://github.com/martj42/international_results,"Resultados oficiales publicos; Elo e historial usan solo partidos previos. Ranking FIFA, mercado, plantilla y fase exacta quedan vacios si no hay fuente real conectada."
20060614_Spain_vs_Ukraine,2006-06-14,FIFA World Cup,unknown_stage_from_source,Spain,Ukraine,4,0,1,,1860.358,1697.046,,,,,,,,0.500531,,Leipzig,Germany,martj42/international_results,https://github.com/martj42/international_results,"Resultados oficiales publicos; Elo e historial usan solo partidos previos. Ranking FIFA, mercado, plantilla y fase exacta quedan vacios si no hay fuente real conectada."
20060614_Tunisia_vs_Saudi_Arabia,2006-06-14,FIFA World Cup,unknown_stage_from_source,Tunisia,Saudi Arabia,2,2,1,,1740.055,1700.585,,,,,,,,0.242222,0.200333,Munich,Germany,martj42/international_results,https://github.com/martj42/international_results,"Resultados oficiales publicos; Elo e historial usan solo partidos previos. Ranking FIFA, mercado, plantilla y fase exacta quedan vacios si no hay fuente real conectada."
20060615_Ecuador_vs_Costa_Rica,2006-06-15,FIFA World Cup,unknown_stage_from_source,Ecuador,Costa Rica,3,0,1,,1674.932,1681.843,,,,,,,,0.184113,0.358947,Hamburg,Germany,martj42/international_results,https://github.com/martj42/international_results,"Resultados oficiales publicos; Elo e historial usan solo partidos previos. Ranking FIFA, mercado, plantilla y fase exacta quedan vacios si no hay fuente real conectada."
20060615_England_vs_Trinidad_and_Tobago,2006-06-15,FIFA World Cup,unknown_stage_from_source,England,Trinidad and Tobago,2,0,1,,1882.972,1643.709,,,,,,,,0.520113,0.363333,Nuremberg,Germany,martj42/international_results,https://github.com/martj42/international_results,"Resultados oficiales publicos; Elo e historial usan solo partidos previos. Ranking FIFA, mercado, plantilla y fase exacta quedan vacios si no hay fuente real conectada."
20060615_Sweden_vs_Paraguay,2006-06-15,FIFA World Cup,unknown_stage_from_source,Sweden,Paraguay,1,0,1,,1774.872,1698.950,,,,,,,,0.457716,0.451607,Berlin,Germany,martj42/international_results,https://github.com/martj42/international_results,"Resultados oficiales publicos; Elo e historial usan solo partidos previos. Ranking FIFA, mercado, plantilla y fase exacta quedan vacios si no hay fuente real conectada."
20060616_Argentina_vs_Serbia,2006-06-16,FIFA World Cup,unknown_stage_from_source,Argentina,Serbia,6,0,1,,1865.793,1696.372,,,,,,,,0.685541,0.399074,Gelsenkirchen,Germany,martj42/international_results,https://github.com/martj42/international_results,"Resultados oficiales publicos; Elo e historial usan solo partidos previos. Ranking FIFA, mercado, plantilla y fase exacta quedan vacios si no hay fuente real conectada."
20060616_Mexico_vs_Angola,2006-06-16,FIFA World Cup,unknown_stage_from_source,Mexico,Angola,0,0,1,,1851.758,1624.425,,,,,,,,0.410968,0.045000,Hanover,Germany,martj42/international_results,https://github.com/martj42/international_results,"Resultados oficiales publicos; Elo e historial usan solo partidos previos. Ranking FIFA, mercado, plantilla y fase exacta quedan vacios si no hay fuente real conectada."
20060616_Netherlands_vs_Ivory_Coast,2006-06-16,FIFA World Cup,unknown_stage_from_source,Netherlands,Ivory Coast,2,1,1,,1894.710,1731.165,,,,,,,,0.584044,0.045000,Stuttgart,Germany,martj42/international_results,https://github.com/martj42/international_results,"Resultados oficiales publicos; Elo e historial usan solo partidos previos. Ranking FIFA, mercado, plantilla y fase exacta quedan vacios si no hay fuente real conectada."
20060617_Czech_Republic_vs_Ghana,2006-06-17,FIFA World Cup,unknown_stage_from_source,Czech Republic,Ghana,0,2,1,,1898.193,1627.412,,,,,,,,0.584778,0.000000,Cologne,Germany,martj42/international_results,https://github.com/martj42/international_results,"Resultados oficiales publicos; Elo e historial usan solo partidos previos. Ranking FIFA, mercado, plantilla y fase exacta quedan vacios si no hay fuente real conectada."
20060617_Italy_vs_United_States,2006-06-17,FIFA World Cup,unknown_stage_from_source,Italy,United States,1,1,1,,1849.732,1809.349,,,,,,,,0.631011,0.291198,Kaiserslautern,Germany,martj42/international_results,https://github.com/martj42/international_results,"Resultados oficiales publicos; Elo e historial usan solo partidos previos. Ranking FIFA, mercado, plantilla y fase exacta quedan vacios si no hay fuente real conectada."
20060617_Portugal_vs_Iran,2006-06-17,FIFA World Cup,unknown_stage_from_source,Portugal,Iran,2,0,1,,1859.867,1808.247,,,,,,,,0.614948,0.181905,Frankfurt am Main,Germany,martj42/international_results,https://github.com/martj42/international_results,"Resultados oficiales publicos; Elo e historial usan solo partidos previos. Ranking FIFA, mercado, plantilla y fase exacta quedan vacios si no hay fuente real conectada."
20060618_Brazil_vs_Australia,2006-06-18,FIFA World Cup,unknown_stage_from_source,Brazil,Australia,2,0,1,,1916.991,1881.718,,,,,,,,0.691439,0.329583,Munich,Germany,martj42/international_results,https://github.com/martj42/international_results,"Resultados oficiales publicos; Elo e historial usan solo partidos previos. Ranking FIFA, mercado, plantilla y fase exacta quedan vacios si no hay fuente real conectada."
20060618_France_vs_South_Korea,2006-06-18,FIFA World Cup,unknown_stage_from_source,France,South Korea,1,1,1,,1890.485,1769.927,,,,,,,,0.581667,0.254318,Leipzig,Germany,martj42/international_results,https://github.com/martj42/international_results,"Resultados oficiales publicos; Elo e historial usan solo partidos previos. Ranking FIFA, mercado, plantilla y fase exacta quedan vacios si no hay fuente real conectada."
20060618_Japan_vs_Croatia,2006-06-18,FIFA World Cup,unknown_stage_from_source,Japan,Croatia,0,0,1,,1774.242,1755.967,,,,,,,,0.256061,0.489815,Nuremberg,Germany,martj42/international_results,https://github.com/martj42/international_results,"Resultados oficiales publicos; Elo e historial usan solo partidos previos. Ranking FIFA, mercado, plantilla y fase exacta quedan vacios si no hay fuente real conectada."
20060619_Saudi_Arabia_vs_Ukraine,2006-06-19,FIFA World Cup,unknown_stage_from_source,Saudi Arabia,Ukraine,0,4,1,,1702.960,1679.372,,,,,,,,0.215152,0.000000,Hamburg,Germany,martj42/international_results,https://github.com/martj42/international_results,"Resultados oficiales publicos; Elo e historial usan solo partidos previos. Ranking FIFA, mercado, plantilla y fase exacta quedan vacios si no hay fuente real conectada."
20060619_Spain_vs_Tunisia,2006-06-19,FIFA World Cup,unknown_stage_from_source,Spain,Tunisia,3,1,1,,1878.033,1737.679,,,,,,,,0.508952,0.254333,Stuttgart,Germany,martj42/international_results,https://github.com/martj42/international_results,"Resultados oficiales publicos; Elo e historial usan solo partidos previos. Ranking FIFA, mercado, plantilla y fase exacta quedan vacios si no hay fuente real conectada."
20060619_Togo_vs_Switzerland,2006-06-19,FIFA World Cup,unknown_stage_from_source,Togo,Switzerland,0,2,1,,1588.208,1713.452,,,,,,,,0.045000,0.275862,Dortmund,Germany,martj42/international_results,https://github.com/martj42/international_results,"Resultados oficiales publicos; Elo e historial usan solo partidos previos. Ranking FIFA, mercado, plantilla y fase exacta quedan vacios si no hay fuente real conectada."
20060620_Costa_Rica_vs_Poland,2006-06-20,FIFA World Cup,unknown_stage_from_source,Costa Rica,Poland,1,2,1,,1652.245,1690.596,,,,,,,,0.338750,0.522722,Hanover,Germany,martj42/international_results,https://github.com/martj42/international_results,"Resultados oficiales publicos; Elo e historial usan solo partidos previos. Ranking FIFA, mercado, plantilla y fase exacta quedan vacios si no hay fuente real conectada."
20060620_Germany_vs_Ecuador,2006-06-20,FIFA World Cup,unknown_stage_from_source,Germany,Ecuador,3,0,0,,1868.561,1704.530,,,,,,,,0.648515,0.191939,Berlin,Germany,martj42/international_results,https://github.com/martj42/international_results,"Resultados oficiales publicos; Elo e historial usan solo partidos previos. Ranking FIFA, mercado, plantilla y fase exacta quedan vacios si no hay fuente real conectada."
20060620_Paraguay_vs_Trinidad_and_Tobago,2006-06-20,FIFA World Cup,unknown_stage_from_source,Paraguay,Trinidad and Tobago,2,0,1,,1682.467,1635.326,,,,,,,,0.449216,0.181667,Kaiserslautern,Germany,martj42/international_results,https://github.com/martj42/international_results,"Resultados oficiales publicos; Elo e historial usan solo partidos previos. Ranking FIFA, mercado, plantilla y fase exacta quedan vacios si no hay fuente real conectada."
20060620_Sweden_vs_England,2006-06-20,FIFA World Cup,unknown_stage_from_source,Sweden,England,2,2,1,,1791.355,1891.355,,,,,,,,0.466758,0.526511,Cologne,Germany,martj42/international_results,https://github.com/martj42/international_results,"Resultados oficiales publicos; Elo e historial usan solo partidos previos. Ranking FIFA, mercado, plantilla y fase exacta quedan vacios si no hay fuente real conectada."
20060621_Iran_vs_Angola,2006-06-21,FIFA World Cup,unknown_stage_from_source,Iran,Angola,1,1,1,,1789.029,1636.491,,,,,,,,0.159167,0.204167,Leipzig,Germany,martj42/international_results,https://github.com/martj42/international_results,"Resultados oficiales publicos; Elo e historial usan solo partidos previos. Ranking FIFA, mercado, plantilla y fase exacta quedan vacios si no hay fuente real conectada."
20060621_Ivory_Coast_vs_Serbia,2006-06-21,FIFA World Cup,unknown_stage_from_source,Ivory Coast,Serbia,3,2,1,,1719.379,1675.593,,,,,,,,0.045000,0.341167,Munich,Germany,martj42/international_results,https://github.com/martj42/international_results,"Resultados oficiales publicos; Elo e historial usan solo partidos previos. Ranking FIFA, mercado, plantilla y fase exacta quedan vacios si no hay fuente real conectada."
20060621_Netherlands_vs_Argentina,2006-06-21,FIFA World Cup,unknown_stage_from_source,Netherlands,Argentina,0,0,1,,1906.495,1886.572,,,,,,,,0.590027,0.687700,Frankfurt am Main,Germany,martj42/international_results,https://github.com/martj42/international_results,"Resultados oficiales publicos; Elo e historial usan solo partidos previos. Ranking FIFA, mercado, plantilla y fase exacta quedan vacios si no hay fuente real conectada."
20060621_Portugal_vs_Mexico,2006-06-21,FIFA World Cup,unknown_stage_from_source,Portugal,Mexico,2,1,1,,1879.084,1839.692,,,,,,,,0.626616,0.410333,Gelsenkirchen,Germany,martj42/international_results,https://github.com/martj42/international_results,"Resultados oficiales publicos; Elo e historial usan solo partidos previos. Ranking FIFA, mercado, plantilla y fase exacta quedan vacios si no hay fuente real conectada."
20060622_Croatia_vs_Australia,2006-06-22,FIFA World Cup,unknown_stage_from_source,Croatia,Australia,2,2,1,,1757.070,1861.309,,,,,,,,0.483158,0.263667,Stuttgart,Germany,martj42/international_results,https://github.com/martj42/international_results,"Resultados oficiales publicos; Elo e historial usan solo partidos previos. Ranking FIFA, mercado, plantilla y fase exacta quedan vacios si no hay fuente real conectada."
20060622_Czech_Republic_vs_Italy,2006-06-22,FIFA World Cup,unknown_stage_from_source,Czech Republic,Italy,0,2,1,,1864.250,1847.302,,,,,,,,0.548229,0.628193,Hamburg,Germany,martj42/international_results,https://github.com/martj42/international_results,"Resultados oficiales publicos; Elo e historial usan solo partidos previos. Ranking FIFA, mercado, plantilla y fase exacta quedan vacios si no hay fuente real conectada."
20060622_Ghana_vs_United_States,2006-06-22,FIFA World Cup,unknown_stage_from_source,Ghana,United States,2,1,1,,1661.355,1811.779,,,,,,,,0.500000,0.293384,Nuremberg,Germany,martj42/international_results,https://github.com/martj42/international_results,"Resultados oficiales publicos; Elo e historial usan solo partidos previos. Ranking FIFA, mercado, plantilla y fase exacta quedan vacios si no hay fuente real conectada."
20060622_Japan_vs_Brazil,2006-06-22,FIFA World Cup,unknown_stage_from_source,Japan,Brazil,1,4,1,,1773.138,1937.401,,,,,,,,0.265000,0.692673,Dortmund,Germany,martj42/international_results,https://github.com/martj42/international_results,"Resultados oficiales publicos; Elo e historial usan solo partidos previos. Ranking FIFA, mercado, plantilla y fase exacta quedan vacios si no hay fuente real conectada."
20060623_Saudi_Arabia_vs_Spain,2006-06-23,FIFA World Cup,unknown_stage_from_source,Saudi Arabia,Spain,0,1,1,,1667.254,1891.406,,,,,,,,0.189722,0.515869,Kaiserslautern,Germany,martj42/international_results,https://github.com/martj42/international_results,"Resultados oficiales publicos; Elo e historial usan solo partidos previos. Ranking FIFA, mercado, plantilla y fase exacta quedan vacios si no hay fuente real conectada."
20060623_Switzerland_vs_South_Korea,2006-06-23,FIFA World Cup,unknown_stage_from_source,Switzerland,South Korea,2,0,1,,1727.735,1776.935,,,,,,,,0.300000,0.259058,Hanover,Germany,martj42/international_results,https://github.com/martj42/international_results,"Resultados oficiales publicos; Elo e historial usan solo partidos previos. Ranking FIFA, mercado, plantilla y fase exacta quedan vacios si no hay fuente real conectada."
20060623_Togo_vs_France,2006-06-23,FIFA World Cup,unknown_stage_from_source,Togo,France,0,2,1,,1573.924,1883.477,,,,,,,,0.022500,0.578592,Cologne,Germany,martj42/international_results,https://github.com/martj42/international_results,"Resultados oficiales publicos; Elo e historial usan solo partidos previos. Ranking FIFA, mercado, plantilla y fase exacta quedan vacios si no hay fuente real conectada."
20060623_Ukraine_vs_Tunisia,2006-06-23,FIFA World Cup,unknown_stage_from_source,Ukraine,Tunisia,1,0,1,,1715.078,1724.306,,,,,,,,0.500000,0.231212,Berlin,Germany,martj42/international_results,https://github.com/martj42/international_results,"Resultados oficiales publicos; Elo e historial usan solo partidos previos. Ranking FIFA, mercado, plantilla y fase exacta quedan vacios si no hay fuente real conectada."
20060624_Argentina_vs_Mexico,2006-06-24,FIFA World Cup,unknown_stage_from_source,Argentina,Mexico,2,1,1,,1887.775,1821.063,,,,,,,,0.686290,0.405526,Leipzig,Germany,martj42/international_results,https://github.com/martj42/international_results,"Resultados oficiales publicos; Elo e historial usan solo partidos previos. Ranking FIFA, mercado, plantilla y fase exacta quedan vacios si no hay fuente real conectada."
20060624_Germany_vs_Sweden,2006-06-24,FIFA World Cup,unknown_stage_from_source,Germany,Sweden,2,0,0,,1883.735,1797.237,,,,,,,,0.651819,0.464911,Munich,Germany,martj42/international_results,https://github.com/martj42/international_results,"Resultados oficiales publicos; Elo e historial usan solo partidos previos. Ranking FIFA, mercado, plantilla y fase exacta quedan vacios si no hay fuente real conectada."
20060625_England_vs_Ecuador,2006-06-25,FIFA World Cup,unknown_stage_from_source,England,Ecuador,1,0,1,,1885.472,1689.356,,,,,,,,0.524364,0.189805,Stuttgart,Germany,martj42/international_results,https://github.com/martj42/international_results,"Resultados oficiales publicos; Elo e historial usan solo partidos previos. Ranking FIFA, mercado, plantilla y fase exacta quedan vacios si no hay fuente real conectada."
20060625_Portugal_vs_Netherlands,2006-06-25,FIFA World Cup,unknown_stage_from_source,Portugal,Netherlands,1,0,1,,1897.713,1905.292,,,,,,,,0.636275,0.586429,Nuremberg,Germany,martj42/international_results,https://github.com/martj42/international_results,"Resultados oficiales publicos; Elo e historial usan solo partidos previos. Ranking FIFA, mercado, plantilla y fase exacta quedan vacios si no hay fuente real conectada."
20060626_Italy_vs_Australia,2006-06-26,FIFA World Cup,unknown_stage_from_source,Italy,Australia,1,0,1,,1871.313,1855.191,,,,,,,,0.632066,0.280278,Kaiserslautern,Germany,martj42/international_results,https://github.com/martj42/international_results,"Resultados oficiales publicos; Elo e historial usan solo partidos previos. Ranking FIFA, mercado, plantilla y fase exacta quedan vacios si no hay fuente real conectada."
20060626_Switzerland_vs_Ukraine,2006-06-26,FIFA World Cup,unknown_stage_from_source,Switzerland,Ukraine,0,0,1,,1753.476,1736.636,,,,,,,,0.322581,0.651667,Cologne,Germany,martj42/international_results,https://github.com/martj42/international_results,"Resultados oficiales publicos; Elo e historial usan solo partidos previos. Ranking FIFA, mercado, plantilla y fase exacta quedan vacios si no hay fuente real conectada."
20060627_Brazil_vs_Ghana,2006-06-27,FIFA World Cup,unknown_stage_from_source,Brazil,Ghana,3,0,1,,1952.559,1690.919,,,,,,,,0.694077,0.651667,Dortmund,Germany,martj42/international_results,https://github.com/martj42/international_results,"Resultados oficiales publicos; Elo e historial usan solo partidos previos. Ranking FIFA, mercado, plantilla y fase exacta quedan vacios si no hay fuente real conectada."
20060627_Spain_vs_France,2006-06-27,FIFA World Cup,unknown_stage_from_source,Spain,France,1,3,1,,1900.470,1889.304,,,,,,,,0.521968,0.584444,Hanover,Germany,martj42/international_results,https://github.com/martj42/international_results,"Resultados oficiales publicos; Elo e historial usan solo partidos previos. Ranking FIFA, mercado, plantilla y fase exacta quedan vacios si no hay fuente real conectada."
20060630_Germany_vs_Argentina,2006-06-30,FIFA World Cup,unknown_stage_from_source,Germany,Argentina,1,1,0,,1900.518,1904.792,,,,,,,,0.654697,0.687453,Berlin,Germany,martj42/international_results,https://github.com/martj42/international_results,"Resultados oficiales publicos; Elo e historial usan solo partidos previos. Ranking FIFA, mercado, plantilla y fase exacta quedan vacios si no hay fuente real conectada."
20060630_Italy_vs_Ukraine,2006-06-30,FIFA World Cup,unknown_stage_from_source,Italy,Ukraine,3,0,1,,1891.339,1737.653,,,,,,,,0.635395,0.579583,Hamburg,Germany,martj42/international_results,https://github.com/martj42/international_results,"Resultados oficiales publicos; Elo e historial usan solo partidos previos. Ranking FIFA, mercado, plantilla y fase exacta quedan vacios si no hay fuente real conectada."
20060701_Brazil_vs_France,2006-07-01,FIFA World Cup,unknown_stage_from_source,Brazil,France,0,1,1,,1962.004,1912.996,,,,,,,,0.695470,0.590137,Frankfurt am Main,Germany,martj42/international_results,https://github.com/martj42/international_results,"Resultados oficiales publicos; Elo e historial usan solo partidos previos. Ranking FIFA, mercado, plantilla y fase exacta quedan vacios si no hay fuente real conectada."
20060701_England_vs_Portugal,2006-07-01,FIFA World Cup,unknown_stage_from_source,England,Portugal,0,0,1,,1895.735,1919.171,,,,,,,,0.529957,0.645381,Gelsenkirchen,Germany,martj42/international_results,https://github.com/martj42/international_results,"Resultados oficiales publicos; Elo e historial usan solo partidos previos. Ranking FIFA, mercado, plantilla y fase exacta quedan vacios si no hay fuente real conectada."
20060704_Germany_vs_Italy,2006-07-04,FIFA World Cup,unknown_stage_from_source,Germany,Italy,0,2,0,,1900.776,1907.242,,,,,,,,0.652309,0.639575,Dortmund,Germany,martj42/international_results,https://github.com/martj42/international_results,"Resultados oficiales publicos; Elo e historial usan solo partidos previos. Ranking FIFA, mercado, plantilla y fase exacta quedan vacios si no hay fuente real conectada."
20060705_Portugal_vs_France,2006-07-05,FIFA World Cup,unknown_stage_from_source,Portugal,France,0,1,1,,1917.757,1936.939,,,,,,,,0.637546,0.595068,Munich,Germany,martj42/international_results,https://github.com/martj42/international_results,"Resultados oficiales publicos; Elo e historial usan solo partidos previos. Ranking FIFA, mercado, plantilla y fase exacta quedan vacios si no hay fuente real conectada."
20060708_Germany_vs_Portugal,2006-07-08,FIFA World Cup,unknown_stage_from_source,Germany,Portugal,3,1,0,,1878.201,1897.915,,,,,,,,0.647005,0.621532,Stuttgart,Germany,martj42/international_results,https://github.com/martj42/international_results,"Resultados oficiales publicos; Elo e historial usan solo partidos previos. Ranking FIFA, mercado, plantilla y fase exacta quedan vacios si no hay fuente real conectada."
20060709_Italy_vs_France,2006-07-09,FIFA World Cup,unknown_stage_from_source,Italy,France,1,1,1,,1929.817,1956.781,,,,,,,,0.643215,0.599867,Berlin,Germany,martj42/international_results,https://github.com/martj42/international_results,"Resultados oficiales publicos; Elo e historial usan solo partidos previos. Ranking FIFA, mercado, plantilla y fase exacta quedan vacios si no hay fuente real conectada."
20070626_Uruguay_vs_Peru,2007-06-26,Copa América,unknown_stage_from_source,Uruguay,Peru,0,3,1,,1762.383,1586.125,,,,,,,,0.612164,0.418904,Mérida,Venezuela,martj42/international_results,https://github.com/martj42/international_results,"Resultados oficiales publicos; Elo e historial usan solo partidos previos. Ranking FIFA, mercado, plantilla y fase exacta quedan vacios si no hay fuente real conectada."
20070626_Venezuela_vs_Bolivia,2007-06-26,Copa América,unknown_stage_from_source,Venezuela,Bolivia,2,2,0,,1558.353,1524.896,,,,,,,,0.030741,0.224571,San Cristóbal,Venezuela,martj42/international_results,https://github.com/martj42/international_results,"Resultados oficiales publicos; Elo e historial usan solo partidos previos. Ranking FIFA, mercado, plantilla y fase exacta quedan vacios si no hay fuente real conectada."
20070627_Brazil_vs_Mexico,2007-06-27,Copa América,unknown_stage_from_source,Brazil,Mexico,0,2,1,,1940.693,1803.129,,,,,,,,0.692899,0.400844,Puerto Ordaz,Venezuela,martj42/international_results,https://github.com/martj42/international_results,"Resultados oficiales publicos; Elo e historial usan solo partidos previos. Ranking FIFA, mercado, plantilla y fase exacta quedan vacios si no hay fuente real conectada."
20070627_Ecuador_vs_Chile,2007-06-27,Copa América,unknown_stage_from_source,Ecuador,Chile,2,3,1,,1667.594,1674.495,,,,,,,,0.188512,0.394011,Puerto Ordaz,Venezuela,martj42/international_results,https://github.com/martj42/international_results,"Resultados oficiales publicos; Elo e historial usan solo partidos previos. Ranking FIFA, mercado, plantilla y fase exacta quedan vacios si no hay fuente real conectada."
20070628_Argentina_vs_United_States,2007-06-28,Copa América,unknown_stage_from_source,Argentina,United States,4,1,1,,1892.465,1830.231,,,,,,,,0.686056,0.286078,Maracaibo,Venezuela,martj42/international_results,https://github.com/martj42/international_results,"Resultados oficiales publicos; Elo e historial usan solo partidos previos. Ranking FIFA, mercado, plantilla y fase exacta quedan vacios si no hay fuente real conectada."
20070628_Paraguay_vs_Colombia,2007-06-28,Copa América,unknown_stage_from_source,Paraguay,Colombia,5,0,1,,1690.567,1748.534,,,,,,,,0.452437,0.407095,Barinas,Venezuela,martj42/international_results,https://github.com/martj42/international_results,"Resultados oficiales publicos; Elo e historial usan solo partidos previos. Ranking FIFA, mercado, plantilla y fase exacta quedan vacios si no hay fuente real conectada."
20070630_Bolivia_vs_Uruguay,2007-06-30,Copa América,unknown_stage_from_source,Bolivia,Uruguay,0,1,1,,1526.912,1722.820,,,,,,,,0.225881,0.609163,San Cristóbal,Venezuela,martj42/international_results,https://github.com/martj42/international_results,"Resultados oficiales publicos; Elo e historial usan solo partidos previos. Ranking FIFA, mercado, plantilla y fase exacta quedan vacios si no hay fuente real conectada."
20070630_Venezuela_vs_Peru,2007-06-30,Copa América,unknown_stage_from_source,Venezuela,Peru,2,0,0,,1556.337,1625.687,,,,,,,,0.037971,0.423252,San Cristóbal,Venezuela,martj42/international_results,https://github.com/martj42/international_results,"Resultados oficiales publicos; Elo e historial usan solo partidos previos. Ranking FIFA, mercado, plantilla y fase exacta quedan vacios si no hay fuente real conectada."
20070701_Brazil_vs_Chile,2007-07-01,Copa América,unknown_stage_from_source,Brazil,Chile,3,0,1,,1910.805,1695.078,,,,,,,,0.690171,0.397077,Maturín,Venezuela,martj42/international_results,https://github.com/martj42/international_results,"Resultados oficiales publicos; Elo e historial usan solo partidos previos. Ranking FIFA, mercado, plantilla y fase exacta quedan vacios si no hay fuente real conectada."
20070701_Mexico_vs_Ecuador,2007-07-01,Copa América,unknown_stage_from_source,Mexico,Ecuador,2,1,1,,1833.017,1647.011,,,,,,,,0.408526,0.187242,Maturín,Venezuela,martj42/international_results,https://github.com/martj42/international_results,"Resultados oficiales publicos; Elo e historial usan solo partidos previos. Ranking FIFA, mercado, plantilla y fase exacta quedan vacios si no hay fuente real conectada."
20070702_Argentina_vs_Colombia,2007-07-02,Copa América,unknown_stage_from_source,Argentina,Colombia,4,2,1,,1915.759,1705.813,,,,,,,,0.687597,0.402167,Maracaibo,Venezuela,martj42/international_results,https://github.com/martj42/international_results,"Resultados oficiales publicos; Elo e historial usan solo partidos previos. Ranking FIFA, mercado, plantilla y fase exacta quedan vacios si no hay fuente real conectada."
20070702_United_States_vs_Paraguay,2007-07-02,Copa América,unknown_stage_from_source,United States,Paraguay,1,3,1,,1806.937,1733.288,,,,,,,,0.276619,0.456405,Barinas,Venezuela,martj42/international_results,https://github.com/martj42/international_results,"Resultados oficiales publicos; Elo e historial usan solo partidos previos. Ranking FIFA, mercado, plantilla y fase exacta quedan vacios si no hay fuente real conectada."
20070703_Peru_vs_Bolivia,2007-07-03,Copa América,unknown_stage_from_source,Peru,Bolivia,2,2,1,,1598.915,1516.639,,,,,,,,0.420333,0.224190,Mérida,Venezuela,martj42/international_results,https://github.com/martj42/international_results,"Resultados oficiales publicos; Elo e historial usan solo partidos previos. Ranking FIFA, mercado, plantilla y fase exacta quedan vacios si no hay fuente real conectada."
20070703_Venezuela_vs_Uruguay,2007-07-03,Copa América,unknown_stage_from_source,Venezuela,Uruguay,0,0,0,,1583.109,1733.092,,,,,,,,0.058440,0.610735,Mérida,Venezuela,martj42/international_results,https://github.com/martj42/international_results,"Resultados oficiales publicos; Elo e historial usan solo partidos previos. Ranking FIFA, mercado, plantilla y fase exacta quedan vacios si no hay fuente real conectada."
20070704_Brazil_vs_Ecuador,2007-07-04,Copa América,unknown_stage_from_source,Brazil,Ecuador,1,0,1,,1922.689,1636.290,,,,,,,,0.691562,0.185994,Puerto la Cruz,Venezuela,martj42/international_results,https://github.com/martj42/international_results,"Resultados oficiales publicos; Elo e historial usan solo partidos previos. Ranking FIFA, mercado, plantilla y fase exacta quedan vacios si no hay fuente real conectada."
20070704_Mexico_vs_Chile,2007-07-04,Copa América,unknown_stage_from_source,Mexico,Chile,0,0,1,,1843.738,1683.194,,,,,,,,0.415443,0.394674,Puerto la Cruz,Venezuela,martj42/international_results,https://github.com/martj42/international_results,"Resultados oficiales publicos; Elo e historial usan solo partidos previos. Ranking FIFA, mercado, plantilla y fase exacta quedan vacios si no hay fuente real conectada."
20070705_Argentina_vs_Paraguay,2007-07-05,Copa América,unknown_stage_from_source,Argentina,Paraguay,1,0,1,,1925.445,1760.274,,,,,,,,0.688932,0.459547,Barquisimeto,Venezuela,martj42/international_results,https://github.com/martj42/international_results,"Resultados oficiales publicos; Elo e historial usan solo partidos previos. Ranking FIFA, mercado, plantilla y fase exacta quedan vacios si no hay fuente real conectada."
20070705_Colombia_vs_United_States,2007-07-05,Copa América,unknown_stage_from_source,Colombia,United States,1,0,1,,1696.127,1779.951,,,,,,,,0.398544,0.268935,Barquisimeto,Venezuela,martj42/international_results,https://github.com/martj42/international_results,"Resultados oficiales publicos; Elo e historial usan solo partidos previos. Ranking FIFA, mercado, plantilla y fase exacta quedan vacios si no hay fuente real conectada."
20070707_Chile_vs_Brazil,2007-07-07,Copa América,unknown_stage_from_source,Chile,Brazil,1,6,1,,1692.261,1929.463,,,,,,,,0.394505,0.692591,Puerto la Cruz,Venezuela,martj42/international_results,https://github.com/martj42/international_results,"Resultados oficiales publicos; Elo e historial usan solo partidos previos. Ranking FIFA, mercado, plantilla y fase exacta quedan vacios si no hay fuente real conectada."
20070707_Venezuela_vs_Uruguay,2007-07-07,Copa América,unknown_stage_from_source,Venezuela,Uruguay,1,4,0,,1591.650,1724.551,,,,,,,,0.064792,0.609615,San Cristóbal,Venezuela,martj42/international_results,https://github.com/martj42/international_results,"Resultados oficiales publicos; Elo e historial usan solo partidos previos. Ranking FIFA, mercado, plantilla y fase exacta quedan vacios si no hay fuente real conectada."
20070708_Argentina_vs_Peru,2007-07-08,Copa América,unknown_stage_from_source,Argentina,Peru,4,0,1,,1937.152,1594.033,,,,,,,,0.690064,0.419943,Barquisimeto,Venezuela,martj42/international_results,https://github.com/martj42/international_results,"Resultados oficiales publicos; Elo e historial usan solo partidos previos. Ranking FIFA, mercado, plantilla y fase exacta quedan vacios si no hay fuente real conectada."
20070708_Mexico_vs_Paraguay,2007-07-08,Copa América,unknown_stage_from_source,Mexico,Paraguay,6,0,1,,1834.671,1748.568,,,,,,,,0.414792,0.457165,Maturín,Venezuela,martj42/international_results,https://github.com/martj42/international_results,"Resultados oficiales publicos; Elo e historial usan solo partidos previos. Ranking FIFA, mercado, plantilla y fase exacta quedan vacios si no hay fuente real conectada."
20070710_Uruguay_vs_Brazil,2007-07-10,Copa América,unknown_stage_from_source,Uruguay,Brazil,2,2,1,,1741.987,1943.277,,,,,,,,0.611577,0.694313,Maracaibo,Venezuela,martj42/international_results,https://github.com/martj42/international_results,"Resultados oficiales publicos; Elo e historial usan solo partidos previos. Ranking FIFA, mercado, plantilla y fase exacta quedan vacios si no hay fuente real conectada."
20070711_Mexico_vs_Argentina,2007-07-11,Copa América,unknown_stage_from_source,Mexico,Argentina,0,3,1,,1864.445,1944.276,,,,,,,,0.424239,0.691758,Puerto Ordaz,Venezuela,martj42/international_results,https://github.com/martj42/international_results,"Resultados oficiales publicos; Elo e historial usan solo partidos previos. Ranking FIFA, mercado, plantilla y fase exacta quedan vacios si no hay fuente real conectada."
20070714_Mexico_vs_Uruguay,2007-07-14,Copa América,unknown_stage_from_source,Mexico,Uruguay,3,1,1,,1842.696,1752.953,,,,,,,,0.418516,0.610463,Caracas,Venezuela,martj42/international_results,https://github.com/martj42/international_results,"Resultados oficiales publicos; Elo e historial usan solo partidos previos. Ranking FIFA, mercado, plantilla y fase exacta quedan vacios si no hay fuente real conectada."
20070715_Brazil_vs_Argentina,2007-07-15,Copa América,unknown_stage_from_source,Brazil,Argentina,3,0,1,,1932.311,1966.025,,,,,,,,0.693030,0.693249,Maracaibo,Venezuela,martj42/international_results,https://github.com/martj42/international_results,"Resultados oficiales publicos; Elo e historial usan solo partidos previos. Ranking FIFA, mercado, plantilla y fase exacta quedan vacios si no hay fuente real conectada."
20080607_Portugal_vs_Turkey,2008-06-07,UEFA Euro,unknown_stage_from_source,Portugal,Turkey,2,0,1,,1817.645,1740.859,,,,,,,,0.605175,0.403627,Geneva,Switzerland,martj42/international_results,https://github.com/martj42/international_results,"Resultados oficiales publicos; Elo e historial usan solo partidos previos. Ranking FIFA, mercado, plantilla y fase exacta quedan vacios si no hay fuente real conectada."
20080607_Switzerland_vs_Czech_Republic,2008-06-07,UEFA Euro,unknown_stage_from_source,Switzerland,Czech Republic,0,1,0,,1738.941,1862.069,,,,,,,,0.323854,0.515980,Basel,Switzerland,martj42/international_results,https://github.com/martj42/international_results,"Resultados oficiales publicos; Elo e historial usan solo partidos previos. Ranking FIFA, mercado, plantilla y fase exacta quedan vacios si no hay fuente real conectada."
20080608_Austria_vs_Croatia,2008-06-08,UEFA Euro,unknown_stage_from_source,Austria,Croatia,0,1,0,,1591.084,1806.289,,,,,,,,0.460805,0.477167,Vienna,Austria,martj42/international_results,https://github.com/martj42/international_results,"Resultados oficiales publicos; Elo e historial usan solo partidos previos. Ranking FIFA, mercado, plantilla y fase exacta quedan vacios si no hay fuente real conectada."
20080608_Germany_vs_Poland,2008-06-08,UEFA Euro,unknown_stage_from_source,Germany,Poland,2,0,1,,1900.521,1721.062,,,,,,,,0.649852,0.536667,Klagenfurt,Austria,martj42/international_results,https://github.com/martj42/international_results,"Resultados oficiales publicos; Elo e historial usan solo partidos previos. Ranking FIFA, mercado, plantilla y fase exacta quedan vacios si no hay fuente real conectada."
20080609_Netherlands_vs_Italy,2008-06-09,UEFA Euro,unknown_stage_from_source,Netherlands,Italy,3,0,1,,1866.903,1923.794,,,,,,,,0.577969,0.640417,Bern,Switzerland,martj42/international_results,https://github.com/martj42/international_results,"Resultados oficiales publicos; Elo e historial usan solo partidos previos. Ranking FIFA, mercado, plantilla y fase exacta quedan vacios si no hay fuente real conectada."
20080609_Romania_vs_France,2008-06-09,UEFA Euro,unknown_stage_from_source,Romania,France,0,0,1,,1799.089,1920.814,,,,,,,,0.376720,0.596754,Zürich,Switzerland,martj42/international_results,https://github.com/martj42/international_results,"Resultados oficiales publicos; Elo e historial usan solo partidos previos. Ranking FIFA, mercado, plantilla y fase exacta quedan vacios si no hay fuente real conectada."
20080610_Greece_vs_Sweden,2008-06-10,UEFA Euro,unknown_stage_from_source,Greece,Sweden,0,2,1,,1772.465,1752.659,,,,,,,,0.371389,0.456754,Salzburg,Austria,martj42/international_results,https://github.com/martj42/international_results,"Resultados oficiales publicos; Elo e historial usan solo partidos previos. Ranking FIFA, mercado, plantilla y fase exacta quedan vacios si no hay fuente real conectada."
20080610_Spain_vs_Russia,2008-06-10,UEFA Euro,unknown_stage_from_source,Spain,Russia,4,1,1,,1894.249,1713.375,,,,,,,,0.514817,0.500621,Innsbruck,Austria,martj42/international_results,https://github.com/martj42/international_results,"Resultados oficiales publicos; Elo e historial usan solo partidos previos. Ranking FIFA, mercado, plantilla y fase exacta quedan vacios si no hay fuente real conectada."
20080611_Czech_Republic_vs_Portugal,2008-06-11,UEFA Euro,unknown_stage_from_source,Czech Republic,Portugal,1,3,1,,1875.924,1835.089,,,,,,,,0.540370,0.615299,Geneva,Switzerland,martj42/international_results,https://github.com/martj42/international_results,"Resultados oficiales publicos; Elo e historial usan solo partidos previos. Ranking FIFA, mercado, plantilla y fase exacta quedan vacios si no hay fuente real conectada."
20080611_Switzerland_vs_Turkey,2008-06-11,UEFA Euro,unknown_stage_from_source,Switzerland,Turkey,1,2,0,,1725.086,1723.415,,,,,,,,0.315404,0.381204,Basel,Switzerland,martj42/international_results,https://github.com/martj42/international_results,"Resultados oficiales publicos; Elo e historial usan solo partidos previos. Ranking FIFA, mercado, plantilla y fase exacta quedan vacios si no hay fuente real conectada."
20080612_Austria_vs_Poland,2008-06-12,UEFA Euro,unknown_stage_from_source,Austria,Poland,1,1,0,,1581.649,1709.863,,,,,,,,0.446944,0.519896,Vienna,Austria,martj42/international_results,https://github.com/martj42/international_results,"Resultados oficiales publicos; Elo e historial usan solo partidos previos. Ranking FIFA, mercado, plantilla y fase exacta quedan vacios si no hay fuente real conectada."
20080612_Croatia_vs_Germany,2008-06-12,UEFA Euro,unknown_stage_from_source,Croatia,Germany,2,1,1,,1815.724,1911.719,,,,,,,,0.499921,0.652653,Klagenfurt,Austria,martj42/international_results,https://github.com/martj42/international_results,"Resultados oficiales publicos; Elo e historial usan solo partidos previos. Ranking FIFA, mercado, plantilla y fase exacta quedan vacios si no hay fuente real conectada."
20080613_Italy_vs_Romania,2008-06-13,UEFA Euro,unknown_stage_from_source,Italy,Romania,1,1,1,,1890.810,1806.160,,,,,,,,0.633630,0.376302,Zürich,Switzerland,martj42/international_results,https://github.com/martj42/international_results,"Resultados oficiales publicos; Elo e historial usan solo partidos previos. Ranking FIFA, mercado, plantilla y fase exacta quedan vacios si no hay fuente real conectada."
20080613_Netherlands_vs_France,2008-06-13,UEFA Euro,unknown_stage_from_source,Netherlands,France,4,1,1,,1899.887,1913.744,,,,,,,,0.585154,0.593723,Bern,Switzerland,martj42/international_results,https://github.com/martj42/international_results,"Resultados oficiales publicos; Elo e historial usan solo partidos previos. Ranking FIFA, mercado, plantilla y fase exacta quedan vacios si no hay fuente real conectada."
20080614_Greece_vs_Russia,2008-06-14,UEFA Euro,unknown_stage_from_source,Greece,Russia,0,1,1,,1748.298,1699.337,,,,,,,,0.342821,0.491528,Salzburg,Austria,martj42/international_results,https://github.com/martj42/international_results,"Resultados oficiales publicos; Elo e historial usan solo partidos previos. Ranking FIFA, mercado, plantilla y fase exacta quedan vacios si no hay fuente real conectada."
20080614_Sweden_vs_Spain,2008-06-14,UEFA Euro,unknown_stage_from_source,Sweden,Spain,1,2,1,,1776.826,1908.287,,,,,,,,0.466121,0.521982,Innsbruck,Austria,martj42/international_results,https://github.com/martj42/international_results,"Resultados oficiales publicos; Elo e historial usan solo partidos previos. Ranking FIFA, mercado, plantilla y fase exacta quedan vacios si no hay fuente real conectada."
20080615_Switzerland_vs_Portugal,2008-06-15,UEFA Euro,unknown_stage_from_source,Switzerland,Portugal,2,0,0,,1703.985,1860.390,,,,,,,,0.307451,0.624917,Basel,Switzerland,martj42/international_results,https://github.com/martj42/international_results,"Resultados oficiales publicos; Elo e historial usan solo partidos previos. Ranking FIFA, mercado, plantilla y fase exacta quedan vacios si no hay fuente real conectada."
20080615_Turkey_vs_Czech_Republic,2008-06-15,UEFA Euro,unknown_stage_from_source,Turkey,Czech Republic,3,2,1,,1744.516,1850.623,,,,,,,,0.411404,0.511930,Geneva,Switzerland,martj42/international_results,https://github.com/martj42/international_results,"Resultados oficiales publicos; Elo e historial usan solo partidos previos. Ranking FIFA, mercado, plantilla y fase exacta quedan vacios si no hay fuente real conectada."
20080616_Austria_vs_Germany,2008-06-16,UEFA Euro,unknown_stage_from_source,Austria,Germany,0,1,0,,1589.065,1885.060,,,,,,,,0.444247,0.647831,Vienna,Austria,martj42/international_results,https://github.com/martj42/international_results,"Resultados oficiales publicos; Elo e historial usan solo partidos previos. Ranking FIFA, mercado, plantilla y fase exacta quedan vacios si no hay fuente real conectada."
20080616_Poland_vs_Croatia,2008-06-16,UEFA Euro,unknown_stage_from_source,Poland,Croatia,0,1,1,,1702.447,1842.383,,,,,,,,0.515152,0.520606,Klagenfurt,Austria,martj42/international_results,https://github.com/martj42/international_results,"Resultados oficiales publicos; Elo e historial usan solo partidos previos. Ranking FIFA, mercado, plantilla y fase exacta quedan vacios si no hay fuente real conectada."
20080617_France_vs_Italy,2008-06-17,UEFA Euro,unknown_stage_from_source,France,Italy,0,2,1,,1883.661,1885.792,,,,,,,,0.585534,0.630980,Zürich,Switzerland,martj42/international_results,https://github.com/martj42/international_results,"Resultados oficiales publicos; Elo e historial usan solo partidos previos. Ranking FIFA, mercado, plantilla y fase exacta quedan vacios si no hay fuente real conectada."
20080617_Netherlands_vs_Romania,2008-06-17,UEFA Euro,unknown_stage_from_source,Netherlands,Romania,2,0,1,,1929.970,1811.177,,,,,,,,0.592121,0.375909,Bern,Switzerland,martj42/international_results,https://github.com/martj42/international_results,"Resultados oficiales publicos; Elo e historial usan solo partidos previos. Ranking FIFA, mercado, plantilla y fase exacta quedan vacios si no hay fuente real conectada."
20080618_Greece_vs_Spain,2008-06-18,UEFA Euro,unknown_stage_from_source,Greece,Spain,1,2,1,,1724.358,1921.700,,,,,,,,0.321548,0.527756,Salzburg,Austria,martj42/international_results,https://github.com/martj42/international_results,"Resultados oficiales publicos; Elo e historial usan solo partidos previos. Ranking FIFA, mercado, plantilla y fase exacta quedan vacios si no hay fuente real conectada."
20080618_Russia_vs_Sweden,2008-06-18,UEFA Euro,unknown_stage_from_source,Russia,Sweden,2,0,1,,1723.277,1763.413,,,,,,,,0.499126,0.458983,Innsbruck,Austria,martj42/international_results,https://github.com/martj42/international_results,"Resultados oficiales publicos; Elo e historial usan solo partidos previos. Ranking FIFA, mercado, plantilla y fase exacta quedan vacios si no hay fuente real conectada."
20080619_Portugal_vs_Germany,2008-06-19,UEFA Euro,unknown_stage_from_source,Portugal,Germany,2,3,1,,1829.760,1891.527,,,,,,,,0.609675,0.650249,Basel,Switzerland,martj42/international_results,https://github.com/martj42/international_results,"Resultados oficiales publicos; Elo e historial usan solo partidos previos. Ranking FIFA, mercado, plantilla y fase exacta quedan vacios si no hay fuente real conectada."
20080620_Croatia_vs_Turkey,2008-06-20,UEFA Euro,unknown_stage_from_source,Croatia,Turkey,1,1,1,,1855.354,1771.737,,,,,,,,0.539493,0.438583,Vienna,Austria,martj42/international_results,https://github.com/martj42/international_results,"Resultados oficiales publicos; Elo e historial usan solo partidos previos. Ranking FIFA, mercado, plantilla y fase exacta quedan vacios si no hay fuente real conectada."
20080621_Netherlands_vs_Russia,2008-06-21,UEFA Euro,unknown_stage_from_source,Netherlands,Russia,1,3,1,,1944.653,1748.541,,,,,,,,0.598209,0.507204,Basel,Switzerland,martj42/international_results,https://github.com/martj42/international_results,"Resultados oficiales publicos; Elo e historial usan solo partidos previos. Ranking FIFA, mercado, plantilla y fase exacta quedan vacios si no hay fuente real conectada."
20080622_Spain_vs_Italy,2008-06-22,UEFA Euro,unknown_stage_from_source,Spain,Italy,0,0,1,,1931.908,1908.699,,,,,,,,0.533377,0.634563,Vienna,Austria,martj42/international_results,https://github.com/martj42/international_results,"Resultados oficiales publicos; Elo e historial usan solo partidos previos. Ranking FIFA, mercado, plantilla y fase exacta quedan vacios si no hay fuente real conectada."
20080625_Germany_vs_Turkey,2008-06-25,UEFA Euro,unknown_stage_from_source,Germany,Turkey,3,2,1,,1908.832,1776.696,,,,,,,,0.652630,0.435000,Basel,Switzerland,martj42/international_results,https://github.com/martj42/international_results,"Resultados oficiales publicos; Elo e historial usan solo partidos previos. Ranking FIFA, mercado, plantilla y fase exacta quedan vacios si no hay fuente real conectada."
20080626_Russia_vs_Spain,2008-06-26,UEFA Euro,unknown_stage_from_source,Russia,Spain,0,3,1,,1780.553,1930.507,,,,,,,,0.515026,0.531169,Vienna,Austria,martj42/international_results,https://github.com/martj42/international_results,"Resultados oficiales publicos; Elo e historial usan solo partidos previos. Ranking FIFA, mercado, plantilla y fase exacta quedan vacios si no hay fuente real conectada."
20080629_Germany_vs_Spain,2008-06-29,UEFA Euro,unknown_stage_from_source,Germany,Spain,0,1,1,,1922.209,1946.679,,,,,,,,0.654974,0.537756,Vienna,Austria,martj42/international_results,https://github.com/martj42/international_results,"Resultados oficiales publicos; Elo e historial usan solo partidos previos. Ranking FIFA, mercado, plantilla y fase exacta quedan vacios si no hay fuente real conectada."
20100611_South_Africa_vs_Mexico,2010-06-11,FIFA World Cup,unknown_stage_from_source,South Africa,Mexico,1,1,0,,1657.925,1844.721,,,,,,,,0.340833,0.425522,Johannesburg,South Africa,martj42/international_results,https://github.com/martj42/international_results,"Resultados oficiales publicos; Elo e historial usan solo partidos previos. Ranking FIFA, mercado, plantilla y fase exacta quedan vacios si no hay fuente real conectada."
20100611_Uruguay_vs_France,2010-06-11,FIFA World Cup,unknown_stage_from_source,Uruguay,France,0,0,1,,1754.909,1839.081,,,,,,,,0.607738,0.578122,Cape Town,South Africa,martj42/international_results,https://github.com/martj42/international_results,"Resultados oficiales publicos; Elo e historial usan solo partidos previos. Ranking FIFA, mercado, plantilla y fase exacta quedan vacios si no hay fuente real conectada."
20100612_Argentina_vs_Nigeria,2010-06-12,FIFA World Cup,unknown_stage_from_source,Argentina,Nigeria,1,0,1,,1847.838,1763.415,,,,,,,,0.690147,0.404848,Johannesburg,South Africa,martj42/international_results,https://github.com/martj42/international_results,"Resultados oficiales publicos; Elo e historial usan solo partidos previos. Ranking FIFA, mercado, plantilla y fase exacta quedan vacios si no hay fuente real conectada."
20100612_England_vs_United_States,2010-06-12,FIFA World Cup,unknown_stage_from_source,England,United States,1,1,1,,1906.627,1799.913,,,,,,,,0.527821,0.262883,Rustenburg,South Africa,martj42/international_results,https://github.com/martj42/international_results,"Resultados oficiales publicos; Elo e historial usan solo partidos previos. Ranking FIFA, mercado, plantilla y fase exacta quedan vacios si no hay fuente real conectada."
20100612_South_Korea_vs_Greece,2010-06-12,FIFA World Cup,unknown_stage_from_source,South Korea,Greece,2,0,1,,1789.884,1711.609,,,,,,,,0.248264,0.303111,Port Elizabeth,South Africa,martj42/international_results,https://github.com/martj42/international_results,"Resultados oficiales publicos; Elo e historial usan solo partidos previos. Ranking FIFA, mercado, plantilla y fase exacta quedan vacios si no hay fuente real conectada."
20100613_Algeria_vs_Slovenia,2010-06-13,FIFA World Cup,unknown_stage_from_source,Algeria,Slovenia,0,1,1,,1620.537,1623.496,,,,,,,,0.378889,0.136111,Polokwane,South Africa,martj42/international_results,https://github.com/martj42/international_results,"Resultados oficiales publicos; Elo e historial usan solo partidos previos. Ranking FIFA, mercado, plantilla y fase exacta quedan vacios si no hay fuente real conectada."
20100613_Germany_vs_Australia,2010-06-13,FIFA World Cup,unknown_stage_from_source,Germany,Australia,4,0,1,,1896.762,1825.529,,,,,,,,0.650282,0.246667,Durban,South Africa,martj42/international_results,https://github.com/martj42/international_results,"Resultados oficiales publicos; Elo e historial usan solo partidos previos. Ranking FIFA, mercado, plantilla y fase exacta quedan vacios si no hay fuente real conectada."
20100613_Serbia_vs_Ghana,2010-06-13,FIFA World Cup,unknown_stage_from_source,Serbia,Ghana,0,1,1,,1752.388,1700.482,,,,,,,,0.314242,0.477500,Pretoria,South Africa,martj42/international_results,https://github.com/martj42/international_results,"Resultados oficiales publicos; Elo e historial usan solo partidos previos. Ranking FIFA, mercado, plantilla y fase exacta quedan vacios si no hay fuente real conectada."
20100614_Italy_vs_Paraguay,2010-06-14,FIFA World Cup,unknown_stage_from_source,Italy,Paraguay,1,1,1,,1876.981,1736.873,,,,,,,,0.631955,0.453524,Cape Town,South Africa,martj42/international_results,https://github.com/martj42/international_results,"Resultados oficiales publicos; Elo e historial usan solo partidos previos. Ranking FIFA, mercado, plantilla y fase exacta quedan vacios si no hay fuente real conectada."
20100614_Japan_vs_Cameroon,2010-06-14,FIFA World Cup,unknown_stage_from_source,Japan,Cameroon,1,0,1,,1785.904,1739.456,,,,,,,,0.241154,0.358431,Bloemfontein,South Africa,martj42/international_results,https://github.com/martj42/international_results,"Resultados oficiales publicos; Elo e historial usan solo partidos previos. Ranking FIFA, mercado, plantilla y fase exacta quedan vacios si no hay fuente real conectada."
20100614_Netherlands_vs_Denmark,2010-06-14,FIFA World Cup,unknown_stage_from_source,Netherlands,Denmark,2,0,1,,1947.325,1733.909,,,,,,,,0.589412,0.429910,Johannesburg,South Africa,martj42/international_results,https://github.com/martj42/international_results,"Resultados oficiales publicos; Elo e historial usan solo partidos previos. Ranking FIFA, mercado, plantilla y fase exacta quedan vacios si no hay fuente real conectada."
20100615_Brazil_vs_North_Korea,2010-06-15,FIFA World Cup,unknown_stage_from_source,Brazil,North Korea,2,1,1,,1971.779,1617.405,,,,,,,,0.694389,0.318333,Johannesburg,South Africa,martj42/international_results,https://github.com/martj42/international_results,"Resultados oficiales publicos; Elo e historial usan solo partidos previos. Ranking FIFA, mercado, plantilla y fase exacta quedan vacios si no hay fuente real conectada."
20100615_Ivory_Coast_vs_Portugal,2010-06-15,FIFA World Cup,unknown_stage_from_source,Ivory Coast,Portugal,0,0,1,,1764.969,1819.243,,,,,,,,0.348333,0.596230,Port Elizabeth,South Africa,martj42/international_results,https://github.com/martj42/international_results,"Resultados oficiales publicos; Elo e historial usan solo partidos previos. Ranking FIFA, mercado, plantilla y fase exacta quedan vacios si no hay fuente real conectada."
20100615_New_Zealand_vs_Slovakia,2010-06-15,FIFA World Cup,unknown_stage_from_source,New Zealand,Slovakia,1,1,1,,1661.119,1640.583,,,,,,,,0.000000,,Rustenburg,South Africa,martj42/international_results,https://github.com/martj42/international_results,"Resultados oficiales publicos; Elo e historial usan solo partidos previos. Ranking FIFA, mercado, plantilla y fase exacta quedan vacios si no hay fuente real conectada."
20100616_Honduras_vs_Chile,2010-06-16,FIFA World Cup,unknown_stage_from_source,Honduras,Chile,0,1,1,,1721.550,1784.769,,,,,,,,0.459444,0.391658,Nelspruit,South Africa,martj42/international_results,https://github.com/martj42/international_results,"Resultados oficiales publicos; Elo e historial usan solo partidos previos. Ranking FIFA, mercado, plantilla y fase exacta quedan vacios si no hay fuente real conectada."
20100616_South_Africa_vs_Uruguay,2010-06-16,FIFA World Cup,unknown_stage_from_source,South Africa,Uruguay,0,3,0,,1668.240,1759.899,,,,,,,,0.344048,0.606652,Pretoria,South Africa,martj42/international_results,https://github.com/martj42/international_results,"Resultados oficiales publicos; Elo e historial usan solo partidos previos. Ranking FIFA, mercado, plantilla y fase exacta quedan vacios si no hay fuente real conectada."
20100616_Spain_vs_Switzerland,2010-06-16,FIFA World Cup,unknown_stage_from_source,Spain,Switzerland,0,1,1,,2018.721,1727.818,,,,,,,,0.543038,0.327238,Durban,South Africa,martj42/international_results,https://github.com/martj42/international_results,"Resultados oficiales publicos; Elo e historial usan solo partidos previos. Ranking FIFA, mercado, plantilla y fase exacta quedan vacios si no hay fuente real conectada."
20100617_Argentina_vs_South_Korea,2010-06-17,FIFA World Cup,unknown_stage_from_source,Argentina,South Korea,4,1,1,,1863.833,1807.227,,,,,,,,0.691255,0.278333,Johannesburg,South Africa,martj42/international_results,https://github.com/martj42/international_results,"Resultados oficiales publicos; Elo e historial usan solo partidos previos. Ranking FIFA, mercado, plantilla y fase exacta quedan vacios si no hay fuente real conectada."
20100617_France_vs_Mexico,2010-06-17,FIFA World Cup,unknown_stage_from_source,France,Mexico,0,2,1,,1834.090,1834.406,,,,,,,,0.575438,0.424782,Polokwane,South Africa,martj42/international_results,https://github.com/martj42/international_results,"Resultados oficiales publicos; Elo e historial usan solo partidos previos. Ranking FIFA, mercado, plantilla y fase exacta quedan vacios si no hay fuente real conectada."
20100617_Greece_vs_Nigeria,2010-06-17,FIFA World Cup,unknown_stage_from_source,Greece,Nigeria,2,1,1,,1694.267,1747.420,,,,,,,,0.284167,0.374861,Bloemfontein,South Africa,martj42/international_results,https://github.com/martj42/international_results,"Resultados oficiales publicos; Elo e historial usan solo partidos previos. Ranking FIFA, mercado, plantilla y fase exacta quedan vacios si no hay fuente real conectada."
20100618_England_vs_Algeria,2010-06-18,FIFA World Cup,unknown_stage_from_source,England,Algeria,0,0,1,,1900.372,1599.716,,,,,,,,0.525738,0.331190,Cape Town,South Africa,martj42/international_results,https://github.com/martj42/international_results,"Resultados oficiales publicos; Elo e historial usan solo partidos previos. Ranking FIFA, mercado, plantilla y fase exacta quedan vacios si no hay fuente real conectada."
20100618_Germany_vs_Serbia,2010-06-18,FIFA World Cup,unknown_stage_from_source,Germany,Serbia,0,1,1,,1922.880,1728.274,,,,,,,,0.653639,0.291806,Port Elizabeth,South Africa,martj42/international_results,https://github.com/martj42/international_results,"Resultados oficiales publicos; Elo e historial usan solo partidos previos. Ranking FIFA, mercado, plantilla y fase exacta quedan vacios si no hay fuente real conectada."
20100618_Slovenia_vs_United_States,2010-06-18,FIFA World Cup,unknown_stage_from_source,Slovenia,United States,2,2,1,,1644.317,1806.167,,,,,,,,0.253095,0.265526,Johannesburg,South Africa,martj42/international_results,https://github.com/martj42/international_results,"Resultados oficiales publicos; Elo e historial usan solo partidos previos. Ranking FIFA, mercado, plantilla y fase exacta quedan vacios si no hay fuente real conectada."
20100619_Cameroon_vs_Denmark,2010-06-19,FIFA World Cup,unknown_stage_from_source,Cameroon,Denmark,1,2,1,,1721.247,1724.384,,,,,,,,0.341019,0.418596,Pretoria,South Africa,martj42/international_results,https://github.com/martj42/international_results,"Resultados oficiales publicos; Elo e historial usan solo partidos previos. Ranking FIFA, mercado, plantilla y fase exacta quedan vacios si no hay fuente real conectada."
20100619_Ghana_vs_Australia,2010-06-19,FIFA World Cup,unknown_stage_from_source,Ghana,Australia,1,1,1,,1724.596,1799.411,,,,,,,,0.573000,0.204583,Rustenburg,South Africa,martj42/international_results,https://github.com/martj42/international_results,"Resultados oficiales publicos; Elo e historial usan solo partidos previos. Ranking FIFA, mercado, plantilla y fase exacta quedan vacios si no hay fuente real conectada."
20100619_Netherlands_vs_Japan,2010-06-19,FIFA World Cup,unknown_stage_from_source,Netherlands,Japan,1,0,1,,1956.849,1804.113,,,,,,,,0.595362,0.292143,Durban,South Africa,martj42/international_results,https://github.com/martj42/international_results,"Resultados oficiales publicos; Elo e historial usan solo partidos previos. Ranking FIFA, mercado, plantilla y fase exacta quedan vacios si no hay fuente real conectada."
20100620_Brazil_vs_Ivory_Coast,2010-06-20,FIFA World Cup,unknown_stage_from_source,Brazil,Ivory Coast,3,1,1,,1976.612,1768.223,,,,,,,,0.695391,0.352083,Johannesburg,South Africa,martj42/international_results,https://github.com/martj42/international_results,"Resultados oficiales publicos; Elo e historial usan solo partidos previos. Ranking FIFA, mercado, plantilla y fase exacta quedan vacios si no hay fuente real conectada."
20100620_Italy_vs_New_Zealand,2010-06-20,FIFA World Cup,unknown_stage_from_source,Italy,New Zealand,1,1,1,,1868.943,1659.879,,,,,,,,0.629397,0.045833,Nelspruit,South Africa,martj42/international_results,https://github.com/martj42/international_results,"Resultados oficiales publicos; Elo e historial usan solo partidos previos. Ranking FIFA, mercado, plantilla y fase exacta quedan vacios si no hay fuente real conectada."
20100620_Slovakia_vs_Paraguay,2010-06-20,FIFA World Cup,unknown_stage_from_source,Slovakia,Paraguay,0,2,1,,1641.823,1744.910,,,,,,,,0.363333,0.453011,Bloemfontein,South Africa,martj42/international_results,https://github.com/martj42/international_results,"Resultados oficiales publicos; Elo e historial usan solo partidos previos. Ranking FIFA, mercado, plantilla y fase exacta quedan vacios si no hay fuente real conectada."
20100621_Chile_vs_Switzerland,2010-06-21,FIFA World Cup,unknown_stage_from_source,Chile,Switzerland,1,0,1,,1801.989,1763.190,,,,,,,,0.394670,0.344676,Port Elizabeth,South Africa,martj42/international_results,https://github.com/martj42/international_results,"Resultados oficiales publicos; Elo e historial usan solo partidos previos. Ranking FIFA, mercado, plantilla y fase exacta quedan vacios si no hay fuente real conectada."
20100621_Portugal_vs_North_Korea,2010-06-21,FIFA World Cup,unknown_stage_from_source,Portugal,North Korea,7,0,1,,1815.989,1612.572,,,,,,,,0.590814,0.263667,Cape Town,South Africa,martj42/international_results,https://github.com/martj42/international_results,"Resultados oficiales publicos; Elo e historial usan solo partidos previos. Ranking FIFA, mercado, plantilla y fase exacta quedan vacios si no hay fuente real conectada."
20100621_Spain_vs_Honduras,2010-06-21,FIFA World Cup,unknown_stage_from_source,Spain,Honduras,2,0,1,,1983.349,1704.329,,,,,,,,0.536813,0.418000,Johannesburg,South Africa,martj42/international_results,https://github.com/martj42/international_results,"Resultados oficiales publicos; Elo e historial usan solo partidos previos. Ranking FIFA, mercado, plantilla y fase exacta quedan vacios si no hay fuente real conectada."
20100622_Greece_vs_Argentina,2010-06-22,FIFA World Cup,unknown_stage_from_source,Greece,Argentina,0,2,1,,1718.455,1887.631,,,,,,,,0.323627,0.692729,Polokwane,South Africa,martj42/international_results,https://github.com/martj42/international_results,"Resultados oficiales publicos; Elo e historial usan solo partidos previos. Ranking FIFA, mercado, plantilla y fase exacta quedan vacios si no hay fuente real conectada."
20100622_Mexico_vs_Uruguay,2010-06-22,FIFA World Cup,unknown_stage_from_source,Mexico,Uruguay,0,1,1,,1857.453,1780.640,,,,,,,,0.431549,0.608591,Rustenburg,South Africa,martj42/international_results,https://github.com/martj42/international_results,"Resultados oficiales publicos; Elo e historial usan solo partidos previos. Ranking FIFA, mercado, plantilla y fase exacta quedan vacios si no hay fuente real conectada."
20100622_Nigeria_vs_South_Korea,2010-06-22,FIFA World Cup,unknown_stage_from_source,Nigeria,South Korea,2,2,1,,1723.232,1783.429,,,,,,,,0.349487,0.265897,Durban,South Africa,martj42/international_results,https://github.com/martj42/international_results,"Resultados oficiales publicos; Elo e historial usan solo partidos previos. Ranking FIFA, mercado, plantilla y fase exacta quedan vacios si no hay fuente real conectada."
20100622_South_Africa_vs_France,2010-06-22,FIFA World Cup,unknown_stage_from_source,South Africa,France,2,1,0,,1647.499,1811.044,,,,,,,,0.295417,0.568333,Bloemfontein,South Africa,martj42/international_results,https://github.com/martj42/international_results,"Resultados oficiales publicos; Elo e historial usan solo partidos previos. Ranking FIFA, mercado, plantilla y fase exacta quedan vacios si no hay fuente real conectada."
20100623_Australia_vs_Serbia,2010-06-23,FIFA World Cup,unknown_stage_from_source,Australia,Serbia,2,1,1,,1794.957,1759.944,,,,,,,,0.222222,0.342821,Nelspruit,South Africa,martj42/international_results,https://github.com/martj42/international_results,"Resultados oficiales publicos; Elo e historial usan solo partidos previos. Ranking FIFA, mercado, plantilla y fase exacta quedan vacios si no hay fuente real conectada."
20100623_Ghana_vs_Germany,2010-06-23,FIFA World Cup,unknown_stage_from_source,Ghana,Germany,0,1,1,,1729.050,1891.211,,,,,,,,0.538056,0.649028,Johannesburg,South Africa,martj42/international_results,https://github.com/martj42/international_results,"Resultados oficiales publicos; Elo e historial usan solo partidos previos. Ranking FIFA, mercado, plantilla y fase exacta quedan vacios si no hay fuente real conectada."
20100623_Slovenia_vs_England,2010-06-23,FIFA World Cup,unknown_stage_from_source,Slovenia,England,0,1,1,,1653.449,1885.693,,,,,,,,0.266875,0.523708,Port Elizabeth,South Africa,martj42/international_results,https://github.com/martj42/international_results,"Resultados oficiales publicos; Elo e historial usan solo partidos previos. Ranking FIFA, mercado, plantilla y fase exacta quedan vacios si no hay fuente real conectada."
20100623_United_States_vs_Algeria,2010-06-23,FIFA World Cup,unknown_stage_from_source,United States,Algeria,1,0,1,,1797.036,1614.395,,,,,,,,0.268034,0.335208,Pretoria,South Africa,martj42/international_results,https://github.com/martj42/international_results,"Resultados oficiales publicos; Elo e historial usan solo partidos previos. Ranking FIFA, mercado, plantilla y fase exacta quedan vacios si no hay fuente real conectada."
20100624_Cameroon_vs_Netherlands,2010-06-24,FIFA World Cup,unknown_stage_from_source,Cameroon,Netherlands,1,2,1,,1700.437,1969.169,,,,,,,,0.325439,0.600500,Cape Town,South Africa,martj42/international_results,https://github.com/martj42/international_results,"Resultados oficiales publicos; Elo e historial usan solo partidos previos. Ranking FIFA, mercado, plantilla y fase exacta quedan vacios si no hay fuente real conectada."
20100624_Denmark_vs_Japan,2010-06-24,FIFA World Cup,unknown_stage_from_source,Denmark,Japan,1,3,1,,1745.195,1791.793,,,,,,,,0.432350,0.275667,Rustenburg,South Africa,martj42/international_results,https://github.com/martj42/international_results,"Resultados oficiales publicos; Elo e historial usan solo partidos previos. Ranking FIFA, mercado, plantilla y fase exacta quedan vacios si no hay fuente real conectada."
20100624_Paraguay_vs_New_Zealand,2010-06-24,FIFA World Cup,unknown_stage_from_source,Paraguay,New Zealand,0,0,1,,1760.595,1671.183,,,,,,,,0.456102,0.109333,Polokwane,South Africa,martj42/international_results,https://github.com/martj42/international_results,"Resultados oficiales publicos; Elo e historial usan solo partidos previos. Ranking FIFA, mercado, plantilla y fase exacta quedan vacios si no hay fuente real conectada."
20100624_Slovakia_vs_Italy,2010-06-24,FIFA World Cup,unknown_stage_from_source,Slovakia,Italy,3,2,1,,1626.138,1857.639,,,,,,,,0.181667,0.626887,Johannesburg,South Africa,martj42/international_results,https://github.com/martj42/international_results,"Resultados oficiales publicos; Elo e historial usan solo partidos previos. Ranking FIFA, mercado, plantilla y fase exacta quedan vacios si no hay fuente real conectada."
20100625_Chile_vs_Spain,2010-06-25,FIFA World Cup,unknown_stage_from_source,Chile,Spain,1,2,1,,1820.654,1990.193,,,,,,,,0.397651,0.542531,Pretoria,South Africa,martj42/international_results,https://github.com/martj42/international_results,"Resultados oficiales publicos; Elo e historial usan solo partidos previos. Ranking FIFA, mercado, plantilla y fase exacta quedan vacios si no hay fuente real conectada."
20100625_North_Korea_vs_Ivory_Coast,2010-06-25,FIFA World Cup,unknown_stage_from_source,North Korea,Ivory Coast,0,3,1,,1593.651,1758.464,,,,,,,,0.182222,0.281667,Nelspruit,South Africa,martj42/international_results,https://github.com/martj42/international_results,"Resultados oficiales publicos; Elo e historial usan solo partidos previos. Ranking FIFA, mercado, plantilla y fase exacta quedan vacios si no hay fuente real conectada."
20100625_Portugal_vs_Brazil,2010-06-25,FIFA World Cup,unknown_stage_from_source,Portugal,Brazil,0,0,1,,1834.910,1986.372,,,,,,,,0.605227,0.696558,Durban,South Africa,martj42/international_results,https://github.com/martj42/international_results,"Resultados oficiales publicos; Elo e historial usan solo partidos previos. Ranking FIFA, mercado, plantilla y fase exacta quedan vacios si no hay fuente real conectada."
20100625_Switzerland_vs_Honduras,2010-06-25,FIFA World Cup,unknown_stage_from_source,Switzerland,Honduras,0,0,1,,1744.525,1697.486,,,,,,,,0.336577,0.380000,Bloemfontein,South Africa,martj42/international_results,https://github.com/martj42/international_results,"Resultados oficiales publicos; Elo e historial usan solo partidos previos. Ranking FIFA, mercado, plantilla y fase exacta quedan vacios si no hay fuente real conectada."
20100626_Uruguay_vs_South_Korea,2010-06-26,FIFA World Cup,unknown_stage_from_source,Uruguay,South Korea,2,1,1,,1806.209,1779.826,,,,,,,,0.610117,0.269506,Port Elizabeth,South Africa,martj42/international_results,https://github.com/martj42/international_results,"Resultados oficiales publicos; Elo e historial usan solo partidos previos. Ranking FIFA, mercado, plantilla y fase exacta quedan vacios si no hay fuente real conectada."
20100626_United_States_vs_Ghana,2010-06-26,FIFA World Cup,unknown_stage_from_source,United States,Ghana,1,2,1,,1807.912,1717.196,,,,,,,,0.285208,0.467619,Rustenburg,South Africa,martj42/international_results,https://github.com/martj42/international_results,"Resultados oficiales publicos; Elo e historial usan solo partidos previos. Ranking FIFA, mercado, plantilla y fase exacta quedan vacios si no hay fuente real conectada."
20100627_Argentina_vs_Mexico,2010-06-27,FIFA World Cup,unknown_stage_from_source,Argentina,Mexico,3,1,1,,1899.376,1831.884,,,,,,,,0.694004,0.427054,Johannesburg,South Africa,martj42/international_results,https://github.com/martj42/international_results,"Resultados oficiales publicos; Elo e historial usan solo partidos previos. Ranking FIFA, mercado, plantilla y fase exacta quedan vacios si no hay fuente real conectada."
20100627_Germany_vs_England,2010-06-27,FIFA World Cup,unknown_stage_from_source,Germany,England,4,1,1,,1903.064,1894.430,,,,,,,,0.651328,0.529033,Bloemfontein,South Africa,martj42/international_results,https://github.com/martj42/international_results,"Resultados oficiales publicos; Elo e historial usan solo partidos previos. Ranking FIFA, mercado, plantilla y fase exacta quedan vacios si no hay fuente real conectada."
20100628_Brazil_vs_Chile,2010-06-28,FIFA World Cup,unknown_stage_from_source,Brazil,Chile,3,0,1,,1977.756,1809.158,,,,,,,,0.695286,0.395785,Johannesburg,South Africa,martj42/international_results,https://github.com/martj42/international_results,"Resultados oficiales publicos; Elo e historial usan solo partidos previos. Ranking FIFA, mercado, plantilla y fase exacta quedan vacios si no hay fuente real conectada."
20100628_Netherlands_vs_Slovakia,2010-06-28,FIFA World Cup,unknown_stage_from_source,Netherlands,Slovakia,2,1,1,,1976.541,1659.372,,,,,,,,0.605493,0.439444,Durban,South Africa,martj42/international_results,https://github.com/martj42/international_results,"Resultados oficiales publicos; Elo e historial usan solo partidos previos. Ranking FIFA, mercado, plantilla y fase exacta quedan vacios si no hay fuente real conectada."
20100629_Paraguay_vs_Japan,2010-06-29,FIFA World Cup,unknown_stage_from_source,Paraguay,Japan,0,0,1,,1755.307,1811.373,,,,,,,,0.455581,0.320937,Pretoria,South Africa,martj42/international_results,https://github.com/martj42/international_results,"Resultados oficiales publicos; Elo e historial usan solo partidos previos. Ranking FIFA, mercado, plantilla y fase exacta quedan vacios si no hay fuente real conectada."
20100629_Spain_vs_Portugal,2010-06-29,FIFA World Cup,unknown_stage_from_source,Spain,Portugal,1,0,1,,2001.688,1843.526,,,,,,,,0.547561,0.599852,Cape Town,South Africa,martj42/international_results,https://github.com/martj42/international_results,"Resultados oficiales publicos; Elo e historial usan solo partidos previos. Ranking FIFA, mercado, plantilla y fase exacta quedan vacios si no hay fuente real conectada."
20100702_Netherlands_vs_Brazil,2010-07-02,FIFA World Cup,unknown_stage_from_source,Netherlands,Brazil,2,1,1,,1982.369,1992.616,,,,,,,,0.610347,0.696616,Port Elizabeth,South Africa,martj42/international_results,https://github.com/martj42/international_results,"Resultados oficiales publicos; Elo e historial usan solo partidos previos. Ranking FIFA, mercado, plantilla y fase exacta quedan vacios si no hay fuente real conectada."
20100702_Uruguay_vs_Ghana,2010-07-02,FIFA World Cup,unknown_stage_from_source,Uruguay,Ghana,1,1,1,,1825.617,1743.558,,,,,,,,0.611630,0.528542,Johannesburg,South Africa,martj42/international_results,https://github.com/martj42/international_results,"Resultados oficiales publicos; Elo e historial usan solo partidos previos. Ranking FIFA, mercado, plantilla y fase exacta quedan vacios si no hay fuente real conectada."
20100703_Argentina_vs_Germany,2010-07-03,FIFA World Cup,unknown_stage_from_source,Argentina,Germany,0,4,1,,1917.466,1931.342,,,,,,,,0.695269,0.654266,Cape Town,South Africa,martj42/international_results,https://github.com/martj42/international_results,"Resultados oficiales publicos; Elo e historial usan solo partidos previos. Ranking FIFA, mercado, plantilla y fase exacta quedan vacios si no hay fuente real conectada."
20100703_Paraguay_vs_Spain,2010-07-03,FIFA World Cup,unknown_stage_from_source,Paraguay,Spain,0,1,1,,1758.666,2013.738,,,,,,,,0.455065,0.552470,Johannesburg,South Africa,martj42/international_results,https://github.com/martj42/international_results,"Resultados oficiales publicos; Elo e historial usan solo partidos previos. Ranking FIFA, mercado, plantilla y fase exacta quedan vacios si no hay fuente real conectada."
20100706_Uruguay_vs_Netherlands,2010-07-06,FIFA World Cup,unknown_stage_from_source,Uruguay,Netherlands,2,3,1,,1820.748,2003.988,,,,,,,,0.610546,0.615068,Cape Town,South Africa,martj42/international_results,https://github.com/martj42/international_results,"Resultados oficiales publicos; Elo e historial usan solo partidos previos. Ranking FIFA, mercado, plantilla y fase exacta quedan vacios si no hay fuente real conectada."
20100707_Germany_vs_Spain,2010-07-07,FIFA World Cup,unknown_stage_from_source,Germany,Spain,0,1,1,,1963.588,2021.600,,,,,,,,0.657494,0.557262,Durban,South Africa,martj42/international_results,https://github.com/martj42/international_results,"Resultados oficiales publicos; Elo e historial usan solo partidos previos. Ranking FIFA, mercado, plantilla y fase exacta quedan vacios si no hay fuente real conectada."
20100710_Uruguay_vs_Germany,2010-07-10,FIFA World Cup,unknown_stage_from_source,Uruguay,Germany,2,3,1,,1809.899,1946.062,,,,,,,,0.608087,0.652990,Port Elizabeth,South Africa,martj42/international_results,https://github.com/martj42/international_results,"Resultados oficiales publicos; Elo e historial usan solo partidos previos. Ranking FIFA, mercado, plantilla y fase exacta quedan vacios si no hay fuente real conectada."
20100711_Netherlands_vs_Spain,2010-07-11,FIFA World Cup,unknown_stage_from_source,Netherlands,Spain,0,1,1,,2014.837,2039.126,,,,,,,,0.619662,0.561941,Johannesburg,South Africa,martj42/international_results,https://github.com/martj42/international_results,"Resultados oficiales publicos; Elo e historial usan solo partidos previos. Ranking FIFA, mercado, plantilla y fase exacta quedan vacios si no hay fuente real conectada."
20110701_Argentina_vs_Bolivia,2011-07-01,Copa América,unknown_stage_from_source,Argentina,Bolivia,1,1,0,,1882.836,1535.128,,,,,,,,0.692037,0.225478,La Plata,Argentina,martj42/international_results,https://github.com/martj42/international_results,"Resultados oficiales publicos; Elo e historial usan solo partidos previos. Ranking FIFA, mercado, plantilla y fase exacta quedan vacios si no hay fuente real conectada."
20110702_Colombia_vs_Costa_Rica,2011-07-02,Copa América,unknown_stage_from_source,Colombia,Costa Rica,1,0,1,,1700.174,1678.789,,,,,,,,0.403512,0.324762,San Salvador de Jujuy,Argentina,martj42/international_results,https://github.com/martj42/international_results,"Resultados oficiales publicos; Elo e historial usan solo partidos previos. Ranking FIFA, mercado, plantilla y fase exacta quedan vacios si no hay fuente real conectada."
20110703_Brazil_vs_Venezuela,2011-07-03,Copa América,unknown_stage_from_source,Brazil,Venezuela,0,0,1,,1967.838,1666.501,,,,,,,,0.694148,0.062551,La Plata,Argentina,martj42/international_results,https://github.com/martj42/international_results,"Resultados oficiales publicos; Elo e historial usan solo partidos previos. Ranking FIFA, mercado, plantilla y fase exacta quedan vacios si no hay fuente real conectada."
20110703_Paraguay_vs_Ecuador,2011-07-03,Copa América,unknown_stage_from_source,Paraguay,Ecuador,0,0,1,,1755.100,1665.901,,,,,,,,0.452787,0.184768,Santa Fe,Argentina,martj42/international_results,https://github.com/martj42/international_results,"Resultados oficiales publicos; Elo e historial usan solo partidos previos. Ranking FIFA, mercado, plantilla y fase exacta quedan vacios si no hay fuente real conectada."
20110704_Chile_vs_Mexico,2011-07-04,Copa América,unknown_stage_from_source,Chile,Mexico,2,1,1,,1806.460,1850.724,,,,,,,,0.393465,0.422146,San Juan,Argentina,martj42/international_results,https://github.com/martj42/international_results,"Resultados oficiales publicos; Elo e historial usan solo partidos previos. Ranking FIFA, mercado, plantilla y fase exacta quedan vacios si no hay fuente real conectada."
20110704_Uruguay_vs_Peru,2011-07-04,Copa América,unknown_stage_from_source,Uruguay,Peru,1,1,1,,1800.772,1599.083,,,,,,,,0.605649,0.416474,San Juan,Argentina,martj42/international_results,https://github.com/martj42/international_results,"Resultados oficiales publicos; Elo e historial usan solo partidos previos. Ranking FIFA, mercado, plantilla y fase exacta quedan vacios si no hay fuente real conectada."
20110706_Argentina_vs_Colombia,2011-07-06,Copa América,unknown_stage_from_source,Argentina,Colombia,0,0,0,,1866.836,1719.883,,,,,,,,0.690690,0.408392,Santa Fe,Argentina,martj42/international_results,https://github.com/martj42/international_results,"Resultados oficiales publicos; Elo e historial usan solo partidos previos. Ranking FIFA, mercado, plantilla y fase exacta quedan vacios si no hay fuente real conectada."
20110707_Bolivia_vs_Costa_Rica,2011-07-07,Copa América,unknown_stage_from_source,Bolivia,Costa Rica,0,2,1,,1551.128,1659.080,,,,,,,,0.226743,0.312045,San Salvador de Jujuy,Argentina,martj42/international_results,https://github.com/martj42/international_results,"Resultados oficiales publicos; Elo e historial usan solo partidos previos. Ranking FIFA, mercado, plantilla y fase exacta quedan vacios si no hay fuente real conectada."
20110708_Peru_vs_Mexico,2011-07-08,Copa América,unknown_stage_from_source,Peru,Mexico,1,0,1,,1610.067,1827.063,,,,,,,,0.416115,0.417860,Mendoza,Argentina,martj42/international_results,https://github.com/martj42/international_results,"Resultados oficiales publicos; Elo e historial usan solo partidos previos. Ranking FIFA, mercado, plantilla y fase exacta quedan vacios si no hay fuente real conectada."
20110708_Uruguay_vs_Chile,2011-07-08,Copa América,unknown_stage_from_source,Uruguay,Chile,1,1,1,,1789.788,1830.121,,,,,,,,0.604605,0.396405,Mendoza,Argentina,martj42/international_results,https://github.com/martj42/international_results,"Resultados oficiales publicos; Elo e historial usan solo partidos previos. Ranking FIFA, mercado, plantilla y fase exacta quedan vacios si no hay fuente real conectada."
20110709_Brazil_vs_Paraguay,2011-07-09,Copa América,unknown_stage_from_source,Brazil,Paraguay,2,2,1,,1953.138,1749.824,,,,,,,,0.692899,0.452293,Córdoba,Argentina,martj42/international_results,https://github.com/martj42/international_results,"Resultados oficiales publicos; Elo e historial usan solo partidos previos. Ranking FIFA, mercado, plantilla y fase exacta quedan vacios si no hay fuente real conectada."
20110709_Venezuela_vs_Ecuador,2011-07-09,Copa América,unknown_stage_from_source,Venezuela,Ecuador,1,0,1,,1681.201,1671.177,,,,,,,,0.068567,0.186307,Salta,Argentina,martj42/international_results,https://github.com/martj42/international_results,"Resultados oficiales publicos; Elo e historial usan solo partidos previos. Ranking FIFA, mercado, plantilla y fase exacta quedan vacios si no hay fuente real conectada."
20110710_Colombia_vs_Bolivia,2011-07-10,Copa América,unknown_stage_from_source,Colombia,Bolivia,2,0,1,,1728.271,1535.758,,,,,,,,0.407997,0.224682,Santa Fe,Argentina,martj42/international_results,https://github.com/martj42/international_results,"Resultados oficiales publicos; Elo e historial usan solo partidos previos. Ranking FIFA, mercado, plantilla y fase exacta quedan vacios si no hay fuente real conectada."
20110711_Argentina_vs_Costa_Rica,2011-07-11,Copa América,unknown_stage_from_source,Argentina,Costa Rica,3,0,0,,1858.448,1674.450,,,,,,,,0.689354,0.341957,Córdoba,Argentina,martj42/international_results,https://github.com/martj42/international_results,"Resultados oficiales publicos; Elo e historial usan solo partidos previos. Ranking FIFA, mercado, plantilla y fase exacta quedan vacios si no hay fuente real conectada."
20110712_Chile_vs_Peru,2011-07-12,Copa América,unknown_stage_from_source,Chile,Peru,1,0,1,,1827.694,1642.707,,,,,,,,0.396233,0.419732,Mendoza,Argentina,martj42/international_results,https://github.com/martj42/international_results,"Resultados oficiales publicos; Elo e historial usan solo partidos previos. Ranking FIFA, mercado, plantilla y fase exacta quedan vacios si no hay fuente real conectada."
20110712_Uruguay_vs_Mexico,2011-07-12,Copa América,unknown_stage_from_source,Uruguay,Mexico,1,0,1,,1792.215,1794.423,,,,,,,,0.603569,0.413670,La Plata,Argentina,martj42/international_results,https://github.com/martj42/international_results,"Resultados oficiales publicos; Elo e historial usan solo partidos previos. Ranking FIFA, mercado, plantilla y fase exacta quedan vacios si no hay fuente real conectada."
20110713_Brazil_vs_Ecuador,2011-07-13,Copa América,unknown_stage_from_source,Brazil,Ecuador,4,2,1,,1942.083,1650.782,,,,,,,,0.691660,0.185100,Córdoba,Argentina,martj42/international_results,https://github.com/martj42/international_results,"Resultados oficiales publicos; Elo e historial usan solo partidos previos. Ranking FIFA, mercado, plantilla y fase exacta quedan vacios si no hay fuente real conectada."
20110713_Paraguay_vs_Venezuela,2011-07-13,Copa América,unknown_stage_from_source,Paraguay,Venezuela,3,3,1,,1760.879,1701.595,,,,,,,,0.451804,0.085948,Salta,Argentina,martj42/international_results,https://github.com/martj42/international_results,"Resultados oficiales publicos; Elo e historial usan solo partidos previos. Ranking FIFA, mercado, plantilla y fase exacta quedan vacios si no hay fuente real conectada."
20110716_Argentina_vs_Uruguay,2011-07-16,Copa América,unknown_stage_from_source,Argentina,Uruguay,1,1,0,,1872.282,1813.348,,,,,,,,0.690799,0.605071,Santa Fe,Argentina,martj42/international_results,https://github.com/martj42/international_results,"Resultados oficiales publicos; Elo e historial usan solo partidos previos. Ranking FIFA, mercado, plantilla y fase exacta quedan vacios si no hay fuente real conectada."
20110716_Colombia_vs_Peru,2011-07-16,Copa América,unknown_stage_from_source,Colombia,Peru,0,2,1,,1738.802,1631.939,,,,,,,,0.413145,0.417233,Córdoba,Argentina,martj42/international_results,https://github.com/martj42/international_results,"Resultados oficiales publicos; Elo e historial usan solo partidos previos. Ranking FIFA, mercado, plantilla y fase exacta quedan vacios si no hay fuente real conectada."
20110717_Brazil_vs_Paraguay,2011-07-17,Copa América,unknown_stage_from_source,Brazil,Paraguay,0,0,1,,1948.501,1757.330,,,,,,,,0.692815,0.451321,La Plata,Argentina,martj42/international_results,https://github.com/martj42/international_results,"Resultados oficiales publicos; Elo e historial usan solo partidos previos. Ranking FIFA, mercado, plantilla y fase exacta quedan vacios si no hay fuente real conectada."
20110717_Chile_vs_Venezuela,2011-07-17,Copa América,unknown_stage_from_source,Chile,Venezuela,1,2,1,,1838.462,1705.144,,,,,,,,0.399128,0.091282,San Juan,Argentina,martj42/international_results,https://github.com/martj42/international_results,"Resultados oficiales publicos; Elo e historial usan solo partidos previos. Ranking FIFA, mercado, plantilla y fase exacta quedan vacios si no hay fuente real conectada."
20110719_Peru_vs_Uruguay,2011-07-19,Copa América,unknown_stage_from_source,Peru,Uruguay,0,2,1,,1660.503,1816.877,,,,,,,,0.421093,0.604043,La Plata,Argentina,martj42/international_results,https://github.com/martj42/international_results,"Resultados oficiales publicos; Elo e historial usan solo partidos previos. Ranking FIFA, mercado, plantilla y fase exacta quedan vacios si no hay fuente real conectada."
20110720_Paraguay_vs_Venezuela,2011-07-20,Copa América,unknown_stage_from_source,Paraguay,Venezuela,0,0,1,,1767.845,1733.829,,,,,,,,0.450842,0.107579,Mendoza,Argentina,martj42/international_results,https://github.com/martj42/international_results,"Resultados oficiales publicos; Elo e historial usan solo partidos previos. Ranking FIFA, mercado, plantilla y fase exacta quedan vacios si no hay fuente real conectada."
20110723_Peru_vs_Venezuela,2011-07-23,Copa América,unknown_stage_from_source,Peru,Venezuela,4,1,1,,1648.052,1735.878,,,,,,,,0.418322,0.112315,La Plata,Argentina,martj42/international_results,https://github.com/martj42/international_results,"Resultados oficiales publicos; Elo e historial usan solo partidos previos. Ranking FIFA, mercado, plantilla y fase exacta quedan vacios si no hay fuente real conectada."
20110724_Uruguay_vs_Paraguay,2011-07-24,Copa América,unknown_stage_from_source,Uruguay,Paraguay,3,0,1,,1829.327,1765.795,,,,,,,,0.605720,0.450369,Buenos Aires,Argentina,martj42/international_results,https://github.com/martj42/international_results,"Resultados oficiales publicos; Elo e historial usan solo partidos previos. Ranking FIFA, mercado, plantilla y fase exacta quedan vacios si no hay fuente real conectada."
20120608_Poland_vs_Greece,2012-06-08,UEFA Euro,unknown_stage_from_source,Poland,Greece,1,1,0,,1688.541,1750.551,,,,,,,,0.501324,0.305648,Warsaw,Poland,martj42/international_results,https://github.com/martj42/international_results,"Resultados oficiales publicos; Elo e historial usan solo partidos previos. Ranking FIFA, mercado, plantilla y fase exacta quedan vacios si no hay fuente real conectada."
20120608_Russia_vs_Czech_Republic,2012-06-08,UEFA Euro,unknown_stage_from_source,Russia,Czech Republic,4,1,1,,1775.636,1746.739,,,,,,,,0.506276,0.488583,Wrocław,Poland,martj42/international_results,https://github.com/martj42/international_results,"Resultados oficiales publicos; Elo e historial usan solo partidos previos. Ranking FIFA, mercado, plantilla y fase exacta quedan vacios si no hay fuente real conectada."
20120609_Germany_vs_Portugal,2012-06-09,UEFA Euro,unknown_stage_from_source,Germany,Portugal,1,0,1,,1966.387,1818.103,,,,,,,,0.655195,0.587790,Lviv,Ukraine,martj42/international_results,https://github.com/martj42/international_results,"Resultados oficiales publicos; Elo e historial usan solo partidos previos. Ranking FIFA, mercado, plantilla y fase exacta quedan vacios si no hay fuente real conectada."
20120609_Netherlands_vs_Denmark,2012-06-09,UEFA Euro,unknown_stage_from_source,Netherlands,Denmark,0,1,1,,1968.117,1777.385,,,,,,,,0.612000,0.421542,Kharkiv,Ukraine,martj42/international_results,https://github.com/martj42/international_results,"Resultados oficiales publicos; Elo e historial usan solo partidos previos. Ranking FIFA, mercado, plantilla y fase exacta quedan vacios si no hay fuente real conectada."
20120610_Republic_of_Ireland_vs_Croatia,2012-06-10,UEFA Euro,unknown_stage_from_source,Republic of Ireland,Croatia,1,3,1,,1760.680,1815.133,,,,,,,,0.397500,0.532153,Poznań,Poland,martj42/international_results,https://github.com/martj42/international_results,"Resultados oficiales publicos; Elo e historial usan solo partidos previos. Ranking FIFA, mercado, plantilla y fase exacta quedan vacios si no hay fuente real conectada."
20120610_Spain_vs_Italy,2012-06-10,UEFA Euro,unknown_stage_from_source,Spain,Italy,1,1,1,,2041.340,1829.550,,,,,,,,0.566512,0.621449,Gdańsk,Poland,martj42/international_results,https://github.com/martj42/international_results,"Resultados oficiales publicos; Elo e historial usan solo partidos previos. Ranking FIFA, mercado, plantilla y fase exacta quedan vacios si no hay fuente real conectada."
20120611_France_vs_England,2012-06-11,UEFA Euro,unknown_stage_from_source,France,England,1,1,1,,1811.080,1884.359,,,,,,,,0.561951,0.522033,Donetsk,Ukraine,martj42/international_results,https://github.com/martj42/international_results,"Resultados oficiales publicos; Elo e historial usan solo partidos previos. Ranking FIFA, mercado, plantilla y fase exacta quedan vacios si no hay fuente real conectada."
20120611_Ukraine_vs_Sweden,2012-06-11,UEFA Euro,unknown_stage_from_source,Ukraine,Sweden,2,1,0,,1728.522,1797.966,,,,,,,,0.454667,0.451333,Kyiv,Ukraine,martj42/international_results,https://github.com/martj42/international_results,"Resultados oficiales publicos; Elo e historial usan solo partidos previos. Ranking FIFA, mercado, plantilla y fase exacta quedan vacios si no hay fuente real conectada."
20120612_Greece_vs_Czech_Republic,2012-06-12,UEFA Euro,unknown_stage_from_source,Greece,Czech Republic,1,2,1,,1746.842,1720.388,,,,,,,,0.308684,0.463175,Wrocław,Poland,martj42/international_results,https://github.com/martj42/international_results,"Resultados oficiales publicos; Elo e historial usan solo partidos previos. Ranking FIFA, mercado, plantilla y fase exacta quedan vacios si no hay fuente real conectada."
20120612_Poland_vs_Russia,2012-06-12,UEFA Euro,unknown_stage_from_source,Poland,Russia,1,1,0,,1692.250,1801.986,,,,,,,,0.497381,0.514564,Warsaw,Poland,martj42/international_results,https://github.com/martj42/international_results,"Resultados oficiales publicos; Elo e historial usan solo partidos previos. Ranking FIFA, mercado, plantilla y fase exacta quedan vacios si no hay fuente real conectada."
20120613_Denmark_vs_Portugal,2012-06-13,UEFA Euro,unknown_stage_from_source,Denmark,Portugal,2,3,1,,1808.880,1805.558,,,,,,,,0.434553,0.576241,Lviv,Ukraine,martj42/international_results,https://github.com/martj42/international_results,"Resultados oficiales publicos; Elo e historial usan solo partidos previos. Ranking FIFA, mercado, plantilla y fase exacta quedan vacios si no hay fuente real conectada."
20120613_Netherlands_vs_Germany,2012-06-13,UEFA Euro,unknown_stage_from_source,Netherlands,Germany,1,2,1,,1936.622,1978.931,,,,,,,,0.604539,0.657367,Kharkiv,Ukraine,martj42/international_results,https://github.com/martj42/international_results,"Resultados oficiales publicos; Elo e historial usan solo partidos previos. Ranking FIFA, mercado, plantilla y fase exacta quedan vacios si no hay fuente real conectada."
20120614_Italy_vs_Croatia,2012-06-14,UEFA Euro,unknown_stage_from_source,Italy,Croatia,1,1,1,,1840.970,1834.147,,,,,,,,0.619059,0.550867,Poznań,Poland,martj42/international_results,https://github.com/martj42/international_results,"Resultados oficiales publicos; Elo e historial usan solo partidos previos. Ranking FIFA, mercado, plantilla y fase exacta quedan vacios si no hay fuente real conectada."
20120614_Spain_vs_Republic_of_Ireland,2012-06-14,UEFA Euro,unknown_stage_from_source,Spain,Republic of Ireland,4,0,1,,2029.920,1741.666,,,,,,,,0.564176,0.374118,Gdańsk,Poland,martj42/international_results,https://github.com/martj42/international_results,"Resultados oficiales publicos; Elo e historial usan solo partidos previos. Ranking FIFA, mercado, plantilla y fase exacta quedan vacios si no hay fuente real conectada."
20120615_Sweden_vs_England,2012-06-15,UEFA Euro,unknown_stage_from_source,Sweden,England,2,3,1,,1772.823,1879.995,,,,,,,,0.444672,0.520120,Kyiv,Ukraine,martj42/international_results,https://github.com/martj42/international_results,"Resultados oficiales publicos; Elo e historial usan solo partidos previos. Ranking FIFA, mercado, plantilla y fase exacta quedan vacios si no hay fuente real conectada."
20120615_Ukraine_vs_France,2012-06-15,UEFA Euro,unknown_stage_from_source,Ukraine,France,0,2,0,,1753.664,1815.445,,,,,,,,0.538056,0.559558,Donetsk,Ukraine,martj42/international_results,https://github.com/martj42/international_results,"Resultados oficiales publicos; Elo e historial usan solo partidos previos. Ranking FIFA, mercado, plantilla y fase exacta quedan vacios si no hay fuente real conectada."
20120616_Greece_vs_Russia,2012-06-16,UEFA Euro,unknown_stage_from_source,Greece,Russia,1,0,1,,1724.247,1795.566,,,,,,,,0.295500,0.512273,Warsaw,Poland,martj42/international_results,https://github.com/martj42/international_results,"Resultados oficiales publicos; Elo e historial usan solo partidos previos. Ranking FIFA, mercado, plantilla y fase exacta quedan vacios si no hay fuente real conectada."
20120616_Poland_vs_Czech_Republic,2012-06-16,UEFA Euro,unknown_stage_from_source,Poland,Czech Republic,0,1,0,,1698.671,1742.984,,,,,,,,0.493657,0.485530,Wrocław,Poland,martj42/international_results,https://github.com/martj42/international_results,"Resultados oficiales publicos; Elo e historial usan solo partidos previos. Ranking FIFA, mercado, plantilla y fase exacta quedan vacios si no hay fuente real conectada."
20120617_Denmark_vs_Germany,2012-06-17,UEFA Euro,unknown_stage_from_source,Denmark,Germany,1,2,1,,1787.679,1997.387,,,,,,,,0.425278,0.659508,Lviv,Ukraine,martj42/international_results,https://github.com/martj42/international_results,"Resultados oficiales publicos; Elo e historial usan solo partidos previos. Ranking FIFA, mercado, plantilla y fase exacta quedan vacios si no hay fuente real conectada."
20120617_Portugal_vs_Netherlands,2012-06-17,UEFA Euro,unknown_stage_from_source,Portugal,Netherlands,2,1,1,,1826.759,1918.167,,,,,,,,0.584132,0.597273,Kharkiv,Ukraine,martj42/international_results,https://github.com/martj42/international_results,"Resultados oficiales publicos; Elo e historial usan solo partidos previos. Ranking FIFA, mercado, plantilla y fase exacta quedan vacios si no hay fuente real conectada."
20120618_Croatia_vs_Spain,2012-06-18,UEFA Euro,unknown_stage_from_source,Croatia,Spain,0,1,1,,1834.559,2039.473,,,,,,,,0.543654,0.570152,Gdańsk,Poland,martj42/international_results,https://github.com/martj42/international_results,"Resultados oficiales publicos; Elo e historial usan solo partidos previos. Ranking FIFA, mercado, plantilla y fase exacta quedan vacios si no hay fuente real conectada."
20120618_Italy_vs_Republic_of_Ireland,2012-06-18,UEFA Euro,unknown_stage_from_source,Italy,Republic of Ireland,2,0,1,,1840.558,1732.113,,,,,,,,0.616713,0.348333,Poznań,Poland,martj42/international_results,https://github.com/martj42/international_results,"Resultados oficiales publicos; Elo e historial usan solo partidos previos. Ranking FIFA, mercado, plantilla y fase exacta quedan vacios si no hay fuente real conectada."
20120619_Sweden_vs_France,2012-06-19,UEFA Euro,unknown_stage_from_source,Sweden,France,2,0,1,,1758.103,1833.937,,,,,,,,0.438226,0.564802,Kyiv,Ukraine,martj42/international_results,https://github.com/martj42/international_results,"Resultados oficiales publicos; Elo e historial usan solo partidos previos. Ranking FIFA, mercado, plantilla y fase exacta quedan vacios si no hay fuente real conectada."
20120619_Ukraine_vs_England,2012-06-19,UEFA Euro,unknown_stage_from_source,Ukraine,England,0,1,0,,1735.173,1894.715,,,,,,,,0.461190,0.525298,Donetsk,Ukraine,martj42/international_results,https://github.com/martj42/international_results,"Resultados oficiales publicos; Elo e historial usan solo partidos previos. Ranking FIFA, mercado, plantilla y fase exacta quedan vacios si no hay fuente real conectada."
20120621_Czech_Republic_vs_Portugal,2012-06-21,UEFA Euro,unknown_stage_from_source,Czech Republic,Portugal,0,1,1,,1761.320,1853.160,,,,,,,,0.505942,0.591701,Warsaw,Poland,martj42/international_results,https://github.com/martj42/international_results,"Resultados oficiales publicos; Elo e historial usan solo partidos previos. Ranking FIFA, mercado, plantilla y fase exacta quedan vacios si no hay fuente real conectada."
20120622_Germany_vs_Greece,2012-06-22,UEFA Euro,unknown_stage_from_source,Germany,Greece,4,2,1,,2007.055,1749.498,,,,,,,,0.661619,0.326905,Gdańsk,Poland,martj42/international_results,https://github.com/martj42/international_results,"Resultados oficiales publicos; Elo e historial usan solo partidos previos. Ranking FIFA, mercado, plantilla y fase exacta quedan vacios si no hay fuente real conectada."
20120623_Spain_vs_France,2012-06-23,UEFA Euro,unknown_stage_from_source,Spain,France,2,0,1,,2049.349,1806.843,,,,,,,,0.574476,0.558157,Donetsk,Ukraine,martj42/international_results,https://github.com/martj42/international_results,"Resultados oficiales publicos; Elo e historial usan solo partidos previos. Ranking FIFA, mercado, plantilla y fase exacta quedan vacios si no hay fuente real conectada."
20120624_England_vs_Italy,2012-06-24,UEFA Euro,unknown_stage_from_source,England,Italy,0,0,1,,1906.697,1855.897,,,,,,,,0.530353,0.620197,Kyiv,Ukraine,martj42/international_results,https://github.com/martj42/international_results,"Resultados oficiales publicos; Elo e historial usan solo partidos previos. Ranking FIFA, mercado, plantilla y fase exacta quedan vacios si no hay fuente real conectada."
20120627_Portugal_vs_Spain,2012-06-27,UEFA Euro,unknown_stage_from_source,Portugal,Spain,0,0,1,,1868.734,2057.597,,,,,,,,0.598967,0.579204,Donetsk,Ukraine,martj42/international_results,https://github.com/martj42/international_results,"Resultados oficiales publicos; Elo e historial usan solo partidos previos. Ranking FIFA, mercado, plantilla y fase exacta quedan vacios si no hay fuente real conectada."
20120628_Germany_vs_Italy,2012-06-28,UEFA Euro,unknown_stage_from_source,Germany,Italy,1,2,1,,2014.698,1858.945,,,,,,,,0.664019,0.617883,Warsaw,Poland,martj42/international_results,https://github.com/martj42/international_results,"Resultados oficiales publicos; Elo e historial usan solo partidos previos. Ranking FIFA, mercado, plantilla y fase exacta quedan vacios si no hay fuente real conectada."
20120701_Spain_vs_Italy,2012-07-01,UEFA Euro,unknown_stage_from_source,Spain,Italy,4,0,1,,2047.187,1888.776,,,,,,,,0.576832,0.620893,Kyiv,Ukraine,martj42/international_results,https://github.com/martj42/international_results,"Resultados oficiales publicos; Elo e historial usan solo partidos previos. Ranking FIFA, mercado, plantilla y fase exacta quedan vacios si no hay fuente real conectada."
20140612_Brazil_vs_Croatia,2014-06-12,FIFA World Cup,unknown_stage_from_source,Brazil,Croatia,3,1,0,,2014.633,1779.389,,,,,,,,0.691586,0.525185,São Paulo,Brazil,martj42/international_results,https://github.com/martj42/international_results,"Resultados oficiales publicos; Elo e historial usan solo partidos previos. Ranking FIFA, mercado, plantilla y fase exacta quedan vacios si no hay fuente real conectada."
20140613_Chile_vs_Australia,2014-06-13,FIFA World Cup,unknown_stage_from_source,Chile,Australia,3,1,1,,1829.101,1770.730,,,,,,,,0.397302,0.295500,Cuiabá,Brazil,martj42/international_results,https://github.com/martj42/international_results,"Resultados oficiales publicos; Elo e historial usan solo partidos previos. Ranking FIFA, mercado, plantilla y fase exacta quedan vacios si no hay fuente real conectada."
20140613_Mexico_vs_Cameroon,2014-06-13,FIFA World Cup,unknown_stage_from_source,Mexico,Cameroon,1,0,1,,1800.808,1697.346,,,,,,,,0.409574,0.311417,Natal,Brazil,martj42/international_results,https://github.com/martj42/international_results,"Resultados oficiales publicos; Elo e historial usan solo partidos previos. Ranking FIFA, mercado, plantilla y fase exacta quedan vacios si no hay fuente real conectada."
20140613_Spain_vs_Netherlands,2014-06-13,FIFA World Cup,unknown_stage_from_source,Spain,Netherlands,1,5,1,,2041.441,1916.356,,,,,,,,0.582409,0.590192,Salvador,Brazil,martj42/international_results,https://github.com/martj42/international_results,"Resultados oficiales publicos; Elo e historial usan solo partidos previos. Ranking FIFA, mercado, plantilla y fase exacta quedan vacios si no hay fuente real conectada."
20140614_Colombia_vs_Greece,2014-06-14,FIFA World Cup,unknown_stage_from_source,Colombia,Greece,3,0,1,,1817.668,1779.021,,,,,,,,0.409583,0.312045,Belo Horizonte,Brazil,martj42/international_results,https://github.com/martj42/international_results,"Resultados oficiales publicos; Elo e historial usan solo partidos previos. Ranking FIFA, mercado, plantilla y fase exacta quedan vacios si no hay fuente real conectada."
20140614_England_vs_Italy,2014-06-14,FIFA World Cup,unknown_stage_from_source,England,Italy,1,2,1,,1884.035,1851.202,,,,,,,,0.528411,0.614602,Manaus,Brazil,martj42/international_results,https://github.com/martj42/international_results,"Resultados oficiales publicos; Elo e historial usan solo partidos previos. Ranking FIFA, mercado, plantilla y fase exacta quedan vacios si no hay fuente real conectada."
20140614_Ivory_Coast_vs_Japan,2014-06-14,FIFA World Cup,unknown_stage_from_source,Ivory Coast,Japan,2,1,1,,1804.777,1815.813,,,,,,,,0.408889,0.323431,Recife,Brazil,martj42/international_results,https://github.com/martj42/international_results,"Resultados oficiales publicos; Elo e historial usan solo partidos previos. Ranking FIFA, mercado, plantilla y fase exacta quedan vacios si no hay fuente real conectada."
20140614_Uruguay_vs_Costa_Rica,2014-06-14,FIFA World Cup,unknown_stage_from_source,Uruguay,Costa Rica,1,3,1,,1839.541,1720.718,,,,,,,,0.607574,0.325833,Fortaleza,Brazil,martj42/international_results,https://github.com/martj42/international_results,"Resultados oficiales publicos; Elo e historial usan solo partidos previos. Ranking FIFA, mercado, plantilla y fase exacta quedan vacios si no hay fuente real conectada."
20140615_Argentina_vs_Bosnia_and_Herzegovina,2014-06-15,FIFA World Cup,unknown_stage_from_source,Argentina,Bosnia and Herzegovina,2,1,1,,1909.957,1714.812,,,,,,,,0.689474,,Rio de Janeiro,Brazil,martj42/international_results,https://github.com/martj42/international_results,"Resultados oficiales publicos; Elo e historial usan solo partidos previos. Ranking FIFA, mercado, plantilla y fase exacta quedan vacios si no hay fuente real conectada."
20140615_France_vs_Honduras,2014-06-15,FIFA World Cup,unknown_stage_from_source,France,Honduras,3,0,1,,1836.357,1708.972,,,,,,,,0.551667,0.378611,Porto Alegre,Brazil,martj42/international_results,https://github.com/martj42/international_results,"Resultados oficiales publicos; Elo e historial usan solo partidos previos. Ranking FIFA, mercado, plantilla y fase exacta quedan vacios si no hay fuente real conectada."
20140615_Switzerland_vs_Ecuador,2014-06-15,FIFA World Cup,unknown_stage_from_source,Switzerland,Ecuador,2,1,1,,1780.370,1754.756,,,,,,,,0.337281,0.183531,Brasília,Brazil,martj42/international_results,https://github.com/martj42/international_results,"Resultados oficiales publicos; Elo e historial usan solo partidos previos. Ranking FIFA, mercado, plantilla y fase exacta quedan vacios si no hay fuente real conectada."
20140616_Germany_vs_Portugal,2014-06-16,FIFA World Cup,unknown_stage_from_source,Germany,Portugal,4,0,1,,1990.922,1883.833,,,,,,,,0.659660,0.594346,Salvador,Brazil,martj42/international_results,https://github.com/martj42/international_results,"Resultados oficiales publicos; Elo e historial usan solo partidos previos. Ranking FIFA, mercado, plantilla y fase exacta quedan vacios si no hay fuente real conectada."
20140616_Ghana_vs_United_States,2014-06-16,FIFA World Cup,unknown_stage_from_source,Ghana,United States,1,2,1,,1758.037,1853.105,,,,,,,,0.510185,0.279350,Natal,Brazil,martj42/international_results,https://github.com/martj42/international_results,"Resultados oficiales publicos; Elo e historial usan solo partidos previos. Ranking FIFA, mercado, plantilla y fase exacta quedan vacios si no hay fuente real conectada."
20140616_Iran_vs_Nigeria,2014-06-16,FIFA World Cup,unknown_stage_from_source,Iran,Nigeria,0,0,1,,1789.336,1732.907,,,,,,,,0.181852,0.350476,Curitiba,Brazil,martj42/international_results,https://github.com/martj42/international_results,"Resultados oficiales publicos; Elo e historial usan solo partidos previos. Ranking FIFA, mercado, plantilla y fase exacta quedan vacios si no hay fuente real conectada."
20140617_Belgium_vs_Algeria,2014-06-17,FIFA World Cup,unknown_stage_from_source,Belgium,Algeria,2,1,1,,1754.408,1671.301,,,,,,,,0.369306,0.302963,Belo Horizonte,Brazil,martj42/international_results,https://github.com/martj42/international_results,"Resultados oficiales publicos; Elo e historial usan solo partidos previos. Ranking FIFA, mercado, plantilla y fase exacta quedan vacios si no hay fuente real conectada."
20140617_Brazil_vs_Mexico,2014-06-17,FIFA World Cup,unknown_stage_from_source,Brazil,Mexico,0,0,0,,2023.186,1815.733,,,,,,,,0.692732,0.415568,Fortaleza,Brazil,martj42/international_results,https://github.com/martj42/international_results,"Resultados oficiales publicos; Elo e historial usan solo partidos previos. Ranking FIFA, mercado, plantilla y fase exacta quedan vacios si no hay fuente real conectada."
20140617_Russia_vs_South_Korea,2014-06-17,FIFA World Cup,unknown_stage_from_source,Russia,South Korea,1,1,1,,1783.964,1738.264,,,,,,,,0.505299,0.261488,Cuiabá,Brazil,martj42/international_results,https://github.com/martj42/international_results,"Resultados oficiales publicos; Elo e historial usan solo partidos previos. Ranking FIFA, mercado, plantilla y fase exacta quedan vacios si no hay fuente real conectada."
20140618_Australia_vs_Netherlands,2014-06-18,FIFA World Cup,unknown_stage_from_source,Australia,Netherlands,2,3,1,,1751.996,1959.377,,,,,,,,0.268636,0.596519,Curitiba,Brazil,martj42/international_results,https://github.com/martj42/international_results,"Resultados oficiales publicos; Elo e historial usan solo partidos previos. Ranking FIFA, mercado, plantilla y fase exacta quedan vacios si no hay fuente real conectada."
20140618_Cameroon_vs_Croatia,2014-06-18,FIFA World Cup,unknown_stage_from_source,Cameroon,Croatia,0,4,1,,1682.421,1770.836,,,,,,,,0.298730,0.506429,Manaus,Brazil,martj42/international_results,https://github.com/martj42/international_results,"Resultados oficiales publicos; Elo e historial usan solo partidos previos. Ranking FIFA, mercado, plantilla y fase exacta quedan vacios si no hay fuente real conectada."
20140618_Spain_vs_Chile,2014-06-18,FIFA World Cup,unknown_stage_from_source,Spain,Chile,0,2,1,,1998.420,1847.835,,,,,,,,0.575179,0.400393,Rio de Janeiro,Brazil,martj42/international_results,https://github.com/martj42/international_results,"Resultados oficiales publicos; Elo e historial usan solo partidos previos. Ranking FIFA, mercado, plantilla y fase exacta quedan vacios si no hay fuente real conectada."
20140619_Colombia_vs_Ivory_Coast,2014-06-19,FIFA World Cup,unknown_stage_from_source,Colombia,Ivory Coast,2,1,1,,1843.109,1826.444,,,,,,,,0.415014,0.486905,Brasília,Brazil,martj42/international_results,https://github.com/martj42/international_results,"Resultados oficiales publicos; Elo e historial usan solo partidos previos. Ranking FIFA, mercado, plantilla y fase exacta quedan vacios si no hay fuente real conectada."
20140619_Japan_vs_Greece,2014-06-19,FIFA World Cup,unknown_stage_from_source,Japan,Greece,0,0,1,,1794.146,1753.580,,,,,,,,0.307963,0.296522,Natal,Brazil,martj42/international_results,https://github.com/martj42/international_results,"Resultados oficiales publicos; Elo e historial usan solo partidos previos. Ranking FIFA, mercado, plantilla y fase exacta quedan vacios si no hay fuente real conectada."
20140619_Uruguay_vs_England,2014-06-19,FIFA World Cup,unknown_stage_from_source,Uruguay,England,2,1,1,,1810.446,1861.057,,,,,,,,0.605021,0.522854,São Paulo,Brazil,martj42/international_results,https://github.com/martj42/international_results,"Resultados oficiales publicos; Elo e historial usan solo partidos previos. Ranking FIFA, mercado, plantilla y fase exacta quedan vacios si no hay fuente real conectada."
20140620_Honduras_vs_Ecuador,2014-06-20,FIFA World Cup,unknown_stage_from_source,Honduras,Ecuador,1,2,1,,1691.113,1735.301,,,,,,,,0.346026,0.182367,Curitiba,Brazil,martj42/international_results,https://github.com/martj42/international_results,"Resultados oficiales publicos; Elo e historial usan solo partidos previos. Ranking FIFA, mercado, plantilla y fase exacta quedan vacios si no hay fuente real conectada."
20140620_Italy_vs_Costa_Rica,2014-06-20,FIFA World Cup,unknown_stage_from_source,Italy,Costa Rica,0,1,1,,1874.181,1749.813,,,,,,,,0.617588,0.352800,Recife,Brazil,martj42/international_results,https://github.com/martj42/international_results,"Resultados oficiales publicos; Elo e historial usan solo partidos previos. Ranking FIFA, mercado, plantilla y fase exacta quedan vacios si no hay fuente real conectada."
20140620_Switzerland_vs_France,2014-06-20,FIFA World Cup,unknown_stage_from_source,Switzerland,France,2,5,1,,1799.824,1854.215,,,,,,,,0.353120,0.557337,Salvador,Brazil,martj42/international_results,https://github.com/martj42/international_results,"Resultados oficiales publicos; Elo e historial usan solo partidos previos. Ranking FIFA, mercado, plantilla y fase exacta quedan vacios si no hay fuente real conectada."
20140621_Argentina_vs_Iran,2014-06-21,FIFA World Cup,unknown_stage_from_source,Argentina,Iran,1,0,1,,1920.263,1785.955,,,,,,,,0.690544,0.200000,Belo Horizonte,Brazil,martj42/international_results,https://github.com/martj42/international_results,"Resultados oficiales publicos; Elo e historial usan solo partidos previos. Ranking FIFA, mercado, plantilla y fase exacta quedan vacios si no hay fuente real conectada."
20140621_Germany_vs_Ghana,2014-06-21,FIFA World Cup,unknown_stage_from_source,Germany,Ghana,2,2,1,,2013.521,1742.644,,,,,,,,0.662669,0.463667,Fortaleza,Brazil,martj42/international_results,https://github.com/martj42/international_results,"Resultados oficiales publicos; Elo e historial usan solo partidos previos. Ranking FIFA, mercado, plantilla y fase exacta quedan vacios si no hay fuente real conectada."
20140621_Nigeria_vs_Bosnia_and_Herzegovina,2014-06-21,FIFA World Cup,unknown_stage_from_source,Nigeria,Bosnia and Herzegovina,1,0,1,,1736.288,1704.505,,,,,,,,0.351333,0.045000,Cuiabá,Brazil,martj42/international_results,https://github.com/martj42/international_results,"Resultados oficiales publicos; Elo e historial usan solo partidos previos. Ranking FIFA, mercado, plantilla y fase exacta quedan vacios si no hay fuente real conectada."
20140622_Belgium_vs_Russia,2014-06-22,FIFA World Cup,unknown_stage_from_source,Belgium,Russia,1,0,1,,1770.479,1781.218,,,,,,,,0.381259,0.503211,Rio de Janeiro,Brazil,martj42/international_results,https://github.com/martj42/international_results,"Resultados oficiales publicos; Elo e historial usan solo partidos previos. Ranking FIFA, mercado, plantilla y fase exacta quedan vacios si no hay fuente real conectada."
20140622_South_Korea_vs_Algeria,2014-06-22,FIFA World Cup,unknown_stage_from_source,South Korea,Algeria,2,4,1,,1741.011,1655.231,,,,,,,,0.265000,0.277167,Porto Alegre,Brazil,martj42/international_results,https://github.com/martj42/international_results,"Resultados oficiales publicos; Elo e historial usan solo partidos previos. Ranking FIFA, mercado, plantilla y fase exacta quedan vacios si no hay fuente real conectada."
20140622_United_States_vs_Portugal,2014-06-22,FIFA World Cup,unknown_stage_from_source,United States,Portugal,2,2,1,,1868.498,1861.235,,,,,,,,0.295437,0.581186,Manaus,Brazil,martj42/international_results,https://github.com/martj42/international_results,"Resultados oficiales publicos; Elo e historial usan solo partidos previos. Ranking FIFA, mercado, plantilla y fase exacta quedan vacios si no hay fuente real conectada."
20140623_Australia_vs_Spain,2014-06-23,FIFA World Cup,unknown_stage_from_source,Australia,Spain,0,3,1,,1742.228,1968.014,,,,,,,,0.250000,0.569060,Curitiba,Brazil,martj42/international_results,https://github.com/martj42/international_results,"Resultados oficiales publicos; Elo e historial usan solo partidos previos. Ranking FIFA, mercado, plantilla y fase exacta quedan vacios si no hay fuente real conectada."
20140623_Brazil_vs_Cameroon,2014-06-23,FIFA World Cup,unknown_stage_from_source,Brazil,Cameroon,4,1,0,,2011.951,1658.024,,,,,,,,0.691512,0.281061,Brasília,Brazil,martj42/international_results,https://github.com/martj42/international_results,"Resultados oficiales publicos; Elo e historial usan solo partidos previos. Ranking FIFA, mercado, plantilla y fase exacta quedan vacios si no hay fuente real conectada."
20140623_Croatia_vs_Mexico,2014-06-23,FIFA World Cup,unknown_stage_from_source,Croatia,Mexico,1,3,1,,1795.233,1826.967,,,,,,,,0.526552,0.415000,Recife,Brazil,martj42/international_results,https://github.com/martj42/international_results,"Resultados oficiales publicos; Elo e historial usan solo partidos previos. Ranking FIFA, mercado, plantilla y fase exacta quedan vacios si no hay fuente real conectada."
20140623_Netherlands_vs_Chile,2014-06-23,FIFA World Cup,unknown_stage_from_source,Netherlands,Chile,2,0,1,,1969.145,1878.241,,,,,,,,0.601000,0.403452,São Paulo,Brazil,martj42/international_results,https://github.com/martj42/international_results,"Resultados oficiales publicos; Elo e historial usan solo partidos previos. Ranking FIFA, mercado, plantilla y fase exacta quedan vacios si no hay fuente real conectada."
20140624_Costa_Rica_vs_England,2014-06-24,FIFA World Cup,unknown_stage_from_source,Costa Rica,England,0,0,1,,1778.025,1837.019,,,,,,,,0.375962,0.517424,Belo Horizonte,Brazil,martj42/international_results,https://github.com/martj42/international_results,"Resultados oficiales publicos; Elo e historial usan solo partidos previos. Ranking FIFA, mercado, plantilla y fase exacta quedan vacios si no hay fuente real conectada."
20140624_Greece_vs_Ivory_Coast,2014-06-24,FIFA World Cup,unknown_stage_from_source,Greece,Ivory Coast,2,1,1,,1756.021,1806.450,,,,,,,,0.299306,0.431667,Fortaleza,Brazil,martj42/international_results,https://github.com/martj42/international_results,"Resultados oficiales publicos; Elo e historial usan solo partidos previos. Ranking FIFA, mercado, plantilla y fase exacta quedan vacios si no hay fuente real conectada."
20140624_Italy_vs_Uruguay,2014-06-24,FIFA World Cup,unknown_stage_from_source,Italy,Uruguay,0,1,1,,1845.969,1834.483,,,,,,,,0.612609,0.606485,Natal,Brazil,martj42/international_results,https://github.com/martj42/international_results,"Resultados oficiales publicos; Elo e historial usan solo partidos previos. Ranking FIFA, mercado, plantilla y fase exacta quedan vacios si no hay fuente real conectada."
20140624_Japan_vs_Colombia,2014-06-24,FIFA World Cup,unknown_stage_from_source,Japan,Colombia,1,4,1,,1791.705,1863.102,,,,,,,,0.310877,0.419590,Cuiabá,Brazil,martj42/international_results,https://github.com/martj42/international_results,"Resultados oficiales publicos; Elo e historial usan solo partidos previos. Ranking FIFA, mercado, plantilla y fase exacta quedan vacios si no hay fuente real conectada."
20140625_Bosnia_and_Herzegovina_vs_Iran,2014-06-25,FIFA World Cup,unknown_stage_from_source,Bosnia and Herzegovina,Iran,3,1,1,,1685.421,1772.691,,,,,,,,0.045000,0.185909,Salvador,Brazil,martj42/international_results,https://github.com/martj42/international_results,"Resultados oficiales publicos; Elo e historial usan solo partidos previos. Ranking FIFA, mercado, plantilla y fase exacta quedan vacios si no hay fuente real conectada."
20140625_Ecuador_vs_France,2014-06-25,FIFA World Cup,unknown_stage_from_source,Ecuador,France,0,0,1,,1753.645,1878.213,,,,,,,,0.188806,0.562879,Rio de Janeiro,Brazil,martj42/international_results,https://github.com/martj42/international_results,"Resultados oficiales publicos; Elo e historial usan solo partidos previos. Ranking FIFA, mercado, plantilla y fase exacta quedan vacios si no hay fuente real conectada."
20140625_Honduras_vs_Switzerland,2014-06-25,FIFA World Cup,unknown_stage_from_source,Honduras,Switzerland,0,3,1,,1672.770,1775.826,,,,,,,,0.324524,0.343167,Manaus,Brazil,martj42/international_results,https://github.com/martj42/international_results,"Resultados oficiales publicos; Elo e historial usan solo partidos previos. Ranking FIFA, mercado, plantilla y fase exacta quedan vacios si no hay fuente real conectada."
20140625_Nigeria_vs_Argentina,2014-06-25,FIFA World Cup,unknown_stage_from_source,Nigeria,Argentina,2,3,1,,1755.373,1933.527,,,,,,,,0.389062,0.691606,Porto Alegre,Brazil,martj42/international_results,https://github.com/martj42/international_results,"Resultados oficiales publicos; Elo e historial usan solo partidos previos. Ranking FIFA, mercado, plantilla y fase exacta quedan vacios si no hay fuente real conectada."
20140626_Algeria_vs_Russia,2014-06-26,FIFA World Cup,unknown_stage_from_source,Algeria,Russia,1,1,1,,1682.810,1759.569,,,,,,,,0.342879,0.496570,Curitiba,Brazil,martj42/international_results,https://github.com/martj42/international_results,"Resultados oficiales publicos; Elo e historial usan solo partidos previos. Ranking FIFA, mercado, plantilla y fase exacta quedan vacios si no hay fuente real conectada."
20140626_South_Korea_vs_Belgium,2014-06-26,FIFA World Cup,unknown_stage_from_source,South Korea,Belgium,0,1,1,,1713.432,1792.128,,,,,,,,0.256167,0.392733,São Paulo,Brazil,martj42/international_results,https://github.com/martj42/international_results,"Resultados oficiales publicos; Elo e historial usan solo partidos previos. Ranking FIFA, mercado, plantilla y fase exacta quedan vacios si no hay fuente real conectada."
20140626_Portugal_vs_Ghana,2014-06-26,FIFA World Cup,unknown_stage_from_source,Portugal,Ghana,2,1,1,,1861.674,1756.347,,,,,,,,0.577075,0.454545,Brasília,Brazil,martj42/international_results,https://github.com/martj42/international_results,"Resultados oficiales publicos; Elo e historial usan solo partidos previos. Ranking FIFA, mercado, plantilla y fase exacta quedan vacios si no hay fuente real conectada."
20140626_United_States_vs_Germany,2014-06-26,FIFA World Cup,unknown_stage_from_source,United States,Germany,0,1,1,,1868.059,1999.818,,,,,,,,0.297016,0.660590,Recife,Brazil,martj42/international_results,https://github.com/martj42/international_results,"Resultados oficiales publicos; Elo e historial usan solo partidos previos. Ranking FIFA, mercado, plantilla y fase exacta quedan vacios si no hay fuente real conectada."
20140628_Brazil_vs_Chile,2014-06-28,FIFA World Cup,unknown_stage_from_source,Brazil,Chile,1,1,0,,2017.736,1861.754,,,,,,,,0.692817,0.401404,Belo Horizonte,Brazil,martj42/international_results,https://github.com/martj42/international_results,"Resultados oficiales publicos; Elo e historial usan solo partidos previos. Ranking FIFA, mercado, plantilla y fase exacta quedan vacios si no hay fuente real conectada."
20140628_Colombia_vs_Uruguay,2014-06-28,FIFA World Cup,unknown_stage_from_source,Colombia,Uruguay,2,0,1,,1885.585,1856.177,,,,,,,,0.424846,0.607938,Rio de Janeiro,Brazil,martj42/international_results,https://github.com/martj42/international_results,"Resultados oficiales publicos; Elo e historial usan solo partidos previos. Ranking FIFA, mercado, plantilla y fase exacta quedan vacios si no hay fuente real conectada."
20140629_Costa_Rica_vs_Greece,2014-06-29,FIFA World Cup,unknown_stage_from_source,Costa Rica,Greece,1,1,1,,1781.557,1780.048,,,,,,,,0.375494,0.325533,Recife,Brazil,martj42/international_results,https://github.com/martj42/international_results,"Resultados oficiales publicos; Elo e historial usan solo partidos previos. Ranking FIFA, mercado, plantilla y fase exacta quedan vacios si no hay fuente real conectada."
20140629_Netherlands_vs_Mexico,2014-06-29,FIFA World Cup,unknown_stage_from_source,Netherlands,Mexico,2,1,1,,1985.633,1847.638,,,,,,,,0.605926,0.421290,Fortaleza,Brazil,martj42/international_results,https://github.com/martj42/international_results,"Resultados oficiales publicos; Elo e historial usan solo partidos previos. Ranking FIFA, mercado, plantilla y fase exacta quedan vacios si no hay fuente real conectada."
20140630_France_vs_Nigeria,2014-06-30,FIFA World Cup,unknown_stage_from_source,France,Nigeria,2,0,1,,1870.991,1744.287,,,,,,,,0.560637,0.368824,Brasília,Brazil,martj42/international_results,https://github.com/martj42/international_results,"Resultados oficiales publicos; Elo e historial usan solo partidos previos. Ranking FIFA, mercado, plantilla y fase exacta quedan vacios si no hay fuente real conectada."
20140630_Germany_vs_Algeria,2014-06-30,FIFA World Cup,unknown_stage_from_source,Germany,Algeria,2,1,1,,2013.215,1687.375,,,,,,,,0.662621,0.344583,Porto Alegre,Brazil,martj42/international_results,https://github.com/martj42/international_results,"Resultados oficiales publicos; Elo e historial usan solo partidos previos. Ranking FIFA, mercado, plantilla y fase exacta quedan vacios si no hay fuente real conectada."
20140701_Argentina_vs_Switzerland,2014-07-01,FIFA World Cup,unknown_stage_from_source,Argentina,Switzerland,1,0,1,,1944.613,1795.621,,,,,,,,0.692660,0.360285,São Paulo,Brazil,martj42/international_results,https://github.com/martj42/international_results,"Resultados oficiales publicos; Elo e historial usan solo partidos previos. Ranking FIFA, mercado, plantilla y fase exacta quedan vacios si no hay fuente real conectada."
20140701_Belgium_vs_United_States,2014-07-01,FIFA World Cup,unknown_stage_from_source,Belgium,United States,2,1,1,,1808.451,1854.662,,,,,,,,0.403758,0.291288,Salvador,Brazil,martj42/international_results,https://github.com/martj42/international_results,"Resultados oficiales publicos; Elo e historial usan solo partidos previos. Ranking FIFA, mercado, plantilla y fase exacta quedan vacios si no hay fuente real conectada."
20140704_Brazil_vs_Colombia,2014-07-04,FIFA World Cup,unknown_stage_from_source,Brazil,Colombia,2,1,0,,2008.894,1906.429,,,,,,,,0.691605,0.429639,Fortaleza,Brazil,martj42/international_results,https://github.com/martj42/international_results,"Resultados oficiales publicos; Elo e historial usan solo partidos previos. Ranking FIFA, mercado, plantilla y fase exacta quedan vacios si no hay fuente real conectada."
20140704_France_vs_Germany,2014-07-04,FIFA World Cup,unknown_stage_from_source,France,Germany,0,1,1,,1885.185,2018.796,,,,,,,,0.565519,0.664623,Rio de Janeiro,Brazil,martj42/international_results,https://github.com/martj42/international_results,"Resultados oficiales publicos; Elo e historial usan solo partidos previos. Ranking FIFA, mercado, plantilla y fase exacta quedan vacios si no hay fuente real conectada."
20140705_Argentina_vs_Belgium,2014-07-05,FIFA World Cup,unknown_stage_from_source,Argentina,Belgium,1,0,1,,1957.121,1832.228,,,,,,,,0.693705,0.414359,Brasília,Brazil,martj42/international_results,https://github.com/martj42/international_results,"Resultados oficiales publicos; Elo e historial usan solo partidos previos. Ranking FIFA, mercado, plantilla y fase exacta quedan vacios si no hay fuente real conectada."
20140705_Netherlands_vs_Costa_Rica,2014-07-05,FIFA World Cup,unknown_stage_from_source,Netherlands,Costa Rica,0,0,1,,1998.704,1781.466,,,,,,,,0.610183,0.375060,Salvador,Brazil,martj42/international_results,https://github.com/martj42/international_results,"Resultados oficiales publicos; Elo e historial usan solo partidos previos. Ranking FIFA, mercado, plantilla y fase exacta quedan vacios si no hay fuente real conectada."
20140708_Brazil_vs_Germany,2014-07-08,FIFA World Cup,unknown_stage_from_source,Brazil,Germany,1,7,0,,2023.874,2032.096,,,,,,,,0.692570,0.666599,Belo Horizonte,Brazil,martj42/international_results,https://github.com/martj42/international_results,"Resultados oficiales publicos; Elo e historial usan solo partidos previos. Ranking FIFA, mercado, plantilla y fase exacta quedan vacios si no hay fuente real conectada."
20140709_Netherlands_vs_Argentina,2014-07-09,FIFA World Cup,unknown_stage_from_source,Netherlands,Argentina,0,0,1,,1987.054,1970.882,,,,,,,,0.607209,0.694742,São Paulo,Brazil,martj42/international_results,https://github.com/martj42/international_results,"Resultados oficiales publicos; Elo e historial usan solo partidos previos. Ranking FIFA, mercado, plantilla y fase exacta quedan vacios si no hay fuente real conectada."
20140712_Brazil_vs_Netherlands,2014-07-12,FIFA World Cup,unknown_stage_from_source,Brazil,Netherlands,0,3,0,,1984.126,1986.077,,,,,,,,0.689386,0.604306,Brasília,Brazil,martj42/international_results,https://github.com/martj42/international_results,"Resultados oficiales publicos; Elo e historial usan solo partidos previos. Ranking FIFA, mercado, plantilla y fase exacta quedan vacios si no hay fuente real conectada."
20140713_Germany_vs_Argentina,2014-07-13,FIFA World Cup,unknown_stage_from_source,Germany,Argentina,1,0,1,,2071.845,1971.858,,,,,,,,0.670068,0.693432,Rio de Janeiro,Brazil,martj42/international_results,https://github.com/martj42/international_results,"Resultados oficiales publicos; Elo e historial usan solo partidos previos. Ranking FIFA, mercado, plantilla y fase exacta quedan vacios si no hay fuente real conectada."
20150611_Chile_vs_Ecuador,2015-06-11,Copa América,unknown_stage_from_source,Chile,Ecuador,2,0,0,,1861.677,1764.477,,,,,,,,0.401212,0.190248,Santiago,Chile,martj42/international_results,https://github.com/martj42/international_results,"Resultados oficiales publicos; Elo e historial usan solo partidos previos. Ranking FIFA, mercado, plantilla y fase exacta quedan vacios si no hay fuente real conectada."
20150612_Mexico_vs_Bolivia,2015-06-12,Copa América,unknown_stage_from_source,Mexico,Bolivia,0,0,1,,1827.860,1567.003,,,,,,,,0.417287,0.222658,Viña del Mar,Chile,martj42/international_results,https://github.com/martj42/international_results,"Resultados oficiales publicos; Elo e historial usan solo partidos previos. Ranking FIFA, mercado, plantilla y fase exacta quedan vacios si no hay fuente real conectada."
20150613_Argentina_vs_Paraguay,2015-06-13,Copa América,unknown_stage_from_source,Argentina,Paraguay,2,2,1,,1955.440,1675.852,,,,,,,,0.690879,0.447706,La Serena,Chile,martj42/international_results,https://github.com/martj42/international_results,"Resultados oficiales publicos; Elo e historial usan solo partidos previos. Ranking FIFA, mercado, plantilla y fase exacta quedan vacios si no hay fuente real conectada."
20150613_Uruguay_vs_Jamaica,2015-06-13,Copa América,unknown_stage_from_source,Uruguay,Jamaica,1,0,1,,1860.250,1611.572,,,,,,,,0.605415,0.273333,Antofagasta,Chile,martj42/international_results,https://github.com/martj42/international_results,"Resultados oficiales publicos; Elo e historial usan solo partidos previos. Ranking FIFA, mercado, plantilla y fase exacta quedan vacios si no hay fuente real conectada."
20150614_Brazil_vs_Peru,2015-06-14,Copa América,unknown_stage_from_source,Brazil,Peru,2,1,1,,1994.162,1664.523,,,,,,,,0.686715,0.422418,Temuco,Chile,martj42/international_results,https://github.com/martj42/international_results,"Resultados oficiales publicos; Elo e historial usan solo partidos previos. Ranking FIFA, mercado, plantilla y fase exacta quedan vacios si no hay fuente real conectada."
20150614_Colombia_vs_Venezuela,2015-06-14,Copa América,unknown_stage_from_source,Colombia,Venezuela,0,1,1,,1902.932,1682.610,,,,,,,,0.426460,0.109455,Rancagua,Chile,martj42/international_results,https://github.com/martj42/international_results,"Resultados oficiales publicos; Elo e historial usan solo partidos previos. Ranking FIFA, mercado, plantilla y fase exacta quedan vacios si no hay fuente real conectada."
20150615_Chile_vs_Mexico,2015-06-15,Copa América,unknown_stage_from_source,Chile,Mexico,3,3,0,,1877.747,1814.512,,,,,,,,0.404221,0.416719,Santiago,Chile,martj42/international_results,https://github.com/martj42/international_results,"Resultados oficiales publicos; Elo e historial usan solo partidos previos. Ranking FIFA, mercado, plantilla y fase exacta quedan vacios si no hay fuente real conectada."
20150615_Ecuador_vs_Bolivia,2015-06-15,Copa América,unknown_stage_from_source,Ecuador,Bolivia,2,3,1,,1748.407,1580.352,,,,,,,,0.188689,0.223914,Valparaíso,Chile,martj42/international_results,https://github.com/martj42/international_results,"Resultados oficiales publicos; Elo e historial usan solo partidos previos. Ranking FIFA, mercado, plantilla y fase exacta quedan vacios si no hay fuente real conectada."
20150616_Argentina_vs_Uruguay,2015-06-16,Copa América,unknown_stage_from_source,Argentina,Uruguay,1,0,1,,1941.440,1868.351,,,,,,,,0.689595,0.606860,La Serena,Chile,martj42/international_results,https://github.com/martj42/international_results,"Resultados oficiales publicos; Elo e historial usan solo partidos previos. Ranking FIFA, mercado, plantilla y fase exacta quedan vacios si no hay fuente real conectada."
20150616_Paraguay_vs_Jamaica,2015-06-16,Copa América,unknown_stage_from_source,Paraguay,Jamaica,1,0,1,,1689.852,1603.471,,,,,,,,0.447255,0.216250,Antofagasta,Chile,martj42/international_results,https://github.com/martj42/international_results,"Resultados oficiales publicos; Elo e historial usan solo partidos previos. Ranking FIFA, mercado, plantilla y fase exacta quedan vacios si no hay fuente real conectada."
20150617_Brazil_vs_Colombia,2015-06-17,Copa América,unknown_stage_from_source,Brazil,Colombia,0,1,1,,1999.638,1870.153,,,,,,,,0.687687,0.423333,Santiago,Chile,martj42/international_results,https://github.com/martj42/international_results,"Resultados oficiales publicos; Elo e historial usan solo partidos previos. Ranking FIFA, mercado, plantilla y fase exacta quedan vacios si no hay fuente real conectada."
20150618_Peru_vs_Venezuela,2015-06-18,Copa América,unknown_stage_from_source,Peru,Venezuela,1,0,1,,1659.047,1715.389,,,,,,,,0.419968,0.124554,Valparaíso,Chile,martj42/international_results,https://github.com/martj42/international_results,"Resultados oficiales publicos; Elo e historial usan solo partidos previos. Ranking FIFA, mercado, plantilla y fase exacta quedan vacios si no hay fuente real conectada."
20150619_Chile_vs_Bolivia,2015-06-19,Copa América,unknown_stage_from_source,Chile,Bolivia,5,0,0,,1873.967,1610.785,,,,,,,,0.404017,0.230383,Santiago,Chile,martj42/international_results,https://github.com/martj42/international_results,"Resultados oficiales publicos; Elo e historial usan solo partidos previos. Ranking FIFA, mercado, plantilla y fase exacta quedan vacios si no hay fuente real conectada."
20150619_Mexico_vs_Ecuador,2015-06-19,Copa América,unknown_stage_from_source,Mexico,Ecuador,1,2,1,,1818.292,1717.974,,,,,,,,0.416163,0.187520,Rancagua,Chile,martj42/international_results,https://github.com/martj42/international_results,"Resultados oficiales publicos; Elo e historial usan solo partidos previos. Ranking FIFA, mercado, plantilla y fase exacta quedan vacios si no hay fuente real conectada."
20150620_Argentina_vs_Jamaica,2015-06-20,Copa América,unknown_stage_from_source,Argentina,Jamaica,1,0,1,,1958.087,1587.587,,,,,,,,0.690632,0.182000,Viña del Mar,Chile,martj42/international_results,https://github.com/martj42/international_results,"Resultados oficiales publicos; Elo e historial usan solo partidos previos. Ranking FIFA, mercado, plantilla y fase exacta quedan vacios si no hay fuente real conectada."
20150620_Uruguay_vs_Paraguay,2015-06-20,Copa América,unknown_stage_from_source,Uruguay,Paraguay,1,1,1,,1851.704,1705.735,,,,,,,,0.604547,0.449956,La Serena,Chile,martj42/international_results,https://github.com/martj42/international_results,"Resultados oficiales publicos; Elo e historial usan solo partidos previos. Ranking FIFA, mercado, plantilla y fase exacta quedan vacios si no hay fuente real conectada."
20150621_Brazil_vs_Venezuela,2015-06-21,Copa América,unknown_stage_from_source,Brazil,Venezuela,2,1,1,,1971.155,1691.013,,,,,,,,0.685367,0.123158,Santiago,Chile,martj42/international_results,https://github.com/martj42/international_results,"Resultados oficiales publicos; Elo e historial usan solo partidos previos. Ranking FIFA, mercado, plantilla y fase exacta quedan vacios si no hay fuente real conectada."
20150621_Colombia_vs_Peru,2015-06-21,Copa América,unknown_stage_from_source,Colombia,Peru,0,0,1,,1898.636,1683.423,,,,,,,,0.427656,0.423419,Temuco,Chile,martj42/international_results,https://github.com/martj42/international_results,"Resultados oficiales publicos; Elo e historial usan solo partidos previos. Ranking FIFA, mercado, plantilla y fase exacta quedan vacios si no hay fuente real conectada."
20150624_Chile_vs_Uruguay,2015-06-24,Copa América,unknown_stage_from_source,Chile,Uruguay,1,0,0,,1886.078,1843.367,,,,,,,,0.407653,0.603559,Santiago,Chile,martj42/international_results,https://github.com/martj42/international_results,"Resultados oficiales publicos; Elo e historial usan solo partidos previos. Ranking FIFA, mercado, plantilla y fase exacta quedan vacios si no hay fuente real conectada."
20150625_Bolivia_vs_Peru,2015-06-25,Copa América,unknown_stage_from_source,Bolivia,Peru,1,3,1,,1598.673,1694.988,,,,,,,,0.227178,0.423034,Temuco,Chile,martj42/international_results,https://github.com/martj42/international_results,"Resultados oficiales publicos; Elo e historial usan solo partidos previos. Ranking FIFA, mercado, plantilla y fase exacta quedan vacios si no hay fuente real conectada."
20150626_Argentina_vs_Colombia,2015-06-26,Copa América,unknown_stage_from_source,Argentina,Colombia,0,0,1,,1962.537,1887.071,,,,,,,,0.691660,0.427137,Viña del Mar,Chile,martj42/international_results,https://github.com/martj42/international_results,"Resultados oficiales publicos; Elo e historial usan solo partidos previos. Ranking FIFA, mercado, plantilla y fase exacta quedan vacios si no hay fuente real conectada."
20150627_Brazil_vs_Paraguay,2015-06-27,Copa América,unknown_stage_from_source,Brazil,Paraguay,1,1,1,,1978.137,1714.073,,,,,,,,0.686337,0.449497,Concepción,Chile,martj42/international_results,https://github.com/martj42/international_results,"Resultados oficiales publicos; Elo e historial usan solo partidos previos. Ranking FIFA, mercado, plantilla y fase exacta quedan vacios si no hay fuente real conectada."
20150629_Chile_vs_Peru,2015-06-29,Copa América,unknown_stage_from_source,Chile,Peru,2,1,0,,1904.510,1711.116,,,,,,,,0.410363,0.426709,Santiago,Chile,martj42/international_results,https://github.com/martj42/international_results,"Resultados oficiales publicos; Elo e historial usan solo partidos previos. Ranking FIFA, mercado, plantilla y fase exacta quedan vacios si no hay fuente real conectada."
20150630_Argentina_vs_Paraguay,2015-06-30,Copa América,unknown_stage_from_source,Argentina,Paraguay,6,1,1,,1958.046,1727.536,,,,,,,,0.690388,0.449044,Concepción,Chile,martj42/international_results,https://github.com/martj42/international_results,"Resultados oficiales publicos; Elo e historial usan solo partidos previos. Ranking FIFA, mercado, plantilla y fase exacta quedan vacios si no hay fuente real conectada."
20150703_Peru_vs_Paraguay,2015-07-03,Copa América,unknown_stage_from_source,Peru,Paraguay,2,0,1,,1700.731,1713.254,,,,,,,,0.424293,0.445986,Concepción,Chile,martj42/international_results,https://github.com/martj42/international_results,"Resultados oficiales publicos; Elo e historial usan solo partidos previos. Ranking FIFA, mercado, plantilla y fase exacta quedan vacios si no hay fuente real conectada."
20150704_Chile_vs_Argentina,2015-07-04,Copa América,unknown_stage_from_source,Chile,Argentina,0,0,0,,1914.895,1972.328,,,,,,,,0.413046,0.692104,Santiago,Chile,martj42/international_results,https://github.com/martj42/international_results,"Resultados oficiales publicos; Elo e historial usan solo partidos previos. Ranking FIFA, mercado, plantilla y fase exacta quedan vacios si no hay fuente real conectada."
20160603_United_States_vs_Colombia,2016-06-03,Copa América,unknown_stage_from_source,United States,Colombia,0,2,0,,1807.112,1881.793,,,,,,,,0.285815,0.426627,Santa Clara,United States,martj42/international_results,https://github.com/martj42/international_results,"Resultados oficiales publicos; Elo e historial usan solo partidos previos. Ranking FIFA, mercado, plantilla y fase exacta quedan vacios si no hay fuente real conectada."
20160604_Brazil_vs_Ecuador,2016-06-04,Copa América,unknown_stage_from_source,Brazil,Ecuador,0,0,1,,1951.488,1789.512,,,,,,,,0.685179,0.193710,Pasadena,United States,martj42/international_results,https://github.com/martj42/international_results,"Resultados oficiales publicos; Elo e historial usan solo partidos previos. Ranking FIFA, mercado, plantilla y fase exacta quedan vacios si no hay fuente real conectada."
20160604_Costa_Rica_vs_Paraguay,2016-06-04,Copa América,unknown_stage_from_source,Costa Rica,Paraguay,0,0,1,,1782.727,1715.445,,,,,,,,0.374655,0.443663,Orlando,United States,martj42/international_results,https://github.com/martj42/international_results,"Resultados oficiales publicos; Elo e historial usan solo partidos previos. Ranking FIFA, mercado, plantilla y fase exacta quedan vacios si no hay fuente real conectada."
20160604_Haiti_vs_Peru,2016-06-04,Copa América,unknown_stage_from_source,Haiti,Peru,0,1,1,,1569.881,1714.491,,,,,,,,0.000000,0.427914,Seattle,United States,martj42/international_results,https://github.com/martj42/international_results,"Resultados oficiales publicos; Elo e historial usan solo partidos previos. Ranking FIFA, mercado, plantilla y fase exacta quedan vacios si no hay fuente real conectada."
20160605_Jamaica_vs_Venezuela,2016-06-05,Copa América,unknown_stage_from_source,Jamaica,Venezuela,0,1,1,,1603.149,1619.414,,,,,,,,0.159167,0.121810,Chicago,United States,martj42/international_results,https://github.com/martj42/international_results,"Resultados oficiales publicos; Elo e historial usan solo partidos previos. Ranking FIFA, mercado, plantilla y fase exacta quedan vacios si no hay fuente real conectada."
20160605_Mexico_vs_Uruguay,2016-06-05,Copa América,unknown_stage_from_source,Mexico,Uruguay,3,1,1,,1849.318,1877.753,,,,,,,,0.412337,0.601279,Glendale,United States,martj42/international_results,https://github.com/martj42/international_results,"Resultados oficiales publicos; Elo e historial usan solo partidos previos. Ranking FIFA, mercado, plantilla y fase exacta quedan vacios si no hay fuente real conectada."
20160606_Argentina_vs_Chile,2016-06-06,Copa América,unknown_stage_from_source,Argentina,Chile,2,1,1,,1965.567,1909.760,,,,,,,,0.690840,0.412802,Santa Clara,United States,martj42/international_results,https://github.com/martj42/international_results,"Resultados oficiales publicos; Elo e historial usan solo partidos previos. Ranking FIFA, mercado, plantilla y fase exacta quedan vacios si no hay fuente real conectada."
20160606_Panama_vs_Bolivia,2016-06-06,Copa América,unknown_stage_from_source,Panama,Bolivia,2,1,1,,1702.083,1569.143,,,,,,,,,0.225203,Orlando,United States,martj42/international_results,https://github.com/martj42/international_results,"Resultados oficiales publicos; Elo e historial usan solo partidos previos. Ranking FIFA, mercado, plantilla y fase exacta quedan vacios si no hay fuente real conectada."
20160607_Colombia_vs_Paraguay,2016-06-07,Copa América,unknown_stage_from_source,Colombia,Paraguay,2,1,1,,1899.383,1719.461,,,,,,,,0.431177,0.443247,Pasadena,United States,martj42/international_results,https://github.com/martj42/international_results,"Resultados oficiales publicos; Elo e historial usan solo partidos previos. Ranking FIFA, mercado, plantilla y fase exacta quedan vacios si no hay fuente real conectada."
20160607_United_States_vs_Costa_Rica,2016-06-07,Copa América,unknown_stage_from_source,United States,Costa Rica,4,0,0,,1789.522,1778.710,,,,,,,,0.279601,0.374278,Chicago,United States,martj42/international_results,https://github.com/martj42/international_results,"Resultados oficiales publicos; Elo e historial usan solo partidos previos. Ranking FIFA, mercado, plantilla y fase exacta quedan vacios si no hay fuente real conectada."
20160608_Brazil_vs_Haiti,2016-06-08,Copa América,unknown_stage_from_source,Brazil,Haiti,7,1,1,,1942.350,1557.150,,,,,,,,0.684030,0.000000,Orlando,United States,martj42/international_results,https://github.com/martj42/international_results,"Resultados oficiales publicos; Elo e historial usan solo partidos previos. Ranking FIFA, mercado, plantilla y fase exacta quedan vacios si no hay fuente real conectada."
20160608_Ecuador_vs_Peru,2016-06-08,Copa América,unknown_stage_from_source,Ecuador,Peru,2,2,1,,1798.649,1727.222,,,,,,,,0.195067,0.431208,Glendale,United States,martj42/international_results,https://github.com/martj42/international_results,"Resultados oficiales publicos; Elo e historial usan solo partidos previos. Ranking FIFA, mercado, plantilla y fase exacta quedan vacios si no hay fuente real conectada."
20160609_Mexico_vs_Jamaica,2016-06-09,Copa América,unknown_stage_from_source,Mexico,Jamaica,2,0,1,,1873.954,1583.132,,,,,,,,0.418333,0.142857,Pasadena,United States,martj42/international_results,https://github.com/martj42/international_results,"Resultados oficiales publicos; Elo e historial usan solo partidos previos. Ranking FIFA, mercado, plantilla y fase exacta quedan vacios si no hay fuente real conectada."
20160609_Uruguay_vs_Venezuela,2016-06-09,Copa América,unknown_stage_from_source,Uruguay,Venezuela,0,1,1,,1853.116,1639.431,,,,,,,,0.598835,0.135932,Philadelphia,United States,martj42/international_results,https://github.com/martj42/international_results,"Resultados oficiales publicos; Elo e historial usan solo partidos previos. Ranking FIFA, mercado, plantilla y fase exacta quedan vacios si no hay fuente real conectada."
20160610_Argentina_vs_Panama,2016-06-10,Copa América,unknown_stage_from_source,Argentina,Panama,5,0,1,,1983.222,1715.418,,,,,,,,0.691852,0.955000,Chicago,United States,martj42/international_results,https://github.com/martj42/international_results,"Resultados oficiales publicos; Elo e historial usan solo partidos previos. Ranking FIFA, mercado, plantilla y fase exacta quedan vacios si no hay fuente real conectada."
20160610_Chile_vs_Bolivia,2016-06-10,Copa América,unknown_stage_from_source,Chile,Bolivia,2,1,1,,1892.104,1555.808,,,,,,,,0.411008,0.223649,Foxborough,United States,martj42/international_results,https://github.com/martj42/international_results,"Resultados oficiales publicos; Elo e historial usan solo partidos previos. Ranking FIFA, mercado, plantilla y fase exacta quedan vacios si no hay fuente real conectada."
20160610_France_vs_Romania,2016-06-10,UEFA Euro,unknown_stage_from_source,France,Romania,2,1,0,,1897.437,1720.078,,,,,,,,0.559799,0.364853,Saint-Denis,France,martj42/international_results,https://github.com/martj42/international_results,"Resultados oficiales publicos; Elo e historial usan solo partidos previos. Ranking FIFA, mercado, plantilla y fase exacta quedan vacios si no hay fuente real conectada."
20160611_Albania_vs_Switzerland,2016-06-11,UEFA Euro,unknown_stage_from_source,Albania,Switzerland,0,1,1,,1586.971,1749.209,,,,,,,,,0.352778,Lens,France,martj42/international_results,https://github.com/martj42/international_results,"Resultados oficiales publicos; Elo e historial usan solo partidos previos. Ranking FIFA, mercado, plantilla y fase exacta quedan vacios si no hay fuente real conectada."
20160611_Colombia_vs_Costa_Rica,2016-06-11,Copa América,unknown_stage_from_source,Colombia,Costa Rica,2,3,1,,1910.386,1746.124,,,,,,,,0.435302,0.359301,Houston,United States,martj42/international_results,https://github.com/martj42/international_results,"Resultados oficiales publicos; Elo e historial usan solo partidos previos. Ranking FIFA, mercado, plantilla y fase exacta quedan vacios si no hay fuente real conectada."
20160611_England_vs_Russia,2016-06-11,UEFA Euro,unknown_stage_from_source,England,Russia,1,1,1,,1903.041,1739.337,,,,,,,,0.515693,0.494667,Marseille,France,martj42/international_results,https://github.com/martj42/international_results,"Resultados oficiales publicos; Elo e historial usan solo partidos previos. Ranking FIFA, mercado, plantilla y fase exacta quedan vacios si no hay fuente real conectada."
20160611_United_States_vs_Paraguay,2016-06-11,Copa América,unknown_stage_from_source,United States,Paraguay,1,0,0,,1822.109,1708.458,,,,,,,,0.296844,0.441194,Philadelphia,United States,martj42/international_results,https://github.com/martj42/international_results,"Resultados oficiales publicos; Elo e historial usan solo partidos previos. Ranking FIFA, mercado, plantilla y fase exacta quedan vacios si no hay fuente real conectada."
20160611_Wales_vs_Slovakia,2016-06-11,UEFA Euro,unknown_stage_from_source,Wales,Slovakia,2,1,1,,1620.394,1694.198,,,,,,,,0.418000,0.340833,Bordeaux,France,martj42/international_results,https://github.com/martj42/international_results,"Resultados oficiales publicos; Elo e historial usan solo partidos previos. Ranking FIFA, mercado, plantilla y fase exacta quedan vacios si no hay fuente real conectada."
20160612_Brazil_vs_Peru,2016-06-12,Copa América,unknown_stage_from_source,Brazil,Peru,0,1,1,,1949.180,1731.480,,,,,,,,0.685795,0.430787,Foxborough,United States,martj42/international_results,https://github.com/martj42/international_results,"Resultados oficiales publicos; Elo e historial usan solo partidos previos. Ranking FIFA, mercado, plantilla y fase exacta quedan vacios si no hay fuente real conectada."
20160612_Ecuador_vs_Haiti,2016-06-12,Copa América,unknown_stage_from_source,Ecuador,Haiti,4,0,1,,1794.392,1550.320,,,,,,,,0.196402,0.000000,East Rutherford,United States,martj42/international_results,https://github.com/martj42/international_results,"Resultados oficiales publicos; Elo e historial usan solo partidos previos. Ranking FIFA, mercado, plantilla y fase exacta quedan vacios si no hay fuente real conectada."
20160612_Germany_vs_Ukraine,2016-06-12,UEFA Euro,unknown_stage_from_source,Germany,Ukraine,2,0,1,,2002.374,1772.834,,,,,,,,0.671980,0.409167,Villeneuve-d'Ascq,France,martj42/international_results,https://github.com/martj42/international_results,"Resultados oficiales publicos; Elo e historial usan solo partidos previos. Ranking FIFA, mercado, plantilla y fase exacta quedan vacios si no hay fuente real conectada."
20160612_Poland_vs_Northern_Ireland,2016-06-12,UEFA Euro,unknown_stage_from_source,Poland,Northern Ireland,1,0,1,,1754.222,1572.512,,,,,,,,0.481532,0.349744,Nice,France,martj42/international_results,https://github.com/martj42/international_results,"Resultados oficiales publicos; Elo e historial usan solo partidos previos. Ranking FIFA, mercado, plantilla y fase exacta quedan vacios si no hay fuente real conectada."
20160612_Turkey_vs_Croatia,2016-06-12,UEFA Euro,unknown_stage_from_source,Turkey,Croatia,0,1,1,,1755.123,1792.610,,,,,,,,0.417273,0.509000,Paris,France,martj42/international_results,https://github.com/martj42/international_results,"Resultados oficiales publicos; Elo e historial usan solo partidos previos. Ranking FIFA, mercado, plantilla y fase exacta quedan vacios si no hay fuente real conectada."
20160613_Belgium_vs_Italy,2016-06-13,UEFA Euro,unknown_stage_from_source,Belgium,Italy,0,2,1,,1832.830,1840.569,,,,,,,,0.407390,0.607716,Lyon,France,martj42/international_results,https://github.com/martj42/international_results,"Resultados oficiales publicos; Elo e historial usan solo partidos previos. Ranking FIFA, mercado, plantilla y fase exacta quedan vacios si no hay fuente real conectada."
20160613_Republic_of_Ireland_vs_Sweden,2016-06-13,UEFA Euro,unknown_stage_from_source,Republic of Ireland,Sweden,1,1,1,,1753.059,1734.776,,,,,,,,0.330000,0.447143,Saint-Denis,France,martj42/international_results,https://github.com/martj42/international_results,"Resultados oficiales publicos; Elo e historial usan solo partidos previos. Ranking FIFA, mercado, plantilla y fase exacta quedan vacios si no hay fuente real conectada."
20160613_Mexico_vs_Venezuela,2016-06-13,Copa América,unknown_stage_from_source,Mexico,Venezuela,1,1,1,,1880.389,1671.932,,,,,,,,0.424209,0.149583,Houston,United States,martj42/international_results,https://github.com/martj42/international_results,"Resultados oficiales publicos; Elo e historial usan solo partidos previos. Ranking FIFA, mercado, plantilla y fase exacta quedan vacios si no hay fuente real conectada."
20160613_Spain_vs_Czech_Republic,2016-06-13,UEFA Euro,unknown_stage_from_source,Spain,Czech Republic,1,0,1,,1963.534,1728.670,,,,,,,,0.574070,0.486736,Toulouse,France,martj42/international_results,https://github.com/martj42/international_results,"Resultados oficiales publicos; Elo e historial usan solo partidos previos. Ranking FIFA, mercado, plantilla y fase exacta quedan vacios si no hay fuente real conectada."
20160613_Uruguay_vs_Jamaica,2016-06-13,Copa América,unknown_stage_from_source,Uruguay,Jamaica,3,0,1,,1820.616,1576.697,,,,,,,,0.596592,0.125000,Santa Clara,United States,martj42/international_results,https://github.com/martj42/international_results,"Resultados oficiales publicos; Elo e historial usan solo partidos previos. Ranking FIFA, mercado, plantilla y fase exacta quedan vacios si no hay fuente real conectada."
20160614_Argentina_vs_Bolivia,2016-06-14,Copa América,unknown_stage_from_source,Argentina,Bolivia,3,0,1,,1995.050,1550.512,,,,,,,,0.693543,0.222123,Seattle,United States,martj42/international_results,https://github.com/martj42/international_results,"Resultados oficiales publicos; Elo e historial usan solo partidos previos. Ranking FIFA, mercado, plantilla y fase exacta quedan vacios si no hay fuente real conectada."
20160614_Austria_vs_Hungary,2016-06-14,UEFA Euro,unknown_stage_from_source,Austria,Hungary,0,2,1,,1728.861,1671.033,,,,,,,,0.431771,0.513472,Bordeaux,France,martj42/international_results,https://github.com/martj42/international_results,"Resultados oficiales publicos; Elo e historial usan solo partidos previos. Ranking FIFA, mercado, plantilla y fase exacta quedan vacios si no hay fuente real conectada."
20160614_Chile_vs_Panama,2016-06-14,Copa América,unknown_stage_from_source,Chile,Panama,4,2,1,,1897.400,1703.590,,,,,,,,0.413649,0.410000,Philadelphia,United States,martj42/international_results,https://github.com/martj42/international_results,"Resultados oficiales publicos; Elo e historial usan solo partidos previos. Ranking FIFA, mercado, plantilla y fase exacta quedan vacios si no hay fuente real conectada."
20160614_Portugal_vs_Iceland,2016-06-14,UEFA Euro,unknown_stage_from_source,Portugal,Iceland,1,1,1,,1873.284,1599.173,,,,,,,,0.584074,,Saint-Étienne,France,martj42/international_results,https://github.com/martj42/international_results,"Resultados oficiales publicos; Elo e historial usan solo partidos previos. Ranking FIFA, mercado, plantilla y fase exacta quedan vacios si no hay fuente real conectada."
20160615_France_vs_Albania,2016-06-15,UEFA Euro,unknown_stage_from_source,France,Albania,2,0,0,,1908.561,1575.121,,,,,,,,0.564094,0.045000,Marseille,France,martj42/international_results,https://github.com/martj42/international_results,"Resultados oficiales publicos; Elo e historial usan solo partidos previos. Ranking FIFA, mercado, plantilla y fase exacta quedan vacios si no hay fuente real conectada."
20160615_Romania_vs_Switzerland,2016-06-15,UEFA Euro,unknown_stage_from_source,Romania,Switzerland,1,1,1,,1708.955,1761.059,,,,,,,,0.355714,0.366783,Paris,France,martj42/international_results,https://github.com/martj42/international_results,"Resultados oficiales publicos; Elo e historial usan solo partidos previos. Ranking FIFA, mercado, plantilla y fase exacta quedan vacios si no hay fuente real conectada."
20160615_Russia_vs_Slovakia,2016-06-15,UEFA Euro,unknown_stage_from_source,Russia,Slovakia,1,2,1,,1748.559,1668.803,,,,,,,,0.492817,0.281667,Villeneuve-d'Ascq,France,martj42/international_results,https://github.com/martj42/international_results,"Resultados oficiales publicos; Elo e historial usan solo partidos previos. Ranking FIFA, mercado, plantilla y fase exacta quedan vacios si no hay fuente real conectada."
20160616_England_vs_Wales,2016-06-16,UEFA Euro,unknown_stage_from_source,England,Wales,2,1,1,,1893.819,1645.789,,,,,,,,0.514000,0.507500,Lens,France,martj42/international_results,https://github.com/martj42/international_results,"Resultados oficiales publicos; Elo e historial usan solo partidos previos. Ranking FIFA, mercado, plantilla y fase exacta quedan vacios si no hay fuente real conectada."
20160616_Germany_vs_Poland,2016-06-16,UEFA Euro,unknown_stage_from_source,Germany,Poland,0,0,1,,2011.173,1765.142,,,,,,,,0.674167,0.493991,Saint-Denis,France,martj42/international_results,https://github.com/martj42/international_results,"Resultados oficiales publicos; Elo e historial usan solo partidos previos. Ranking FIFA, mercado, plantilla y fase exacta quedan vacios si no hay fuente real conectada."
20160616_Ukraine_vs_Northern_Ireland,2016-06-16,UEFA Euro,unknown_stage_from_source,Ukraine,Northern Ireland,0,2,1,,1764.035,1561.592,,,,,,,,0.363704,0.327976,Lyon,France,martj42/international_results,https://github.com/martj42/international_results,"Resultados oficiales publicos; Elo e historial usan solo partidos previos. Ranking FIFA, mercado, plantilla y fase exacta quedan vacios si no hay fuente real conectada."
20160616_United_States_vs_Ecuador,2016-06-16,Copa América,unknown_stage_from_source,United States,Ecuador,2,1,0,,1836.475,1806.380,,,,,,,,0.310556,0.203438,Seattle,United States,martj42/international_results,https://github.com/martj42/international_results,"Resultados oficiales publicos; Elo e historial usan solo partidos previos. Ranking FIFA, mercado, plantilla y fase exacta quedan vacios si no hay fuente real conectada."
20160617_Czech_Republic_vs_Croatia,2016-06-17,UEFA Euro,unknown_stage_from_source,Czech Republic,Croatia,2,2,1,,1720.037,1811.353,,,,,,,,0.469067,0.523387,Saint-Étienne,France,martj42/international_results,https://github.com/martj42/international_results,"Resultados oficiales publicos; Elo e historial usan solo partidos previos. Ranking FIFA, mercado, plantilla y fase exacta quedan vacios si no hay fuente real conectada."
20160617_Italy_vs_Sweden,2016-06-17,UEFA Euro,unknown_stage_from_source,Italy,Sweden,1,0,1,,1863.047,1735.880,,,,,,,,0.611068,0.445833,Toulouse,France,martj42/international_results,https://github.com/martj42/international_results,"Resultados oficiales publicos; Elo e historial usan solo partidos previos. Ranking FIFA, mercado, plantilla y fase exacta quedan vacios si no hay fuente real conectada."
20160617_Peru_vs_Colombia,2016-06-17,Copa América,unknown_stage_from_source,Peru,Colombia,0,0,1,,1764.149,1880.136,,,,,,,,0.434023,0.432253,East Rutherford,United States,martj42/international_results,https://github.com/martj42/international_results,"Resultados oficiales publicos; Elo e historial usan solo partidos previos. Ranking FIFA, mercado, plantilla y fase exacta quedan vacios si no hay fuente real conectada."
20160617_Spain_vs_Turkey,2016-06-17,UEFA Euro,unknown_stage_from_source,Spain,Turkey,3,0,1,,1972.167,1736.380,,,,,,,,0.578038,0.401087,Nice,France,martj42/international_results,https://github.com/martj42/international_results,"Resultados oficiales publicos; Elo e historial usan solo partidos previos. Ranking FIFA, mercado, plantilla y fase exacta quedan vacios si no hay fuente real conectada."
20160618_Argentina_vs_Venezuela,2016-06-18,Copa América,unknown_stage_from_source,Argentina,Venezuela,4,1,1,,1998.529,1683.210,,,,,,,,0.694880,0.153087,Foxborough,United States,martj42/international_results,https://github.com/martj42/international_results,"Resultados oficiales publicos; Elo e historial usan solo partidos previos. Ranking FIFA, mercado, plantilla y fase exacta quedan vacios si no hay fuente real conectada."
20160618_Belgium_vs_Republic_of_Ireland,2016-06-18,UEFA Euro,unknown_stage_from_source,Belgium,Republic of Ireland,3,0,1,,1810.352,1751.955,,,,,,,,0.399846,0.331667,Bordeaux,France,martj42/international_results,https://github.com/martj42/international_results,"Resultados oficiales publicos; Elo e historial usan solo partidos previos. Ranking FIFA, mercado, plantilla y fase exacta quedan vacios si no hay fuente real conectada."
20160618_Iceland_vs_Hungary,2016-06-18,UEFA Euro,unknown_stage_from_source,Iceland,Hungary,1,1,1,,1612.987,1697.220,,,,,,,,0.363333,0.526622,Marseille,France,martj42/international_results,https://github.com/martj42/international_results,"Resultados oficiales publicos; Elo e historial usan solo partidos previos. Ranking FIFA, mercado, plantilla y fase exacta quedan vacios si no hay fuente real conectada."
20160618_Mexico_vs_Chile,2016-06-18,Copa América,unknown_stage_from_source,Mexico,Chile,0,7,1,,1869.111,1907.867,,,,,,,,0.423600,0.416481,Santa Clara,United States,martj42/international_results,https://github.com/martj42/international_results,"Resultados oficiales publicos; Elo e historial usan solo partidos previos. Ranking FIFA, mercado, plantilla y fase exacta quedan vacios si no hay fuente real conectada."
20160618_Portugal_vs_Austria,2016-06-18,UEFA Euro,unknown_stage_from_source,Portugal,Austria,0,0,1,,1859.470,1702.674,,,,,,,,0.580061,0.418687,Lyon,France,martj42/international_results,https://github.com/martj42/international_results,"Resultados oficiales publicos; Elo e historial usan solo partidos previos. Ranking FIFA, mercado, plantilla y fase exacta quedan vacios si no hay fuente real conectada."
20160619_France_vs_Switzerland,2016-06-19,UEFA Euro,unknown_stage_from_source,France,Switzerland,0,0,0,,1913.686,1757.933,,,,,,,,0.568781,0.366705,Villeneuve-d'Ascq,France,martj42/international_results,https://github.com/martj42/international_results,"Resultados oficiales publicos; Elo e historial usan solo partidos previos. Ranking FIFA, mercado, plantilla y fase exacta quedan vacios si no hay fuente real conectada."
20160619_Romania_vs_Albania,2016-06-19,UEFA Euro,unknown_stage_from_source,Romania,Albania,0,1,1,,1712.081,1569.995,,,,,,,,0.355926,0.022500,Lyon,France,martj42/international_results,https://github.com/martj42/international_results,"Resultados oficiales publicos; Elo e historial usan solo partidos previos. Ranking FIFA, mercado, plantilla y fase exacta quedan vacios si no hay fuente real conectada."
20160620_Russia_vs_Wales,2016-06-20,UEFA Euro,unknown_stage_from_source,Russia,Wales,0,3,1,,1722.821,1637.664,,,,,,,,0.486597,0.441429,Toulouse,France,martj42/international_results,https://github.com/martj42/international_results,"Resultados oficiales publicos; Elo e historial usan solo partidos previos. Ranking FIFA, mercado, plantilla y fase exacta quedan vacios si no hay fuente real conectada."
20160620_Slovakia_vs_England,2016-06-20,UEFA Euro,unknown_stage_from_source,Slovakia,England,0,0,1,,1694.540,1901.944,,,,,,,,0.393889,0.518846,Saint-Étienne,France,martj42/international_results,https://github.com/martj42/international_results,"Resultados oficiales publicos; Elo e historial usan solo partidos previos. Ranking FIFA, mercado, plantilla y fase exacta quedan vacios si no hay fuente real conectada."
20160621_Croatia_vs_Spain,2016-06-21,UEFA Euro,unknown_stage_from_source,Croatia,Spain,2,1,1,,1805.958,1982.931,,,,,,,,0.518385,0.582852,Bordeaux,France,martj42/international_results,https://github.com/martj42/international_results,"Resultados oficiales publicos; Elo e historial usan solo partidos previos. Ranking FIFA, mercado, plantilla y fase exacta quedan vacios si no hay fuente real conectada."
20160621_Czech_Republic_vs_Turkey,2016-06-21,UEFA Euro,unknown_stage_from_source,Czech Republic,Turkey,0,2,1,,1725.433,1725.616,,,,,,,,0.465000,0.382500,Lens,France,martj42/international_results,https://github.com/martj42/international_results,"Resultados oficiales publicos; Elo e historial usan solo partidos previos. Ranking FIFA, mercado, plantilla y fase exacta quedan vacios si no hay fuente real conectada."
20160621_Northern_Ireland_vs_Germany,2016-06-21,UEFA Euro,unknown_stage_from_source,Northern Ireland,Germany,0,1,1,,1593.802,1998.373,,,,,,,,0.372778,0.672108,Paris,France,martj42/international_results,https://github.com/martj42/international_results,"Resultados oficiales publicos; Elo e historial usan solo partidos previos. Ranking FIFA, mercado, plantilla y fase exacta quedan vacios si no hay fuente real conectada."
20160621_Ukraine_vs_Poland,2016-06-21,UEFA Euro,unknown_stage_from_source,Ukraine,Poland,0,1,1,,1731.825,1777.941,,,,,,,,0.327333,0.490641,Marseille,France,martj42/international_results,https://github.com/martj42/international_results,"Resultados oficiales publicos; Elo e historial usan solo partidos previos. Ranking FIFA, mercado, plantilla y fase exacta quedan vacios si no hay fuente real conectada."
20160621_United_States_vs_Argentina,2016-06-21,Copa América,unknown_stage_from_source,United States,Argentina,0,4,0,,1855.660,2005.660,,,,,,,,0.323707,0.696206,Houston,United States,martj42/international_results,https://github.com/martj42/international_results,"Resultados oficiales publicos; Elo e historial usan solo partidos previos. Ranking FIFA, mercado, plantilla y fase exacta quedan vacios si no hay fuente real conectada."
20160622_Colombia_vs_Chile,2016-06-22,Copa América,unknown_stage_from_source,Colombia,Chile,0,2,1,,1873.375,1946.012,,,,,,,,0.431718,0.420369,Chicago,United States,martj42/international_results,https://github.com/martj42/international_results,"Resultados oficiales publicos; Elo e historial usan solo partidos previos. Ranking FIFA, mercado, plantilla y fase exacta quedan vacios si no hay fuente real conectada."
20160622_Hungary_vs_Portugal,2016-06-22,UEFA Euro,unknown_stage_from_source,Hungary,Portugal,3,3,1,,1692.227,1850.588,,,,,,,,0.522325,0.576190,Lyon,France,martj42/international_results,https://github.com/martj42/international_results,"Resultados oficiales publicos; Elo e historial usan solo partidos previos. Ranking FIFA, mercado, plantilla y fase exacta quedan vacios si no hay fuente real conectada."
20160622_Iceland_vs_Austria,2016-06-22,UEFA Euro,unknown_stage_from_source,Iceland,Austria,2,1,1,,1617.981,1711.556,,,,,,,,0.363333,0.417059,Saint-Denis,France,martj42/international_results,https://github.com/martj42/international_results,"Resultados oficiales publicos; Elo e historial usan solo partidos previos. Ranking FIFA, mercado, plantilla y fase exacta quedan vacios si no hay fuente real conectada."
20160622_Italy_vs_Republic_of_Ireland,2016-06-22,UEFA Euro,unknown_stage_from_source,Italy,Republic of Ireland,0,1,1,,1876.687,1728.318,,,,,,,,0.613983,0.313730,Villeneuve-d'Ascq,France,martj42/international_results,https://github.com/martj42/international_results,"Resultados oficiales publicos; Elo e historial usan solo partidos previos. Ranking FIFA, mercado, plantilla y fase exacta quedan vacios si no hay fuente real conectada."
20160622_Sweden_vs_Belgium,2016-06-22,UEFA Euro,unknown_stage_from_source,Sweden,Belgium,0,1,1,,1722.241,1833.989,,,,,,,,0.439667,0.411576,Nice,France,martj42/international_results,https://github.com/martj42/international_results,"Resultados oficiales publicos; Elo e historial usan solo partidos previos. Ranking FIFA, mercado, plantilla y fase exacta quedan vacios si no hay fuente real conectada."
20160625_Croatia_vs_Portugal,2016-06-25,UEFA Euro,unknown_stage_from_source,Croatia,Portugal,0,1,1,,1836.816,1841.628,,,,,,,,0.531616,0.572456,Lens,France,martj42/international_results,https://github.com/martj42/international_results,"Resultados oficiales publicos; Elo e historial usan solo partidos previos. Ranking FIFA, mercado, plantilla y fase exacta quedan vacios si no hay fuente real conectada."
20160625_Switzerland_vs_Poland,2016-06-25,UEFA Euro,unknown_stage_from_source,Switzerland,Poland,1,1,1,,1766.763,1796.170,,,,,,,,0.366630,0.502250,Saint-Étienne,France,martj42/international_results,https://github.com/martj42/international_results,"Resultados oficiales publicos; Elo e historial usan solo partidos previos. Ranking FIFA, mercado, plantilla y fase exacta quedan vacios si no hay fuente real conectada."
20160625_United_States_vs_Colombia,2016-06-25,Copa América,unknown_stage_from_source,United States,Colombia,0,1,0,,1836.890,1855.644,,,,,,,,0.315433,0.428397,Glendale,United States,martj42/international_results,https://github.com/martj42/international_results,"Resultados oficiales publicos; Elo e historial usan solo partidos previos. Ranking FIFA, mercado, plantilla y fase exacta quedan vacios si no hay fuente real conectada."
20160625_Wales_vs_Northern_Ireland,2016-06-25,UEFA Euro,unknown_stage_from_source,Wales,Northern Ireland,1,0,1,,1672.427,1590.074,,,,,,,,0.516875,0.352292,Paris,France,martj42/international_results,https://github.com/martj42/international_results,"Resultados oficiales publicos; Elo e historial usan solo partidos previos. Ranking FIFA, mercado, plantilla y fase exacta quedan vacios si no hay fuente real conectada."
20160626_Argentina_vs_Chile,2016-06-26,Copa América,unknown_stage_from_source,Argentina,Chile,0,0,1,,2024.430,1963.743,,,,,,,,0.697692,0.423142,East Rutherford,United States,martj42/international_results,https://github.com/martj42/international_results,"Resultados oficiales publicos; Elo e historial usan solo partidos previos. Ranking FIFA, mercado, plantilla y fase exacta quedan vacios si no hay fuente real conectada."
20160626_France_vs_Republic_of_Ireland,2016-06-26,UEFA Euro,unknown_stage_from_source,France,Republic of Ireland,2,1,0,,1904.856,1757.778,,,,,,,,0.566596,0.342879,Lyon,France,martj42/international_results,https://github.com/martj42/international_results,"Resultados oficiales publicos; Elo e historial usan solo partidos previos. Ranking FIFA, mercado, plantilla y fase exacta quedan vacios si no hay fuente real conectada."
20160626_Germany_vs_Slovakia,2016-06-26,UEFA Euro,unknown_stage_from_source,Germany,Slovakia,3,0,1,,2002.101,1705.773,,,,,,,,0.673969,0.389524,Villeneuve-d'Ascq,France,martj42/international_results,https://github.com/martj42/international_results,"Resultados oficiales publicos; Elo e historial usan solo partidos previos. Ranking FIFA, mercado, plantilla y fase exacta quedan vacios si no hay fuente real conectada."
20160626_Hungary_vs_Belgium,2016-06-26,UEFA Euro,unknown_stage_from_source,Hungary,Belgium,0,4,1,,1701.186,1848.459,,,,,,,,0.518248,0.421280,Toulouse,France,martj42/international_results,https://github.com/martj42/international_results,"Resultados oficiales publicos; Elo e historial usan solo partidos previos. Ranking FIFA, mercado, plantilla y fase exacta quedan vacios si no hay fuente real conectada."
20160627_England_vs_Iceland,2016-06-27,UEFA Euro,unknown_stage_from_source,England,Iceland,1,2,1,,1890.711,1644.504,,,,,,,,0.517156,0.560556,Nice,France,martj42/international_results,https://github.com/martj42/international_results,"Resultados oficiales publicos; Elo e historial usan solo partidos previos. Ranking FIFA, mercado, plantilla y fase exacta quedan vacios si no hay fuente real conectada."
20160627_Italy_vs_Spain,2016-06-27,UEFA Euro,unknown_stage_from_source,Italy,Spain,2,0,1,,1847.227,1952.072,,,,,,,,0.609202,0.577364,Saint-Denis,France,martj42/international_results,https://github.com/martj42/international_results,"Resultados oficiales publicos; Elo e historial usan solo partidos previos. Ranking FIFA, mercado, plantilla y fase exacta quedan vacios si no hay fuente real conectada."
20160630_Poland_vs_Portugal,2016-06-30,UEFA Euro,unknown_stage_from_source,Poland,Portugal,1,1,1,,1794.397,1862.337,,,,,,,,0.498862,0.579052,Marseille,France,martj42/international_results,https://github.com/martj42/international_results,"Resultados oficiales publicos; Elo e historial usan solo partidos previos. Ranking FIFA, mercado, plantilla y fase exacta quedan vacios si no hay fuente real conectada."
20160701_Wales_vs_Belgium,2016-07-01,UEFA Euro,unknown_stage_from_source,Wales,Belgium,3,1,1,,1688.540,1867.459,,,,,,,,0.565556,0.433012,Villeneuve-d'Ascq,France,martj42/international_results,https://github.com/martj42/international_results,"Resultados oficiales publicos; Elo e historial usan solo partidos previos. Ranking FIFA, mercado, plantilla y fase exacta quedan vacios si no hay fuente real conectada."
20160702_Germany_vs_Italy,2016-07-02,UEFA Euro,unknown_stage_from_source,Germany,Italy,1,1,1,,2009.988,1875.699,,,,,,,,0.676394,0.612458,Bordeaux,France,martj42/international_results,https://github.com/martj42/international_results,"Resultados oficiales publicos; Elo e historial usan solo partidos previos. Ranking FIFA, mercado, plantilla y fase exacta quedan vacios si no hay fuente real conectada."
20160703_France_vs_Iceland,2016-07-03,UEFA Euro,unknown_stage_from_source,France,Iceland,5,2,0,,1917.462,1678.310,,,,,,,,0.570684,0.659167,Saint-Denis,France,martj42/international_results,https://github.com/martj42/international_results,"Resultados oficiales publicos; Elo e historial usan solo partidos previos. Ranking FIFA, mercado, plantilla y fase exacta quedan vacios si no hay fuente real conectada."
20160706_Portugal_vs_Wales,2016-07-06,UEFA Euro,unknown_stage_from_source,Portugal,Wales,2,0,1,,1858.282,1719.985,,,,,,,,0.575395,0.609000,Lyon,France,martj42/international_results,https://github.com/martj42/international_results,"Resultados oficiales publicos; Elo e historial usan solo partidos previos. Ranking FIFA, mercado, plantilla y fase exacta quedan vacios si no hay fuente real conectada."
20160707_France_vs_Germany,2016-07-07,UEFA Euro,unknown_stage_from_source,France,Germany,2,0,0,,1928.046,2002.253,,,,,,,,0.575625,0.674361,Marseille,France,martj42/international_results,https://github.com/martj42/international_results,"Resultados oficiales publicos; Elo e historial usan solo partidos previos. Ranking FIFA, mercado, plantilla y fase exacta quedan vacios si no hay fuente real conectada."
20160710_France_vs_Portugal,2016-07-10,UEFA Euro,unknown_stage_from_source,France,Portugal,0,1,0,,1955.060,1871.777,,,,,,,,0.580000,0.582472,Saint-Denis,France,martj42/international_results,https://github.com/martj42/international_results,"Resultados oficiales publicos; Elo e historial usan solo partidos previos. Ranking FIFA, mercado, plantilla y fase exacta quedan vacios si no hay fuente real conectada."
20180614_Russia_vs_Saudi_Arabia,2018-06-14,FIFA World Cup,unknown_stage_from_source,Russia,Saudi Arabia,5,0,0,,1699.623,1688.248,,,,,,,,0.479315,0.178590,Moscow,Russia,martj42/international_results,https://github.com/martj42/international_results,"Resultados oficiales publicos; Elo e historial usan solo partidos previos. Ranking FIFA, mercado, plantilla y fase exacta quedan vacios si no hay fuente real conectada."
20180615_Egypt_vs_Uruguay,2018-06-15,FIFA World Cup,unknown_stage_from_source,Egypt,Uruguay,0,1,1,,1705.795,1830.951,,,,,,,,0.192917,0.598401,Ekaterinburg,Russia,martj42/international_results,https://github.com/martj42/international_results,"Resultados oficiales publicos; Elo e historial usan solo partidos previos. Ranking FIFA, mercado, plantilla y fase exacta quedan vacios si no hay fuente real conectada."
20180615_Morocco_vs_Iran,2018-06-15,FIFA World Cup,unknown_stage_from_source,Morocco,Iran,0,1,1,,1731.142,1829.615,,,,,,,,0.279487,0.170417,Saint Petersburg,Russia,martj42/international_results,https://github.com/martj42/international_results,"Resultados oficiales publicos; Elo e historial usan solo partidos previos. Ranking FIFA, mercado, plantilla y fase exacta quedan vacios si no hay fuente real conectada."
20180615_Portugal_vs_Spain,2018-06-15,FIFA World Cup,unknown_stage_from_source,Portugal,Spain,3,3,1,,1921.644,1981.416,,,,,,,,0.588579,0.571532,Sochi,Russia,martj42/international_results,https://github.com/martj42/international_results,"Resultados oficiales publicos; Elo e historial usan solo partidos previos. Ranking FIFA, mercado, plantilla y fase exacta quedan vacios si no hay fuente real conectada."
20180616_France_vs_Australia,2018-06-16,FIFA World Cup,unknown_stage_from_source,France,Australia,2,1,1,,1937.559,1788.462,,,,,,,,0.574541,0.227308,Kazan,Russia,martj42/international_results,https://github.com/martj42/international_results,"Resultados oficiales publicos; Elo e historial usan solo partidos previos. Ranking FIFA, mercado, plantilla y fase exacta quedan vacios si no hay fuente real conectada."
20180616_Argentina_vs_Iceland,2018-06-16,FIFA World Cup,unknown_stage_from_source,Argentina,Iceland,1,1,1,,1949.277,1724.967,,,,,,,,0.696435,0.518333,Moscow,Russia,martj42/international_results,https://github.com/martj42/international_results,"Resultados oficiales publicos; Elo e historial usan solo partidos previos. Ranking FIFA, mercado, plantilla y fase exacta quedan vacios si no hay fuente real conectada."
20180616_Peru_vs_Denmark,2018-06-16,FIFA World Cup,unknown_stage_from_source,Peru,Denmark,0,1,1,,1861.081,1778.060,,,,,,,,0.433589,0.416434,Saransk,Russia,martj42/international_results,https://github.com/martj42/international_results,"Resultados oficiales publicos; Elo e historial usan solo partidos previos. Ranking FIFA, mercado, plantilla y fase exacta quedan vacios si no hay fuente real conectada."
20180616_Croatia_vs_Nigeria,2018-06-16,FIFA World Cup,unknown_stage_from_source,Croatia,Nigeria,2,0,1,,1819.077,1692.002,,,,,,,,0.517304,0.348333,Kaliningrad,Russia,martj42/international_results,https://github.com/martj42/international_results,"Resultados oficiales publicos; Elo e historial usan solo partidos previos. Ranking FIFA, mercado, plantilla y fase exacta quedan vacios si no hay fuente real conectada."
20180617_Costa_Rica_vs_Serbia,2018-06-17,FIFA World Cup,unknown_stage_from_source,Costa Rica,Serbia,0,1,1,,1772.887,1707.232,,,,,,,,0.377917,0.321548,Samara,Russia,martj42/international_results,https://github.com/martj42/international_results,"Resultados oficiales publicos; Elo e historial usan solo partidos previos. Ranking FIFA, mercado, plantilla y fase exacta quedan vacios si no hay fuente real conectada."
20180617_Germany_vs_Mexico,2018-06-17,FIFA World Cup,unknown_stage_from_source,Germany,Mexico,0,1,1,,2005.709,1840.091,,,,,,,,0.670011,0.417178,Moscow,Russia,martj42/international_results,https://github.com/martj42/international_results,"Resultados oficiales publicos; Elo e historial usan solo partidos previos. Ranking FIFA, mercado, plantilla y fase exacta quedan vacios si no hay fuente real conectada."
20180617_Brazil_vs_Switzerland,2018-06-17,FIFA World Cup,unknown_stage_from_source,Brazil,Switzerland,1,1,1,,2012.711,1830.195,,,,,,,,0.683522,0.366558,Rostov-on-Don,Russia,martj42/international_results,https://github.com/martj42/international_results,"Resultados oficiales publicos; Elo e historial usan solo partidos previos. Ranking FIFA, mercado, plantilla y fase exacta quedan vacios si no hay fuente real conectada."
20180618_Sweden_vs_South_Korea,2018-06-18,FIFA World Cup,unknown_stage_from_source,Sweden,South Korea,1,0,1,,1755.454,1753.753,,,,,,,,0.433687,0.249355,Nizhny Novgorod,Russia,martj42/international_results,https://github.com/martj42/international_results,"Resultados oficiales publicos; Elo e historial usan solo partidos previos. Ranking FIFA, mercado, plantilla y fase exacta quedan vacios si no hay fuente real conectada."
20180618_Belgium_vs_Panama,2018-06-18,FIFA World Cup,unknown_stage_from_source,Belgium,Panama,3,0,1,,1896.388,1696.324,,,,,,,,0.425546,0.273333,Sochi,Russia,martj42/international_results,https://github.com/martj42/international_results,"Resultados oficiales publicos; Elo e historial usan solo partidos previos. Ranking FIFA, mercado, plantilla y fase exacta quedan vacios si no hay fuente real conectada."
20180618_Tunisia_vs_England,2018-06-18,FIFA World Cup,unknown_stage_from_source,Tunisia,England,1,2,1,,1716.527,1888.914,,,,,,,,0.215694,0.512079,Volgograd,Russia,martj42/international_results,https://github.com/martj42/international_results,"Resultados oficiales publicos; Elo e historial usan solo partidos previos. Ranking FIFA, mercado, plantilla y fase exacta quedan vacios si no hay fuente real conectada."
20180619_Colombia_vs_Japan,2018-06-19,FIFA World Cup,unknown_stage_from_source,Colombia,Japan,1,2,1,,1857.121,1779.856,,,,,,,,0.432417,0.293083,Saransk,Russia,martj42/international_results,https://github.com/martj42/international_results,"Resultados oficiales publicos; Elo e historial usan solo partidos previos. Ranking FIFA, mercado, plantilla y fase exacta quedan vacios si no hay fuente real conectada."
20180619_Poland_vs_Senegal,2018-06-19,FIFA World Cup,unknown_stage_from_source,Poland,Senegal,1,2,1,,1808.021,1760.433,,,,,,,,0.495635,0.536333,Moscow,Russia,martj42/international_results,https://github.com/martj42/international_results,"Resultados oficiales publicos; Elo e historial usan solo partidos previos. Ranking FIFA, mercado, plantilla y fase exacta quedan vacios si no hay fuente real conectada."
20180619_Russia_vs_Egypt,2018-06-19,FIFA World Cup,unknown_stage_from_source,Russia,Egypt,3,1,0,,1735.832,1692.048,,,,,,,,0.488176,0.163333,Saint Petersburg,Russia,martj42/international_results,https://github.com/martj42/international_results,"Resultados oficiales publicos; Elo e historial usan solo partidos previos. Ranking FIFA, mercado, plantilla y fase exacta quedan vacios si no hay fuente real conectada."
20180620_Portugal_vs_Morocco,2018-06-20,FIFA World Cup,unknown_stage_from_source,Portugal,Morocco,1,0,1,,1925.222,1715.940,,,,,,,,0.584946,0.262738,Moscow,Russia,martj42/international_results,https://github.com/martj42/international_results,"Resultados oficiales publicos; Elo e historial usan solo partidos previos. Ranking FIFA, mercado, plantilla y fase exacta quedan vacios si no hay fuente real conectada."
20180620_Uruguay_vs_Saudi_Arabia,2018-06-20,FIFA World Cup,unknown_stage_from_source,Uruguay,Saudi Arabia,1,0,1,,1844.697,1652.040,,,,,,,,0.599833,0.156190,Rostov-on-Don,Russia,martj42/international_results,https://github.com/martj42/international_results,"Resultados oficiales publicos; Elo e historial usan solo partidos previos. Ranking FIFA, mercado, plantilla y fase exacta quedan vacios si no hay fuente real conectada."
20180620_Iran_vs_Spain,2018-06-20,FIFA World Cup,unknown_stage_from_source,Iran,Spain,0,1,1,,1844.818,1977.838,,,,,,,,0.230769,0.569450,Kazan,Russia,martj42/international_results,https://github.com/martj42/international_results,"Resultados oficiales publicos; Elo e historial usan solo partidos previos. Ranking FIFA, mercado, plantilla y fase exacta quedan vacios si no hay fuente real conectada."
20180621_Denmark_vs_Australia,2018-06-21,FIFA World Cup,unknown_stage_from_source,Denmark,Australia,1,1,1,,1803.985,1775.958,,,,,,,,0.428674,0.214286,Samara,Russia,martj42/international_results,https://github.com/martj42/international_results,"Resultados oficiales publicos; Elo e historial usan solo partidos previos. Ranking FIFA, mercado, plantilla y fase exacta quedan vacios si no hay fuente real conectada."
20180621_France_vs_Peru,2018-06-21,FIFA World Cup,unknown_stage_from_source,France,Peru,1,0,1,,1950.063,1835.157,,,,,,,,0.578384,0.431220,Ekaterinburg,Russia,martj42/international_results,https://github.com/martj42/international_results,"Resultados oficiales publicos; Elo e historial usan solo partidos previos. Ranking FIFA, mercado, plantilla y fase exacta quedan vacios si no hay fuente real conectada."
20180621_Argentina_vs_Croatia,2018-06-21,FIFA World Cup,unknown_stage_from_source,Argentina,Croatia,0,3,1,,1937.334,1833.249,,,,,,,,0.695187,0.531095,Nizhny Novgorod,Russia,martj42/international_results,https://github.com/martj42/international_results,"Resultados oficiales publicos; Elo e historial usan solo partidos previos. Ranking FIFA, mercado, plantilla y fase exacta quedan vacios si no hay fuente real conectada."
20180622_Brazil_vs_Costa_Rica,2018-06-22,FIFA World Cup,unknown_stage_from_source,Brazil,Costa Rica,2,0,1,,2002.594,1747.965,,,,,,,,0.682391,0.367828,Saint Petersburg,Russia,martj42/international_results,https://github.com/martj42/international_results,"Resultados oficiales publicos; Elo e historial usan solo partidos previos. Ranking FIFA, mercado, plantilla y fase exacta quedan vacios si no hay fuente real conectada."
20180622_Nigeria_vs_Iceland,2018-06-22,FIFA World Cup,unknown_stage_from_source,Nigeria,Iceland,2,0,1,,1677.830,1736.910,,,,,,,,0.330000,0.492500,Volgograd,Russia,martj42/international_results,https://github.com/martj42/international_results,"Resultados oficiales publicos; Elo e historial usan solo partidos previos. Ranking FIFA, mercado, plantilla y fase exacta quedan vacios si no hay fuente real conectada."
20180622_Serbia_vs_Switzerland,2018-06-22,FIFA World Cup,unknown_stage_from_source,Serbia,Switzerland,1,2,1,,1732.154,1840.313,,,,,,,,0.363778,0.366489,Kaliningrad,Russia,martj42/international_results,https://github.com/martj42/international_results,"Resultados oficiales publicos; Elo e historial usan solo partidos previos. Ranking FIFA, mercado, plantilla y fase exacta quedan vacios si no hay fuente real conectada."
20180623_Belgium_vs_Tunisia,2018-06-23,FIFA World Cup,unknown_stage_from_source,Belgium,Tunisia,5,2,1,,1909.207,1705.168,,,,,,,,0.436045,0.202564,Moscow,Russia,martj42/international_results,https://github.com/martj42/international_results,"Resultados oficiales publicos; Elo e historial usan solo partidos previos. Ranking FIFA, mercado, plantilla y fase exacta quedan vacios si no hay fuente real conectada."
20180623_South_Korea_vs_Mexico,2018-06-23,FIFA World Cup,unknown_stage_from_source,South Korea,Mexico,1,2,1,,1732.855,1870.406,,,,,,,,0.242969,0.422451,Rostov-on-Don,Russia,martj42/international_results,https://github.com/martj42/international_results,"Resultados oficiales publicos; Elo e historial usan solo partidos previos. Ranking FIFA, mercado, plantilla y fase exacta quedan vacios si no hay fuente real conectada."
20180623_Germany_vs_Sweden,2018-06-23,FIFA World Cup,unknown_stage_from_source,Germany,Sweden,2,1,1,,1975.394,1776.351,,,,,,,,0.666004,0.441468,Sochi,Russia,martj42/international_results,https://github.com/martj42/international_results,"Resultados oficiales publicos; Elo e historial usan solo partidos previos. Ranking FIFA, mercado, plantilla y fase exacta quedan vacios si no hay fuente real conectada."
20180624_England_vs_Panama,2018-06-24,FIFA World Cup,unknown_stage_from_source,England,Panama,6,1,1,,1900.273,1683.505,,,,,,,,0.516791,0.193750,Nizhny Novgorod,Russia,martj42/international_results,https://github.com/martj42/international_results,"Resultados oficiales publicos; Elo e historial usan solo partidos previos. Ranking FIFA, mercado, plantilla y fase exacta quedan vacios si no hay fuente real conectada."
20180624_Japan_vs_Senegal,2018-06-24,FIFA World Cup,unknown_stage_from_source,Japan,Senegal,2,2,1,,1805.450,1784.291,,,,,,,,0.324603,0.606111,Ekaterinburg,Russia,martj42/international_results,https://github.com/martj42/international_results,"Resultados oficiales publicos; Elo e historial usan solo partidos previos. Ranking FIFA, mercado, plantilla y fase exacta quedan vacios si no hay fuente real conectada."
20180624_Poland_vs_Colombia,2018-06-24,FIFA World Cup,unknown_stage_from_source,Poland,Colombia,0,3,1,,1784.162,1831.526,,,,,,,,0.485155,0.429482,Kazan,Russia,martj42/international_results,https://github.com/martj42/international_results,"Resultados oficiales publicos; Elo e historial usan solo partidos previos. Ranking FIFA, mercado, plantilla y fase exacta quedan vacios si no hay fuente real conectada."
20180625_Russia_vs_Uruguay,2018-06-25,FIFA World Cup,unknown_stage_from_source,Russia,Uruguay,0,3,0,,1755.617,1855.116,,,,,,,,0.495000,0.601253,Samara,Russia,martj42/international_results,https://github.com/martj42/international_results,"Resultados oficiales publicos; Elo e historial usan solo partidos previos. Ranking FIFA, mercado, plantilla y fase exacta quedan vacios si no hay fuente real conectada."
20180625_Saudi_Arabia_vs_Egypt,2018-06-25,FIFA World Cup,unknown_stage_from_source,Saudi Arabia,Egypt,2,1,1,,1641.622,1672.263,,,,,,,,0.148778,0.136111,Volgograd,Russia,martj42/international_results,https://github.com/martj42/international_results,"Resultados oficiales publicos; Elo e historial usan solo partidos previos. Ranking FIFA, mercado, plantilla y fase exacta quedan vacios si no hay fuente real conectada."
20180625_Spain_vs_Morocco,2018-06-25,FIFA World Cup,unknown_stage_from_source,Spain,Morocco,2,2,1,,1991.169,1706.253,,,,,,,,0.573267,0.248222,Kaliningrad,Russia,martj42/international_results,https://github.com/martj42/international_results,"Resultados oficiales publicos; Elo e historial usan solo partidos previos. Ranking FIFA, mercado, plantilla y fase exacta quedan vacios si no hay fuente real conectada."
20180625_Iran_vs_Portugal,2018-06-25,FIFA World Cup,unknown_stage_from_source,Iran,Portugal,1,1,1,,1831.487,1934.909,,,,,,,,0.217500,0.590820,Saransk,Russia,martj42/international_results,https://github.com/martj42/international_results,"Resultados oficiales publicos; Elo e historial usan solo partidos previos. Ranking FIFA, mercado, plantilla y fase exacta quedan vacios si no hay fuente real conectada."
20180626_Australia_vs_Peru,2018-06-26,FIFA World Cup,unknown_stage_from_source,Australia,Peru,0,2,1,,1777.649,1820.859,,,,,,,,0.224222,0.428879,Sochi,Russia,martj42/international_results,https://github.com/martj42/international_results,"Resultados oficiales publicos; Elo e historial usan solo partidos previos. Ranking FIFA, mercado, plantilla y fase exacta quedan vacios si no hay fuente real conectada."
20180626_Denmark_vs_France,2018-06-26,FIFA World Cup,unknown_stage_from_source,Denmark,France,0,0,1,,1802.295,1964.360,,,,,,,,0.427222,0.582150,Moscow,Russia,martj42/international_results,https://github.com/martj42/international_results,"Resultados oficiales publicos; Elo e historial usan solo partidos previos. Ranking FIFA, mercado, plantilla y fase exacta quedan vacios si no hay fuente real conectada."
20180626_Nigeria_vs_Argentina,2018-06-26,FIFA World Cup,unknown_stage_from_source,Nigeria,Argentina,1,2,1,,1704.082,1901.450,,,,,,,,0.363500,0.692425,Saint Petersburg,Russia,martj42/international_results,https://github.com/martj42/international_results,"Resultados oficiales publicos; Elo e historial usan solo partidos previos. Ranking FIFA, mercado, plantilla y fase exacta quedan vacios si no hay fuente real conectada."
20180626_Iceland_vs_Croatia,2018-06-26,FIFA World Cup,unknown_stage_from_source,Iceland,Croatia,1,2,1,,1710.659,1869.133,,,,,,,,0.422143,0.545370,Rostov-on-Don,Russia,martj42/international_results,https://github.com/martj42/international_results,"Resultados oficiales publicos; Elo e historial usan solo partidos previos. Ranking FIFA, mercado, plantilla y fase exacta quedan vacios si no hay fuente real conectada."
20180627_South_Korea_vs_Germany,2018-06-27,FIFA World Cup,unknown_stage_from_source,South Korea,Germany,2,0,1,,1719.761,1985.527,,,,,,,,0.236970,0.667845,Kazan,Russia,martj42/international_results,https://github.com/martj42/international_results,"Resultados oficiales publicos; Elo e historial usan solo partidos previos. Ranking FIFA, mercado, plantilla y fase exacta quedan vacios si no hay fuente real conectada."
20180627_Mexico_vs_Sweden,2018-06-27,FIFA World Cup,unknown_stage_from_source,Mexico,Sweden,0,3,1,,1883.501,1766.218,,,,,,,,0.427621,0.435637,Ekaterinburg,Russia,martj42/international_results,https://github.com/martj42/international_results,"Resultados oficiales publicos; Elo e historial usan solo partidos previos. Ranking FIFA, mercado, plantilla y fase exacta quedan vacios si no hay fuente real conectada."
20180627_Serbia_vs_Brazil,2018-06-27,FIFA World Cup,unknown_stage_from_source,Serbia,Brazil,0,2,1,,1717.488,2010.351,,,,,,,,0.343854,0.683509,Moscow,Russia,martj42/international_results,https://github.com/martj42/international_results,"Resultados oficiales publicos; Elo e historial usan solo partidos previos. Ranking FIFA, mercado, plantilla y fase exacta quedan vacios si no hay fuente real conectada."
20180627_Switzerland_vs_Costa_Rica,2018-06-27,FIFA World Cup,unknown_stage_from_source,Switzerland,Costa Rica,2,2,1,,1854.979,1740.207,,,,,,,,0.378750,0.357010,Nizhny Novgorod,Russia,martj42/international_results,https://github.com/martj42/international_results,"Resultados oficiales publicos; Elo e historial usan solo partidos previos. Ranking FIFA, mercado, plantilla y fase exacta quedan vacios si no hay fuente real conectada."
20180628_Japan_vs_Poland,2018-06-28,FIFA World Cup,unknown_stage_from_source,Japan,Poland,0,1,1,,1804.173,1759.525,,,,,,,,0.326364,0.473106,Volgograd,Russia,martj42/international_results,https://github.com/martj42/international_results,"Resultados oficiales publicos; Elo e historial usan solo partidos previos. Ranking FIFA, mercado, plantilla y fase exacta quedan vacios si no hay fuente real conectada."
20180628_Senegal_vs_Colombia,2018-06-28,FIFA World Cup,unknown_stage_from_source,Senegal,Colombia,0,1,1,,1785.569,1856.164,,,,,,,,0.571429,0.434110,Samara,Russia,martj42/international_results,https://github.com/martj42/international_results,"Resultados oficiales publicos; Elo e historial usan solo partidos previos. Ranking FIFA, mercado, plantilla y fase exacta quedan vacios si no hay fuente real conectada."
20180628_Panama_vs_Tunisia,2018-06-28,FIFA World Cup,unknown_stage_from_source,Panama,Tunisia,1,2,1,,1668.223,1692.591,,,,,,,,0.128000,0.184881,Saransk,Russia,martj42/international_results,https://github.com/martj42/international_results,"Resultados oficiales publicos; Elo e historial usan solo partidos previos. Ranking FIFA, mercado, plantilla y fase exacta quedan vacios si no hay fuente real conectada."
20180628_England_vs_Belgium,2018-06-28,FIFA World Cup,unknown_stage_from_source,England,Belgium,0,1,1,,1915.555,1921.783,,,,,,,,0.523298,0.446194,Kaliningrad,Russia,martj42/international_results,https://github.com/martj42/international_results,"Resultados oficiales publicos; Elo e historial usan solo partidos previos. Ranking FIFA, mercado, plantilla y fase exacta quedan vacios si no hay fuente real conectada."
20180630_France_vs_Argentina,2018-06-30,FIFA World Cup,unknown_stage_from_source,France,Argentina,4,3,1,,1955.218,1911.657,,,,,,,,0.579983,0.693401,Kazan,Russia,martj42/international_results,https://github.com/martj42/international_results,"Resultados oficiales publicos; Elo e historial usan solo partidos previos. Ranking FIFA, mercado, plantilla y fase exacta quedan vacios si no hay fuente real conectada."
20180630_Uruguay_vs_Portugal,2018-06-30,FIFA World Cup,unknown_stage_from_source,Uruguay,Portugal,2,1,1,,1875.203,1928.836,,,,,,,,0.603021,0.587266,Sochi,Russia,martj42/international_results,https://github.com/martj42/international_results,"Resultados oficiales publicos; Elo e historial usan solo partidos previos. Ranking FIFA, mercado, plantilla y fase exacta quedan vacios si no hay fuente real conectada."
20180701_Russia_vs_Spain,2018-07-01,FIFA World Cup,unknown_stage_from_source,Russia,Spain,1,1,0,,1735.529,1976.992,,,,,,,,0.487895,0.571209,Moscow,Russia,martj42/international_results,https://github.com/martj42/international_results,"Resultados oficiales publicos; Elo e historial usan solo partidos previos. Ranking FIFA, mercado, plantilla y fase exacta quedan vacios si no hay fuente real conectada."
20180701_Croatia_vs_Denmark,2018-07-01,FIFA World Cup,unknown_stage_from_source,Croatia,Denmark,1,1,1,,1881.167,1811.437,,,,,,,,0.556441,0.425833,Nizhny Novgorod,Russia,martj42/international_results,https://github.com/martj42/international_results,"Resultados oficiales publicos; Elo e historial usan solo partidos previos. Ranking FIFA, mercado, plantilla y fase exacta quedan vacios si no hay fuente real conectada."
20180702_Brazil_vs_Mexico,2018-07-02,FIFA World Cup,unknown_stage_from_source,Brazil,Mexico,2,0,1,,2016.717,1846.872,,,,,,,,0.684620,0.423077,Samara,Russia,martj42/international_results,https://github.com/martj42/international_results,"Resultados oficiales publicos; Elo e historial usan solo partidos previos. Ranking FIFA, mercado, plantilla y fase exacta quedan vacios si no hay fuente real conectada."
20180702_Belgium_vs_Japan,2018-07-02,FIFA World Cup,unknown_stage_from_source,Belgium,Japan,3,2,1,,1942.407,1780.489,,,,,,,,0.454536,0.314130,Rostov-on-Don,Russia,martj42/international_results,https://github.com/martj42/international_results,"Resultados oficiales publicos; Elo e historial usan solo partidos previos. Ranking FIFA, mercado, plantilla y fase exacta quedan vacios si no hay fuente real conectada."
20180703_Sweden_vs_Switzerland,2018-07-03,FIFA World Cup,unknown_stage_from_source,Sweden,Switzerland,1,0,1,,1802.848,1848.284,,,,,,,,0.444469,0.378435,Saint Petersburg,Russia,martj42/international_results,https://github.com/martj42/international_results,"Resultados oficiales publicos; Elo e historial usan solo partidos previos. Ranking FIFA, mercado, plantilla y fase exacta quedan vacios si no hay fuente real conectada."
20180703_Colombia_vs_England,2018-07-03,FIFA World Cup,unknown_stage_from_source,Colombia,England,1,1,1,,1872.954,1894.931,,,,,,,,0.437998,0.518316,Moscow,Russia,martj42/international_results,https://github.com/martj42/international_results,"Resultados oficiales publicos; Elo e historial usan solo partidos previos. Ranking FIFA, mercado, plantilla y fase exacta quedan vacios si no hay fuente real conectada."
20180706_Uruguay_vs_France,2018-07-06,FIFA World Cup,unknown_stage_from_source,Uruguay,France,0,2,1,,1899.419,1973.599,,,,,,,,0.604418,0.583660,Nizhny Novgorod,Russia,martj42/international_results,https://github.com/martj42/international_results,"Resultados oficiales publicos; Elo e historial usan solo partidos previos. Ranking FIFA, mercado, plantilla y fase exacta quedan vacios si no hay fuente real conectada."
20180706_Brazil_vs_Belgium,2018-07-06,FIFA World Cup,unknown_stage_from_source,Brazil,Belgium,1,2,1,,2028.426,1954.272,,,,,,,,0.685723,0.462608,Kazan,Russia,martj42/international_results,https://github.com/martj42/international_results,"Resultados oficiales publicos; Elo e historial usan solo partidos previos. Ranking FIFA, mercado, plantilla y fase exacta quedan vacios si no hay fuente real conectada."
20180707_Sweden_vs_England,2018-07-07,FIFA World Cup,unknown_stage_from_source,Sweden,England,0,2,1,,1826.579,1893.605,,,,,,,,0.451762,0.516718,Samara,Russia,martj42/international_results,https://github.com/martj42/international_results,"Resultados oficiales publicos; Elo e historial usan solo partidos previos. Ranking FIFA, mercado, plantilla y fase exacta quedan vacios si no hay fuente real conectada."
20180707_Russia_vs_Croatia,2018-07-07,FIFA World Cup,unknown_stage_from_source,Russia,Croatia,2,2,0,,1748.154,1877.008,,,,,,,,0.486277,0.551360,Sochi,Russia,martj42/international_results,https://github.com/martj42/international_results,"Resultados oficiales publicos; Elo e historial usan solo partidos previos. Ranking FIFA, mercado, plantilla y fase exacta quedan vacios si no hay fuente real conectada."
20180710_France_vs_Belgium,2018-07-10,FIFA World Cup,unknown_stage_from_source,France,Belgium,1,0,1,,1991.223,1979.687,,,,,,,,0.587702,0.470423,Saint Petersburg,Russia,martj42/international_results,https://github.com/martj42/international_results,"Resultados oficiales publicos; Elo e historial usan solo partidos previos. Ranking FIFA, mercado, plantilla y fase exacta quedan vacios si no hay fuente real conectada."
20180711_Croatia_vs_England,2018-07-11,FIFA World Cup,unknown_stage_from_source,Croatia,England,2,1,1,,1869.559,1911.727,,,,,,,,0.546538,0.521650,Moscow,Russia,martj42/international_results,https://github.com/martj42/international_results,"Resultados oficiales publicos; Elo e historial usan solo partidos previos. Ranking FIFA, mercado, plantilla y fase exacta quedan vacios si no hay fuente real conectada."
20180714_Belgium_vs_England,2018-07-14,FIFA World Cup,unknown_stage_from_source,Belgium,England,2,0,1,,1959.384,1888.191,,,,,,,,0.463776,0.516835,Saint Petersburg,Russia,martj42/international_results,https://github.com/martj42/international_results,"Resultados oficiales publicos; Elo e historial usan solo partidos previos. Ranking FIFA, mercado, plantilla y fase exacta quedan vacios si no hay fuente real conectada."
20180715_France_vs_Croatia,2018-07-15,FIFA World Cup,unknown_stage_from_source,France,Croatia,4,2,1,,2011.526,1893.095,,,,,,,,0.591234,0.556750,Moscow,Russia,martj42/international_results,https://github.com/martj42/international_results,"Resultados oficiales publicos; Elo e historial usan solo partidos previos. Ranking FIFA, mercado, plantilla y fase exacta quedan vacios si no hay fuente real conectada."
20190614_Brazil_vs_Bolivia,2019-06-14,Copa América,unknown_stage_from_source,Brazil,Bolivia,3,0,0,,2021.992,1574.066,,,,,,,,0.683490,0.219859,São Paulo,Brazil,martj42/international_results,https://github.com/martj42/international_results,"Resultados oficiales publicos; Elo e historial usan solo partidos previos. Ranking FIFA, mercado, plantilla y fase exacta quedan vacios si no hay fuente real conectada."
20190615_Venezuela_vs_Peru,2019-06-15,Copa América,unknown_stage_from_source,Venezuela,Peru,0,0,1,,1718.923,1815.283,,,,,,,,0.149892,0.432319,Porto Alegre,Brazil,martj42/international_results,https://github.com/martj42/international_results,"Resultados oficiales publicos; Elo e historial usan solo partidos previos. Ranking FIFA, mercado, plantilla y fase exacta quedan vacios si no hay fuente real conectada."
20190615_Argentina_vs_Colombia,2019-06-15,Copa América,unknown_stage_from_source,Argentina,Colombia,0,2,1,,1896.006,1897.090,,,,,,,,0.691000,0.437444,Salvador,Brazil,martj42/international_results,https://github.com/martj42/international_results,"Resultados oficiales publicos; Elo e historial usan solo partidos previos. Ranking FIFA, mercado, plantilla y fase exacta quedan vacios si no hay fuente real conectada."
20190616_Paraguay_vs_Qatar,2019-06-16,Copa América,unknown_stage_from_source,Paraguay,Qatar,2,2,1,,1694.169,1727.123,,,,,,,,0.439162,,Rio de Janeiro,Brazil,martj42/international_results,https://github.com/martj42/international_results,"Resultados oficiales publicos; Elo e historial usan solo partidos previos. Ranking FIFA, mercado, plantilla y fase exacta quedan vacios si no hay fuente real conectada."
20190616_Uruguay_vs_Ecuador,2019-06-16,Copa América,unknown_stage_from_source,Uruguay,Ecuador,4,0,1,,1863.008,1725.521,,,,,,,,0.602029,0.202201,Belo Horizonte,Brazil,martj42/international_results,https://github.com/martj42/international_results,"Resultados oficiales publicos; Elo e historial usan solo partidos previos. Ranking FIFA, mercado, plantilla y fase exacta quedan vacios si no hay fuente real conectada."
20190617_Japan_vs_Chile,2019-06-17,Copa América,unknown_stage_from_source,Japan,Chile,0,4,1,,1823.916,1838.220,,,,,,,,0.302917,0.422857,São Paulo,Brazil,martj42/international_results,https://github.com/martj42/international_results,"Resultados oficiales publicos; Elo e historial usan solo partidos previos. Ranking FIFA, mercado, plantilla y fase exacta quedan vacios si no hay fuente real conectada."
20190618_Bolivia_vs_Peru,2019-06-18,Copa América,unknown_stage_from_source,Bolivia,Peru,1,3,1,,1570.654,1809.604,,,,,,,,0.217633,0.431906,Rio de Janeiro,Brazil,martj42/international_results,https://github.com/martj42/international_results,"Resultados oficiales publicos; Elo e historial usan solo partidos previos. Ranking FIFA, mercado, plantilla y fase exacta quedan vacios si no hay fuente real conectada."
20190618_Brazil_vs_Venezuela,2019-06-18,Copa América,unknown_stage_from_source,Brazil,Venezuela,0,0,0,,2025.405,1724.602,,,,,,,,0.684745,0.153280,Salvador,Brazil,martj42/international_results,https://github.com/martj42/international_results,"Resultados oficiales publicos; Elo e historial usan solo partidos previos. Ranking FIFA, mercado, plantilla y fase exacta quedan vacios si no hay fuente real conectada."
20190619_Colombia_vs_Qatar,2019-06-19,Copa América,unknown_stage_from_source,Colombia,Qatar,1,0,1,,1920.078,1725.137,,,,,,,,0.441581,0.363333,São Paulo,Brazil,martj42/international_results,https://github.com/martj42/international_results,"Resultados oficiales publicos; Elo e historial usan solo partidos previos. Ranking FIFA, mercado, plantilla y fase exacta quedan vacios si no hay fuente real conectada."
20190619_Argentina_vs_Paraguay,2019-06-19,Copa América,unknown_stage_from_source,Argentina,Paraguay,1,1,1,,1873.018,1696.155,,,,,,,,0.688450,0.438776,Belo Horizonte,Brazil,martj42/international_results,https://github.com/martj42/international_results,"Resultados oficiales publicos; Elo e historial usan solo partidos previos. Ranking FIFA, mercado, plantilla y fase exacta quedan vacios si no hay fuente real conectada."
20190620_Uruguay_vs_Japan,2019-06-20,Copa América,unknown_stage_from_source,Uruguay,Japan,2,2,1,,1882.848,1791.718,,,,,,,,0.603950,0.287200,Porto Alegre,Brazil,martj42/international_results,https://github.com/martj42/international_results,"Resultados oficiales publicos; Elo e historial usan solo partidos previos. Ranking FIFA, mercado, plantilla y fase exacta quedan vacios si no hay fuente real conectada."
20190621_Ecuador_vs_Chile,2019-06-21,Copa América,unknown_stage_from_source,Ecuador,Chile,1,2,1,,1705.680,1870.418,,,,,,,,0.199935,0.426019,Salvador,Brazil,martj42/international_results,https://github.com/martj42/international_results,"Resultados oficiales publicos; Elo e historial usan solo partidos previos. Ranking FIFA, mercado, plantilla y fase exacta quedan vacios si no hay fuente real conectada."
20190622_Bolivia_vs_Venezuela,2019-06-22,Copa América,unknown_stage_from_source,Bolivia,Venezuela,1,3,1,,1562.258,1739.286,,,,,,,,0.215819,0.156562,Belo Horizonte,Brazil,martj42/international_results,https://github.com/martj42/international_results,"Resultados oficiales publicos; Elo e historial usan solo partidos previos. Ranking FIFA, mercado, plantilla y fase exacta quedan vacios si no hay fuente real conectada."
20190622_Brazil_vs_Peru,2019-06-22,Copa América,unknown_stage_from_source,Brazil,Peru,5,0,0,,2010.721,1818.000,,,,,,,,0.683633,0.435288,São Paulo,Brazil,martj42/international_results,https://github.com/martj42/international_results,"Resultados oficiales publicos; Elo e historial usan solo partidos previos. Ranking FIFA, mercado, plantilla y fase exacta quedan vacios si no hay fuente real conectada."
20190623_Colombia_vs_Paraguay,2019-06-23,Copa América,unknown_stage_from_source,Colombia,Paraguay,1,0,1,,1930.393,1706.008,,,,,,,,0.445328,0.438393,Salvador,Brazil,martj42/international_results,https://github.com/martj42/international_results,"Resultados oficiales publicos; Elo e historial usan solo partidos previos. Ranking FIFA, mercado, plantilla y fase exacta quedan vacios si no hay fuente real conectada."
20190623_Qatar_vs_Argentina,2019-06-23,Copa América,unknown_stage_from_source,Qatar,Argentina,0,2,1,,1714.821,1863.165,,,,,,,,0.204167,0.687255,Porto Alegre,Brazil,martj42/international_results,https://github.com/martj42/international_results,"Resultados oficiales publicos; Elo e historial usan solo partidos previos. Ranking FIFA, mercado, plantilla y fase exacta quedan vacios si no hay fuente real conectada."
20190624_Chile_vs_Uruguay,2019-06-24,Copa América,unknown_stage_from_source,Chile,Uruguay,0,1,1,,1882.146,1877.463,,,,,,,,0.428514,0.603007,Rio de Janeiro,Brazil,martj42/international_results,https://github.com/martj42/international_results,"Resultados oficiales publicos; Elo e historial usan solo partidos previos. Ranking FIFA, mercado, plantilla y fase exacta quedan vacios si no hay fuente real conectada."
20190624_Ecuador_vs_Japan,2019-06-24,Copa América,unknown_stage_from_source,Ecuador,Japan,1,1,1,,1693.953,1797.103,,,,,,,,0.198744,0.290128,Belo Horizonte,Brazil,martj42/international_results,https://github.com/martj42/international_results,"Resultados oficiales publicos; Elo e historial usan solo partidos previos. Ranking FIFA, mercado, plantilla y fase exacta quedan vacios si no hay fuente real conectada."
20190627_Brazil_vs_Paraguay,2019-06-27,Copa América,unknown_stage_from_source,Brazil,Paraguay,0,0,0,,2027.880,1696.954,,,,,,,,0.685190,0.436406,Porto Alegre,Brazil,martj42/international_results,https://github.com/martj42/international_results,"Resultados oficiales publicos; Elo e historial usan solo partidos previos. Ranking FIFA, mercado, plantilla y fase exacta quedan vacios si no hay fuente real conectada."
20190628_Colombia_vs_Chile,2019-06-28,Copa América,unknown_stage_from_source,Colombia,Chile,0,0,1,,1939.447,1860.863,,,,,,,,0.449022,0.426714,São Paulo,Brazil,martj42/international_results,https://github.com/martj42/international_results,"Resultados oficiales publicos; Elo e historial usan solo partidos previos. Ranking FIFA, mercado, plantilla y fase exacta quedan vacios si no hay fuente real conectada."
20190628_Venezuela_vs_Argentina,2019-06-28,Copa América,unknown_stage_from_source,Venezuela,Argentina,0,2,1,,1750.612,1876.073,,,,,,,,0.169538,0.688400,Rio de Janeiro,Brazil,martj42/international_results,https://github.com/martj42/international_results,"Resultados oficiales publicos; Elo e historial usan solo partidos previos. Ranking FIFA, mercado, plantilla y fase exacta quedan vacios si no hay fuente real conectada."
20190629_Uruguay_vs_Peru,2019-06-29,Copa América,unknown_stage_from_source,Uruguay,Peru,0,0,1,,1898.746,1800.842,,,,,,,,0.604382,0.431913,Salvador,Brazil,martj42/international_results,https://github.com/martj42/international_results,"Resultados oficiales publicos; Elo e historial usan solo partidos previos. Ranking FIFA, mercado, plantilla y fase exacta quedan vacios si no hay fuente real conectada."
20190702_Brazil_vs_Argentina,2019-07-02,Copa América,unknown_stage_from_source,Brazil,Argentina,2,0,0,,2012.321,1890.343,,,,,,,,0.684084,0.689538,Belo Horizonte,Brazil,martj42/international_results,https://github.com/martj42/international_results,"Resultados oficiales publicos; Elo e historial usan solo partidos previos. Ranking FIFA, mercado, plantilla y fase exacta quedan vacios si no hay fuente real conectada."
20190703_Chile_vs_Peru,2019-07-03,Copa América,unknown_stage_from_source,Chile,Peru,0,3,1,,1865.533,1806.607,,,,,,,,0.426417,0.431510,Porto Alegre,Brazil,martj42/international_results,https://github.com/martj42/international_results,"Resultados oficiales publicos; Elo e historial usan solo partidos previos. Ranking FIFA, mercado, plantilla y fase exacta quedan vacios si no hay fuente real conectada."
20190706_Argentina_vs_Chile,2019-07-06,Copa América,unknown_stage_from_source,Argentina,Chile,2,1,1,,1875.858,1832.417,,,,,,,,0.687030,0.424225,São Paulo,Brazil,martj42/international_results,https://github.com/martj42/international_results,"Resultados oficiales publicos; Elo e historial usan solo partidos previos. Ranking FIFA, mercado, plantilla y fase exacta quedan vacios si no hay fuente real conectada."
20190707_Brazil_vs_Peru,2019-07-07,Copa América,unknown_stage_from_source,Brazil,Peru,3,1,0,,2026.806,1839.723,,,,,,,,0.685166,0.435097,Rio de Janeiro,Brazil,martj42/international_results,https://github.com/martj42/international_results,"Resultados oficiales publicos; Elo e historial usan solo partidos previos. Ranking FIFA, mercado, plantilla y fase exacta quedan vacios si no hay fuente real conectada."
20210611_Italy_vs_Turkey,2021-06-11,UEFA Euro,unknown_stage_from_source,Italy,Turkey,3,0,0,,1933.669,1765.978,,,,,,,,0.610399,0.407200,Rome,Italy,martj42/international_results,https://github.com/martj42/international_results,"Resultados oficiales publicos; Elo e historial usan solo partidos previos. Ranking FIFA, mercado, plantilla y fase exacta quedan vacios si no hay fuente real conectada."
20210612_Wales_vs_Switzerland,2021-06-12,UEFA Euro,unknown_stage_from_source,Wales,Switzerland,1,1,0,,1774.705,1852.553,,,,,,,,0.553636,0.371767,Cardiff,Wales,martj42/international_results,https://github.com/martj42/international_results,"Resultados oficiales publicos; Elo e historial usan solo partidos previos. Ranking FIFA, mercado, plantilla y fase exacta quedan vacios si no hay fuente real conectada."
20210612_Denmark_vs_Finland,2021-06-12,UEFA Euro,unknown_stage_from_source,Denmark,Finland,0,1,0,,1876.756,1649.007,,,,,,,,0.424504,,Copenhagen,Denmark,martj42/international_results,https://github.com/martj42/international_results,"Resultados oficiales publicos; Elo e historial usan solo partidos previos. Ranking FIFA, mercado, plantilla y fase exacta quedan vacios si no hay fuente real conectada."
20210612_Russia_vs_Belgium,2021-06-12,UEFA Euro,unknown_stage_from_source,Russia,Belgium,0,3,0,,1751.311,2013.067,,,,,,,,0.484701,0.472026,Saint Petersburg,Russia,martj42/international_results,https://github.com/martj42/international_results,"Resultados oficiales publicos; Elo e historial usan solo partidos previos. Ranking FIFA, mercado, plantilla y fase exacta quedan vacios si no hay fuente real conectada."
20210613_Austria_vs_North_Macedonia,2021-06-13,UEFA Euro,unknown_stage_from_source,Austria,North Macedonia,3,1,1,,1715.674,1596.634,,,,,,,,0.406429,,Bucharest,Romania,martj42/international_results,https://github.com/martj42/international_results,"Resultados oficiales publicos; Elo e historial usan solo partidos previos. Ranking FIFA, mercado, plantilla y fase exacta quedan vacios si no hay fuente real conectada."
20210613_Netherlands_vs_Ukraine,2021-06-13,UEFA Euro,unknown_stage_from_source,Netherlands,Ukraine,3,2,0,,1884.452,1778.282,,,,,,,,0.609490,0.301667,Amsterdam,Netherlands,martj42/international_results,https://github.com/martj42/international_results,"Resultados oficiales publicos; Elo e historial usan solo partidos previos. Ranking FIFA, mercado, plantilla y fase exacta quedan vacios si no hay fuente real conectada."
20210613_England_vs_Croatia,2021-06-13,UEFA Euro,unknown_stage_from_source,England,Croatia,1,0,0,,1931.034,1803.625,,,,,,,,0.511667,0.543171,London,England,martj42/international_results,https://github.com/martj42/international_results,"Resultados oficiales publicos; Elo e historial usan solo partidos previos. Ranking FIFA, mercado, plantilla y fase exacta quedan vacios si no hay fuente real conectada."
20210613_Brazil_vs_Venezuela,2021-06-13,Copa América,unknown_stage_from_source,Brazil,Venezuela,3,0,0,,2043.333,1733.129,,,,,,,,0.686240,0.166970,Brasília,Brazil,martj42/international_results,https://github.com/martj42/international_results,"Resultados oficiales publicos; Elo e historial usan solo partidos previos. Ranking FIFA, mercado, plantilla y fase exacta quedan vacios si no hay fuente real conectada."
20210613_Colombia_vs_Ecuador,2021-06-13,Copa América,unknown_stage_from_source,Colombia,Ecuador,1,0,1,,1889.157,1751.759,,,,,,,,0.448405,0.200000,Cuiabá,Brazil,martj42/international_results,https://github.com/martj42/international_results,"Resultados oficiales publicos; Elo e historial usan solo partidos previos. Ranking FIFA, mercado, plantilla y fase exacta quedan vacios si no hay fuente real conectada."
20210614_Scotland_vs_Czech_Republic,2021-06-14,UEFA Euro,unknown_stage_from_source,Scotland,Czech Republic,0,2,0,,1664.524,1716.972,,,,,,,,0.308678,0.447778,Glasgow,Scotland,martj42/international_results,https://github.com/martj42/international_results,"Resultados oficiales publicos; Elo e historial usan solo partidos previos. Ranking FIFA, mercado, plantilla y fase exacta quedan vacios si no hay fuente real conectada."
20210614_Poland_vs_Slovakia,2021-06-14,UEFA Euro,unknown_stage_from_source,Poland,Slovakia,1,2,1,,1784.064,1668.643,,,,,,,,0.483815,0.335208,Saint Petersburg,Russia,martj42/international_results,https://github.com/martj42/international_results,"Resultados oficiales publicos; Elo e historial usan solo partidos previos. Ranking FIFA, mercado, plantilla y fase exacta quedan vacios si no hay fuente real conectada."
20210614_Spain_vs_Sweden,2021-06-14,UEFA Euro,unknown_stage_from_source,Spain,Sweden,0,0,0,,1979.056,1807.332,,,,,,,,0.569191,0.445399,Seville,Spain,martj42/international_results,https://github.com/martj42/international_results,"Resultados oficiales publicos; Elo e historial usan solo partidos previos. Ranking FIFA, mercado, plantilla y fase exacta quedan vacios si no hay fuente real conectada."
20210614_Argentina_vs_Chile,2021-06-14,Copa América,unknown_stage_from_source,Argentina,Chile,1,1,1,,1926.098,1801.456,,,,,,,,0.688001,0.422469,Rio de Janeiro,Brazil,martj42/international_results,https://github.com/martj42/international_results,"Resultados oficiales publicos; Elo e historial usan solo partidos previos. Ranking FIFA, mercado, plantilla y fase exacta quedan vacios si no hay fuente real conectada."
20210614_Paraguay_vs_Bolivia,2021-06-14,Copa América,unknown_stage_from_source,Paraguay,Bolivia,3,1,1,,1729.364,1571.915,,,,,,,,0.436039,0.214036,Goiânia,Brazil,martj42/international_results,https://github.com/martj42/international_results,"Resultados oficiales publicos; Elo e historial usan solo partidos previos. Ranking FIFA, mercado, plantilla y fase exacta quedan vacios si no hay fuente real conectada."
20210615_Hungary_vs_Portugal,2021-06-15,UEFA Euro,unknown_stage_from_source,Hungary,Portugal,0,3,0,,1696.219,1942.541,,,,,,,,0.503042,0.578923,Budapest,Hungary,martj42/international_results,https://github.com/martj42/international_results,"Resultados oficiales publicos; Elo e historial usan solo partidos previos. Ranking FIFA, mercado, plantilla y fase exacta quedan vacios si no hay fuente real conectada."
20210615_Germany_vs_France,2021-06-15,UEFA Euro,unknown_stage_from_source,Germany,France,0,1,0,,1918.378,2025.209,,,,,,,,0.663618,0.595127,Munich,Germany,martj42/international_results,https://github.com/martj42/international_results,"Resultados oficiales publicos; Elo e historial usan solo partidos previos. Ranking FIFA, mercado, plantilla y fase exacta quedan vacios si no hay fuente real conectada."
20210616_Turkey_vs_Wales,2021-06-16,UEFA Euro,unknown_stage_from_source,Turkey,Wales,0,2,1,,1751.056,1779.333,,,,,,,,0.389808,0.537778,Baku,Azerbaijan,martj42/international_results,https://github.com/martj42/international_results,"Resultados oficiales publicos; Elo e historial usan solo partidos previos. Ranking FIFA, mercado, plantilla y fase exacta quedan vacios si no hay fuente real conectada."
20210616_Italy_vs_Switzerland,2021-06-16,UEFA Euro,unknown_stage_from_source,Italy,Switzerland,3,0,0,,1948.591,1847.925,,,,,,,,0.613962,0.371601,Rome,Italy,martj42/international_results,https://github.com/martj42/international_results,"Resultados oficiales publicos; Elo e historial usan solo partidos previos. Ranking FIFA, mercado, plantilla y fase exacta quedan vacios si no hay fuente real conectada."
20210616_Russia_vs_Finland,2021-06-16,UEFA Euro,unknown_stage_from_source,Russia,Finland,1,0,0,,1741.872,1682.090,,,,,,,,0.477996,0.955000,Saint Petersburg,Russia,martj42/international_results,https://github.com/martj42/international_results,"Resultados oficiales publicos; Elo e historial usan solo partidos previos. Ranking FIFA, mercado, plantilla y fase exacta quedan vacios si no hay fuente real conectada."
20210617_Denmark_vs_Belgium,2021-06-17,UEFA Euro,unknown_stage_from_source,Denmark,Belgium,1,2,0,,1843.674,2022.506,,,,,,,,0.416597,0.480707,Copenhagen,Denmark,martj42/international_results,https://github.com/martj42/international_results,"Resultados oficiales publicos; Elo e historial usan solo partidos previos. Ranking FIFA, mercado, plantilla y fase exacta quedan vacios si no hay fuente real conectada."
20210617_Ukraine_vs_North_Macedonia,2021-06-17,UEFA Euro,unknown_stage_from_source,Ukraine,North Macedonia,2,1,1,,1763.507,1581.966,,,,,,,,0.280278,0.000000,Bucharest,Romania,martj42/international_results,https://github.com/martj42/international_results,"Resultados oficiales publicos; Elo e historial usan solo partidos previos. Ranking FIFA, mercado, plantilla y fase exacta quedan vacios si no hay fuente real conectada."
20210617_Netherlands_vs_Austria,2021-06-17,UEFA Euro,unknown_stage_from_source,Netherlands,Austria,2,0,0,,1899.227,1730.342,,,,,,,,0.613508,0.422917,Amsterdam,Netherlands,martj42/international_results,https://github.com/martj42/international_results,"Resultados oficiales publicos; Elo e historial usan solo partidos previos. Ranking FIFA, mercado, plantilla y fase exacta quedan vacios si no hay fuente real conectada."
20210617_Colombia_vs_Venezuela,2021-06-17,Copa América,unknown_stage_from_source,Colombia,Venezuela,0,0,1,,1902.260,1725.801,,,,,,,,0.452024,0.163806,Goiânia,Brazil,martj42/international_results,https://github.com/martj42/international_results,"Resultados oficiales publicos; Elo e historial usan solo partidos previos. Ranking FIFA, mercado, plantilla y fase exacta quedan vacios si no hay fuente real conectada."
20210617_Brazil_vs_Peru,2021-06-17,Copa América,unknown_stage_from_source,Brazil,Peru,4,0,0,,2050.661,1783.006,,,,,,,,0.687460,0.432568,Rio de Janeiro,Brazil,martj42/international_results,https://github.com/martj42/international_results,"Resultados oficiales publicos; Elo e historial usan solo partidos previos. Ranking FIFA, mercado, plantilla y fase exacta quedan vacios si no hay fuente real conectada."
20210618_Croatia_vs_Czech_Republic,2021-06-18,UEFA Euro,unknown_stage_from_source,Croatia,Czech Republic,1,1,1,,1789.998,1736.130,,,,,,,,0.531310,0.467500,Glasgow,Scotland,martj42/international_results,https://github.com/martj42/international_results,"Resultados oficiales publicos; Elo e historial usan solo partidos previos. Ranking FIFA, mercado, plantilla y fase exacta quedan vacios si no hay fuente real conectada."
20210618_England_vs_Scotland,2021-06-18,UEFA Euro,unknown_stage_from_source,England,Scotland,0,0,0,,1944.660,1645.367,,,,,,,,0.516056,0.298389,London,England,martj42/international_results,https://github.com/martj42/international_results,"Resultados oficiales publicos; Elo e historial usan solo partidos previos. Ranking FIFA, mercado, plantilla y fase exacta quedan vacios si no hay fuente real conectada."
20210618_Sweden_vs_Slovakia,2021-06-18,UEFA Euro,unknown_stage_from_source,Sweden,Slovakia,1,0,1,,1816.941,1696.374,,,,,,,,0.444259,0.404074,Saint Petersburg,Russia,martj42/international_results,https://github.com/martj42/international_results,"Resultados oficiales publicos; Elo e historial usan solo partidos previos. Ranking FIFA, mercado, plantilla y fase exacta quedan vacios si no hay fuente real conectada."
20210618_Chile_vs_Bolivia,2021-06-18,Copa América,unknown_stage_from_source,Chile,Bolivia,1,0,1,,1808.682,1559.525,,,,,,,,0.422197,0.212281,Cuiabá,Brazil,martj42/international_results,https://github.com/martj42/international_results,"Resultados oficiales publicos; Elo e historial usan solo partidos previos. Ranking FIFA, mercado, plantilla y fase exacta quedan vacios si no hay fuente real conectada."
20210618_Argentina_vs_Uruguay,2021-06-18,Copa América,unknown_stage_from_source,Argentina,Uruguay,1,0,1,,1918.872,1887.123,,,,,,,,0.686829,0.603444,Brasília,Brazil,martj42/international_results,https://github.com/martj42/international_results,"Resultados oficiales publicos; Elo e historial usan solo partidos previos. Ranking FIFA, mercado, plantilla y fase exacta quedan vacios si no hay fuente real conectada."
20210619_Spain_vs_Poland,2021-06-19,UEFA Euro,unknown_stage_from_source,Spain,Poland,1,1,0,,1969.447,1756.333,,,,,,,,0.567212,0.474275,Seville,Spain,martj42/international_results,https://github.com/martj42/international_results,"Resultados oficiales publicos; Elo e historial usan solo partidos previos. Ranking FIFA, mercado, plantilla y fase exacta quedan vacios si no hay fuente real conectada."
20210619_Hungary_vs_France,2021-06-19,UEFA Euro,unknown_stage_from_source,Hungary,France,1,1,0,,1686.009,2039.948,,,,,,,,0.489675,0.598522,Budapest,Hungary,martj42/international_results,https://github.com/martj42/international_results,"Resultados oficiales publicos; Elo e historial usan solo partidos previos. Ranking FIFA, mercado, plantilla y fase exacta quedan vacios si no hay fuente real conectada."
20210619_Germany_vs_Portugal,2021-06-19,UEFA Euro,unknown_stage_from_source,Germany,Portugal,4,2,0,,1903.639,1952.751,,,,,,,,0.659727,0.585985,Munich,Germany,martj42/international_results,https://github.com/martj42/international_results,"Resultados oficiales publicos; Elo e historial usan solo partidos previos. Ranking FIFA, mercado, plantilla y fase exacta quedan vacios si no hay fuente real conectada."
20210620_Italy_vs_Wales,2021-06-20,UEFA Euro,unknown_stage_from_source,Italy,Wales,1,0,0,,1968.582,1800.261,,,,,,,,0.617466,0.573333,Rome,Italy,martj42/international_results,https://github.com/martj42/international_results,"Resultados oficiales publicos; Elo e historial usan solo partidos previos. Ranking FIFA, mercado, plantilla y fase exacta quedan vacios si no hay fuente real conectada."
20210620_Switzerland_vs_Turkey,2021-06-20,UEFA Euro,unknown_stage_from_source,Switzerland,Turkey,3,1,1,,1827.934,1730.128,,,,,,,,0.363590,0.375370,Baku,Azerbaijan,martj42/international_results,https://github.com/martj42/international_results,"Resultados oficiales publicos; Elo e historial usan solo partidos previos. Ranking FIFA, mercado, plantilla y fase exacta quedan vacios si no hay fuente real conectada."
20210620_Venezuela_vs_Ecuador,2021-06-20,Copa América,unknown_stage_from_source,Venezuela,Ecuador,2,2,1,,1735.635,1738.656,,,,,,,,0.166740,0.198826,Rio de Janeiro,Brazil,martj42/international_results,https://github.com/martj42/international_results,"Resultados oficiales publicos; Elo e historial usan solo partidos previos. Ranking FIFA, mercado, plantilla y fase exacta quedan vacios si no hay fuente real conectada."
20210620_Colombia_vs_Peru,2021-06-20,Copa América,unknown_stage_from_source,Colombia,Peru,1,2,1,,1892.425,1772.374,,,,,,,,0.451395,0.429547,Goiânia,Brazil,martj42/international_results,https://github.com/martj42/international_results,"Resultados oficiales publicos; Elo e historial usan solo partidos previos. Ranking FIFA, mercado, plantilla y fase exacta quedan vacios si no hay fuente real conectada."
20210621_Denmark_vs_Russia,2021-06-21,UEFA Euro,unknown_stage_from_source,Denmark,Russia,4,1,0,,1832.620,1759.293,,,,,,,,0.409014,0.483958,Copenhagen,Denmark,martj42/international_results,https://github.com/martj42/international_results,"Resultados oficiales publicos; Elo e historial usan solo partidos previos. Ranking FIFA, mercado, plantilla y fase exacta quedan vacios si no hay fuente real conectada."
20210621_Finland_vs_Belgium,2021-06-21,UEFA Euro,unknown_stage_from_source,Finland,Belgium,0,2,1,,1664.668,2033.560,,,,,,,,0.500000,0.487786,Saint Petersburg,Russia,martj42/international_results,https://github.com/martj42/international_results,"Resultados oficiales publicos; Elo e historial usan solo partidos previos. Ranking FIFA, mercado, plantilla y fase exacta quedan vacios si no hay fuente real conectada."
20210621_Netherlands_vs_North_Macedonia,2021-06-21,UEFA Euro,unknown_stage_from_source,Netherlands,North Macedonia,3,0,0,,1910.988,1571.039,,,,,,,,0.617950,0.022500,Amsterdam,Netherlands,martj42/international_results,https://github.com/martj42/international_results,"Resultados oficiales publicos; Elo e historial usan solo partidos previos. Ranking FIFA, mercado, plantilla y fase exacta quedan vacios si no hay fuente real conectada."
20210621_Ukraine_vs_Austria,2021-06-21,UEFA Euro,unknown_stage_from_source,Ukraine,Austria,0,1,1,,1774.434,1718.581,,,,,,,,0.332179,0.411486,Bucharest,Romania,martj42/international_results,https://github.com/martj42/international_results,"Resultados oficiales publicos; Elo e historial usan solo partidos previos. Ranking FIFA, mercado, plantilla y fase exacta quedan vacios si no hay fuente real conectada."
20210621_Uruguay_vs_Chile,2021-06-21,Copa América,unknown_stage_from_source,Uruguay,Chile,1,1,1,,1868.037,1816.764,,,,,,,,0.601279,0.424641,Cuiabá,Brazil,martj42/international_results,https://github.com/martj42/international_results,"Resultados oficiales publicos; Elo e historial usan solo partidos previos. Ranking FIFA, mercado, plantilla y fase exacta quedan vacios si no hay fuente real conectada."
20210621_Argentina_vs_Paraguay,2021-06-21,Copa América,unknown_stage_from_source,Argentina,Paraguay,1,0,1,,1937.958,1741.755,,,,,,,,0.687794,0.438858,Brasília,Brazil,martj42/international_results,https://github.com/martj42/international_results,"Resultados oficiales publicos; Elo e historial usan solo partidos previos. Ranking FIFA, mercado, plantilla y fase exacta quedan vacios si no hay fuente real conectada."
20210622_Scotland_vs_Croatia,2021-06-22,UEFA Euro,unknown_stage_from_source,Scotland,Croatia,1,3,0,,1660.004,1786.768,,,,,,,,0.300484,0.527403,Glasgow,Scotland,martj42/international_results,https://github.com/martj42/international_results,"Resultados oficiales publicos; Elo e historial usan solo partidos previos. Ranking FIFA, mercado, plantilla y fase exacta quedan vacios si no hay fuente real conectada."
20210622_England_vs_Czech_Republic,2021-06-22,UEFA Euro,unknown_stage_from_source,England,Czech Republic,1,0,0,,1930.024,1739.360,,,,,,,,0.514559,0.463908,London,England,martj42/international_results,https://github.com/martj42/international_results,"Resultados oficiales publicos; Elo e historial usan solo partidos previos. Ranking FIFA, mercado, plantilla y fase exacta quedan vacios si no hay fuente real conectada."
20210623_Spain_vs_Slovakia,2021-06-23,UEFA Euro,unknown_stage_from_source,Spain,Slovakia,5,0,0,,1957.970,1682.382,,,,,,,,0.565270,0.368167,Seville,Spain,martj42/international_results,https://github.com/martj42/international_results,"Resultados oficiales publicos; Elo e historial usan solo partidos previos. Ranking FIFA, mercado, plantilla y fase exacta quedan vacios si no hay fuente real conectada."
20210623_Sweden_vs_Poland,2021-06-23,UEFA Euro,unknown_stage_from_source,Sweden,Poland,3,2,1,,1830.933,1767.810,,,,,,,,0.451256,0.471915,Saint Petersburg,Russia,martj42/international_results,https://github.com/martj42/international_results,"Resultados oficiales publicos; Elo e historial usan solo partidos previos. Ranking FIFA, mercado, plantilla y fase exacta quedan vacios si no hay fuente real conectada."
20210623_Germany_vs_Hungary,2021-06-23,UEFA Euro,unknown_stage_from_source,Germany,Hungary,2,2,0,,1929.375,1702.165,,,,,,,,0.661854,0.486667,Munich,Germany,martj42/international_results,https://github.com/martj42/international_results,"Resultados oficiales publicos; Elo e historial usan solo partidos previos. Ranking FIFA, mercado, plantilla y fase exacta quedan vacios si no hay fuente real conectada."
20210623_Portugal_vs_France,2021-06-23,UEFA Euro,unknown_stage_from_source,Portugal,France,2,2,1,,1927.015,2023.792,,,,,,,,0.577239,0.596324,Budapest,Hungary,martj42/international_results,https://github.com/martj42/international_results,"Resultados oficiales publicos; Elo e historial usan solo partidos previos. Ranking FIFA, mercado, plantilla y fase exacta quedan vacios si no hay fuente real conectada."
20210623_Ecuador_vs_Peru,2021-06-23,Copa América,unknown_stage_from_source,Ecuador,Peru,2,2,1,,1738.473,1800.355,,,,,,,,0.200063,0.432567,Goiânia,Brazil,martj42/international_results,https://github.com/martj42/international_results,"Resultados oficiales publicos; Elo e historial usan solo partidos previos. Ranking FIFA, mercado, plantilla y fase exacta quedan vacios si no hay fuente real conectada."
20210623_Brazil_vs_Colombia,2021-06-23,Copa América,unknown_stage_from_source,Brazil,Colombia,2,1,0,,2061.293,1864.445,,,,,,,,0.688825,0.448533,Rio de Janeiro,Brazil,martj42/international_results,https://github.com/martj42/international_results,"Resultados oficiales publicos; Elo e historial usan solo partidos previos. Ranking FIFA, mercado, plantilla y fase exacta quedan vacios si no hay fuente real conectada."
20210624_Bolivia_vs_Uruguay,2021-06-24,Copa América,unknown_stage_from_source,Bolivia,Uruguay,0,2,1,,1551.442,1864.960,,,,,,,,0.210921,0.600360,Cuiabá,Brazil,martj42/international_results,https://github.com/martj42/international_results,"Resultados oficiales publicos; Elo e historial usan solo partidos previos. Ranking FIFA, mercado, plantilla y fase exacta quedan vacios si no hay fuente real conectada."
20210624_Chile_vs_Paraguay,2021-06-24,Copa América,unknown_stage_from_source,Chile,Paraguay,0,2,1,,1819.841,1731.496,,,,,,,,0.424361,0.436899,Brasília,Brazil,martj42/international_results,https://github.com/martj42/international_results,"Resultados oficiales publicos; Elo e historial usan solo partidos previos. Ranking FIFA, mercado, plantilla y fase exacta quedan vacios si no hay fuente real conectada."
20210626_Italy_vs_Austria,2021-06-26,UEFA Euro,unknown_stage_from_source,Italy,Austria,2,1,1,,1980.136,1742.928,,,,,,,,0.620188,0.425789,London,England,martj42/international_results,https://github.com/martj42/international_results,"Resultados oficiales publicos; Elo e historial usan solo partidos previos. Ranking FIFA, mercado, plantilla y fase exacta quedan vacios si no hay fuente real conectada."
20210626_Wales_vs_Denmark,2021-06-26,UEFA Euro,unknown_stage_from_source,Wales,Denmark,0,4,1,,1788.707,1854.934,,,,,,,,0.535595,0.421733,Amsterdam,Netherlands,martj42/international_results,https://github.com/martj42/international_results,"Resultados oficiales publicos; Elo e historial usan solo partidos previos. Ranking FIFA, mercado, plantilla y fase exacta quedan vacios si no hay fuente real conectada."
20210627_Netherlands_vs_Czech_Republic,2021-06-27,UEFA Euro,unknown_stage_from_source,Netherlands,Czech Republic,0,2,1,,1917.231,1728.852,,,,,,,,0.622803,0.449944,Budapest,Hungary,martj42/international_results,https://github.com/martj42/international_results,"Resultados oficiales publicos; Elo e historial usan solo partidos previos. Ranking FIFA, mercado, plantilla y fase exacta quedan vacios si no hay fuente real conectada."
20210627_Belgium_vs_Portugal,2021-06-27,UEFA Euro,unknown_stage_from_source,Belgium,Portugal,1,0,1,,2037.782,1932.718,,,,,,,,0.495319,0.574093,Seville,Spain,martj42/international_results,https://github.com/martj42/international_results,"Resultados oficiales publicos; Elo e historial usan solo partidos previos. Ranking FIFA, mercado, plantilla y fase exacta quedan vacios si no hay fuente real conectada."
20210627_Brazil_vs_Ecuador,2021-06-27,Copa América,unknown_stage_from_source,Brazil,Ecuador,1,1,0,,2071.523,1742.175,,,,,,,,0.689724,0.201281,Goiânia,Brazil,martj42/international_results,https://github.com/martj42/international_results,"Resultados oficiales publicos; Elo e historial usan solo partidos previos. Ranking FIFA, mercado, plantilla y fase exacta quedan vacios si no hay fuente real conectada."
20210627_Venezuela_vs_Peru,2021-06-27,Copa América,unknown_stage_from_source,Venezuela,Peru,0,1,1,,1735.818,1796.653,,,,,,,,0.169589,0.432171,Brasília,Brazil,martj42/international_results,https://github.com/martj42/international_results,"Resultados oficiales publicos; Elo e historial usan solo partidos previos. Ranking FIFA, mercado, plantilla y fase exacta quedan vacios si no hay fuente real conectada."
20210628_Croatia_vs_Spain,2021-06-28,UEFA Euro,unknown_stage_from_source,Croatia,Spain,3,5,1,,1800.958,1969.331,,,,,,,,0.538144,0.570645,Copenhagen,Denmark,martj42/international_results,https://github.com/martj42/international_results,"Resultados oficiales publicos; Elo e historial usan solo partidos previos. Ranking FIFA, mercado, plantilla y fase exacta quedan vacios si no hay fuente real conectada."
20210628_France_vs_Switzerland,2021-06-28,UEFA Euro,unknown_stage_from_source,France,Switzerland,3,3,1,,2018.089,1843.964,,,,,,,,0.594167,0.375597,Bucharest,Romania,martj42/international_results,https://github.com/martj42/international_results,"Resultados oficiales publicos; Elo e historial usan solo partidos previos. Ranking FIFA, mercado, plantilla y fase exacta quedan vacios si no hay fuente real conectada."
20210628_Argentina_vs_Bolivia,2021-06-28,Copa América,unknown_stage_from_source,Argentina,Bolivia,4,1,1,,1948.217,1545.737,,,,,,,,0.688751,0.209220,Cuiabá,Brazil,martj42/international_results,https://github.com/martj42/international_results,"Resultados oficiales publicos; Elo e historial usan solo partidos previos. Ranking FIFA, mercado, plantilla y fase exacta quedan vacios si no hay fuente real conectada."
20210628_Uruguay_vs_Paraguay,2021-06-28,Copa América,unknown_stage_from_source,Uruguay,Paraguay,1,0,1,,1870.666,1759.197,,,,,,,,0.601897,0.439686,Rio de Janeiro,Brazil,martj42/international_results,https://github.com/martj42/international_results,"Resultados oficiales publicos; Elo e historial usan solo partidos previos. Ranking FIFA, mercado, plantilla y fase exacta quedan vacios si no hay fuente real conectada."
20210629_England_vs_Germany,2021-06-29,UEFA Euro,unknown_stage_from_source,England,Germany,2,0,0,,1940.532,1917.314,,,,,,,,0.518835,0.660000,London,England,martj42/international_results,https://github.com/martj42/international_results,"Resultados oficiales publicos; Elo e historial usan solo partidos previos. Ranking FIFA, mercado, plantilla y fase exacta quedan vacios si no hay fuente real conectada."
20210629_Sweden_vs_Ukraine,2021-06-29,UEFA Euro,unknown_stage_from_source,Sweden,Ukraine,1,2,1,,1848.159,1750.087,,,,,,,,0.458063,0.311667,Glasgow,Scotland,martj42/international_results,https://github.com/martj42/international_results,"Resultados oficiales publicos; Elo e historial usan solo partidos previos. Ranking FIFA, mercado, plantilla y fase exacta quedan vacios si no hay fuente real conectada."
20210702_Switzerland_vs_Spain,2021-07-02,UEFA Euro,unknown_stage_from_source,Switzerland,Spain,1,1,1,,1853.688,1981.120,,,,,,,,0.375370,0.574657,Saint Petersburg,Russia,martj42/international_results,https://github.com/martj42/international_results,"Resultados oficiales publicos; Elo e historial usan solo partidos previos. Ranking FIFA, mercado, plantilla y fase exacta quedan vacios si no hay fuente real conectada."
20210702_Belgium_vs_Italy,2021-07-02,UEFA Euro,unknown_stage_from_source,Belgium,Italy,1,2,1,,2052.618,1988.677,,,,,,,,0.501981,0.622867,Munich,Germany,martj42/international_results,https://github.com/martj42/international_results,"Resultados oficiales publicos; Elo e historial usan solo partidos previos. Ranking FIFA, mercado, plantilla y fase exacta quedan vacios si no hay fuente real conectada."
20210702_Peru_vs_Paraguay,2021-07-02,Copa América,unknown_stage_from_source,Peru,Paraguay,3,3,1,,1814.013,1744.713,,,,,,,,0.435142,0.437742,Goiânia,Brazil,martj42/international_results,https://github.com/martj42/international_results,"Resultados oficiales publicos; Elo e historial usan solo partidos previos. Ranking FIFA, mercado, plantilla y fase exacta quedan vacios si no hay fuente real conectada."
20210702_Brazil_vs_Chile,2021-07-02,Copa América,unknown_stage_from_source,Brazil,Chile,1,0,0,,2056.007,1792.139,,,,,,,,0.688625,0.422432,Rio de Janeiro,Brazil,martj42/international_results,https://github.com/martj42/international_results,"Resultados oficiales publicos; Elo e historial usan solo partidos previos. Ranking FIFA, mercado, plantilla y fase exacta quedan vacios si no hay fuente real conectada."
20210703_Czech_Republic_vs_Denmark,2021-07-03,UEFA Euro,unknown_stage_from_source,Czech Republic,Denmark,1,2,1,,1760.615,1881.565,,,,,,,,0.467688,0.434837,Baku,Azerbaijan,martj42/international_results,https://github.com/martj42/international_results,"Resultados oficiales publicos; Elo e historial usan solo partidos previos. Ranking FIFA, mercado, plantilla y fase exacta quedan vacios si no hay fuente real conectada."
20210703_Ukraine_vs_England,2021-07-03,UEFA Euro,unknown_stage_from_source,Ukraine,England,0,4,1,,1776.862,1961.838,,,,,,,,0.354556,0.523462,Rome,Italy,martj42/international_results,https://github.com/martj42/international_results,"Resultados oficiales publicos; Elo e historial usan solo partidos previos. Ranking FIFA, mercado, plantilla y fase exacta quedan vacios si no hay fuente real conectada."
20210703_Uruguay_vs_Colombia,2021-07-03,Copa América,unknown_stage_from_source,Uruguay,Colombia,0,0,1,,1885.150,1854.214,,,,,,,,0.603250,0.445711,Brasília,Brazil,martj42/international_results,https://github.com/martj42/international_results,"Resultados oficiales publicos; Elo e historial usan solo partidos previos. Ranking FIFA, mercado, plantilla y fase exacta quedan vacios si no hay fuente real conectada."
20210703_Argentina_vs_Ecuador,2021-07-03,Copa América,unknown_stage_from_source,Argentina,Ecuador,3,0,1,,1952.634,1757.691,,,,,,,,0.690024,0.202481,Goiânia,Brazil,martj42/international_results,https://github.com/martj42/international_results,"Resultados oficiales publicos; Elo e historial usan solo partidos previos. Ranking FIFA, mercado, plantilla y fase exacta quedan vacios si no hay fuente real conectada."
20210705_Brazil_vs_Peru,2021-07-05,Copa América,unknown_stage_from_source,Brazil,Peru,1,0,0,,2063.551,1809.879,,,,,,,,0.689519,0.434736,Rio de Janeiro,Brazil,martj42/international_results,https://github.com/martj42/international_results,"Resultados oficiales publicos; Elo e historial usan solo partidos previos. Ranking FIFA, mercado, plantilla y fase exacta quedan vacios si no hay fuente real conectada."
20210706_Argentina_vs_Colombia,2021-07-06,Copa América,unknown_stage_from_source,Argentina,Colombia,1,1,1,,1965.770,1856.079,,,,,,,,0.691287,0.445139,Brasília,Brazil,martj42/international_results,https://github.com/martj42/international_results,"Resultados oficiales publicos; Elo e historial usan solo partidos previos. Ranking FIFA, mercado, plantilla y fase exacta quedan vacios si no hay fuente real conectada."
20210706_Italy_vs_Spain,2021-07-06,UEFA Euro,unknown_stage_from_source,Italy,Spain,1,1,1,,2013.498,1973.745,,,,,,,,0.625503,0.572701,London,England,martj42/international_results,https://github.com/martj42/international_results,"Resultados oficiales publicos; Elo e historial usan solo partidos previos. Ranking FIFA, mercado, plantilla y fase exacta quedan vacios si no hay fuente real conectada."
20210707_England_vs_Denmark,2021-07-07,UEFA Euro,unknown_stage_from_source,England,Denmark,2,1,0,,1977.825,1895.536,,,,,,,,0.528857,0.444840,London,England,martj42/international_results,https://github.com/martj42/international_results,"Resultados oficiales publicos; Elo e historial usan solo partidos previos. Ranking FIFA, mercado, plantilla y fase exacta quedan vacios si no hay fuente real conectada."
20210709_Peru_vs_Colombia,2021-07-09,Copa América,unknown_stage_from_source,Peru,Colombia,2,3,1,,1801.965,1862.497,,,,,,,,0.432547,0.444575,Brasília,Brazil,martj42/international_results,https://github.com/martj42/international_results,"Resultados oficiales publicos; Elo e historial usan solo partidos previos. Ranking FIFA, mercado, plantilla y fase exacta quedan vacios si no hay fuente real conectada."
20210710_Brazil_vs_Argentina,2021-07-10,Copa América,unknown_stage_from_source,Brazil,Argentina,0,1,0,,2071.465,1959.352,,,,,,,,0.690407,0.690124,Rio de Janeiro,Brazil,martj42/international_results,https://github.com/martj42/international_results,"Resultados oficiales publicos; Elo e historial usan solo partidos previos. Ranking FIFA, mercado, plantilla y fase exacta quedan vacios si no hay fuente real conectada."
20210711_England_vs_Italy,2021-07-11,UEFA Euro,unknown_stage_from_source,England,Italy,1,1,0,,1993.943,2011.106,,,,,,,,0.532877,0.623438,London,England,martj42/international_results,https://github.com/martj42/international_results,"Resultados oficiales publicos; Elo e historial usan solo partidos previos. Ranking FIFA, mercado, plantilla y fase exacta quedan vacios si no hay fuente real conectada."
20221120_Qatar_vs_Ecuador,2022-11-20,FIFA World Cup,unknown_stage_from_source,Qatar,Ecuador,0,2,0,,1736.288,1790.801,,,,,,,,0.136111,0.200662,Al Khor,Qatar,martj42/international_results,https://github.com/martj42/international_results,"Resultados oficiales publicos; Elo e historial usan solo partidos previos. Ranking FIFA, mercado, plantilla y fase exacta quedan vacios si no hay fuente real conectada."
20221121_Senegal_vs_Netherlands,2022-11-21,FIFA World Cup,unknown_stage_from_source,Senegal,Netherlands,0,2,1,,1747.744,1948.612,,,,,,,,0.505625,0.615805,Doha,Qatar,martj42/international_results,https://github.com/martj42/international_results,"Resultados oficiales publicos; Elo e historial usan solo partidos previos. Ranking FIFA, mercado, plantilla y fase exacta quedan vacios si no hay fuente real conectada."
20221121_England_vs_Iran,2022-11-21,FIFA World Cup,unknown_stage_from_source,England,Iran,6,2,1,,1934.576,1856.414,,,,,,,,0.531293,0.227222,Al Rayyan,Qatar,martj42/international_results,https://github.com/martj42/international_results,"Resultados oficiales publicos; Elo e historial usan solo partidos previos. Ranking FIFA, mercado, plantilla y fase exacta quedan vacios si no hay fuente real conectada."
20221121_United_States_vs_Wales,2022-11-21,FIFA World Cup,unknown_stage_from_source,United States,Wales,1,1,1,,1843.038,1765.392,,,,,,,,0.310131,0.493889,Al Rayyan,Qatar,martj42/international_results,https://github.com/martj42/international_results,"Resultados oficiales publicos; Elo e historial usan solo partidos previos. Ranking FIFA, mercado, plantilla y fase exacta quedan vacios si no hay fuente real conectada."
20221122_Argentina_vs_Saudi_Arabia,2022-11-22,FIFA World Cup,unknown_stage_from_source,Argentina,Saudi Arabia,1,2,1,,2042.577,1731.116,,,,,,,,0.691060,0.199167,Lusail,Qatar,martj42/international_results,https://github.com/martj42/international_results,"Resultados oficiales publicos; Elo e historial usan solo partidos previos. Ranking FIFA, mercado, plantilla y fase exacta quedan vacios si no hay fuente real conectada."
20221122_Mexico_vs_Poland,2022-11-22,FIFA World Cup,unknown_stage_from_source,Mexico,Poland,0,0,1,,1837.384,1788.353,,,,,,,,0.419048,0.463021,Doha,Qatar,martj42/international_results,https://github.com/martj42/international_results,"Resultados oficiales publicos; Elo e historial usan solo partidos previos. Ranking FIFA, mercado, plantilla y fase exacta quedan vacios si no hay fuente real conectada."
20221122_Denmark_vs_Tunisia,2022-11-22,FIFA World Cup,unknown_stage_from_source,Denmark,Tunisia,0,0,1,,1894.822,1745.443,,,,,,,,0.437296,0.236222,Al Rayyan,Qatar,martj42/international_results,https://github.com/martj42/international_results,"Resultados oficiales publicos; Elo e historial usan solo partidos previos. Ranking FIFA, mercado, plantilla y fase exacta quedan vacios si no hay fuente real conectada."
20221122_France_vs_Australia,2022-11-22,FIFA World Cup,unknown_stage_from_source,France,Australia,4,1,1,,1966.331,1785.816,,,,,,,,0.592049,0.210208,Al Wakrah,Qatar,martj42/international_results,https://github.com/martj42/international_results,"Resultados oficiales publicos; Elo e historial usan solo partidos previos. Ranking FIFA, mercado, plantilla y fase exacta quedan vacios si no hay fuente real conectada."
20221123_Germany_vs_Japan,2022-11-23,FIFA World Cup,unknown_stage_from_source,Germany,Japan,1,2,1,,1923.094,1846.437,,,,,,,,0.655926,0.292840,Al Rayyan,Qatar,martj42/international_results,https://github.com/martj42/international_results,"Resultados oficiales publicos; Elo e historial usan solo partidos previos. Ranking FIFA, mercado, plantilla y fase exacta quedan vacios si no hay fuente real conectada."
20221123_Spain_vs_Costa_Rica,2022-11-23,FIFA World Cup,unknown_stage_from_source,Spain,Costa Rica,7,0,1,,1979.074,1779.181,,,,,,,,0.570780,0.357190,Doha,Qatar,martj42/international_results,https://github.com/martj42/international_results,"Resultados oficiales publicos; Elo e historial usan solo partidos previos. Ranking FIFA, mercado, plantilla y fase exacta quedan vacios si no hay fuente real conectada."
20221123_Morocco_vs_Croatia,2022-11-23,FIFA World Cup,unknown_stage_from_source,Morocco,Croatia,0,0,1,,1800.991,1857.808,,,,,,,,0.255417,0.526185,Al Khor,Qatar,martj42/international_results,https://github.com/martj42/international_results,"Resultados oficiales publicos; Elo e historial usan solo partidos previos. Ranking FIFA, mercado, plantilla y fase exacta quedan vacios si no hay fuente real conectada."
20221123_Belgium_vs_Canada,2022-11-23,FIFA World Cup,unknown_stage_from_source,Belgium,Canada,1,0,1,,1972.342,1793.514,,,,,,,,0.495452,0.015000,Al Rayyan,Qatar,martj42/international_results,https://github.com/martj42/international_results,"Resultados oficiales publicos; Elo e historial usan solo partidos previos. Ranking FIFA, mercado, plantilla y fase exacta quedan vacios si no hay fuente real conectada."
20221124_Switzerland_vs_Cameroon,2022-11-24,FIFA World Cup,unknown_stage_from_source,Switzerland,Cameroon,1,0,1,,1861.133,1701.036,,,,,,,,0.375152,0.266884,Al Wakrah,Qatar,martj42/international_results,https://github.com/martj42/international_results,"Resultados oficiales publicos; Elo e historial usan solo partidos previos. Ranking FIFA, mercado, plantilla y fase exacta quedan vacios si no hay fuente real conectada."
20221124_Brazil_vs_Serbia,2022-11-24,FIFA World Cup,unknown_stage_from_source,Brazil,Serbia,2,0,1,,2080.318,1815.207,,,,,,,,0.688256,0.323627,Lusail,Qatar,martj42/international_results,https://github.com/martj42/international_results,"Resultados oficiales publicos; Elo e historial usan solo partidos previos. Ranking FIFA, mercado, plantilla y fase exacta quedan vacios si no hay fuente real conectada."
20221124_Uruguay_vs_South_Korea,2022-11-24,FIFA World Cup,unknown_stage_from_source,Uruguay,South Korea,0,0,1,,1885.522,1836.847,,,,,,,,0.602335,0.259412,Al Rayyan,Qatar,martj42/international_results,https://github.com/martj42/international_results,"Resultados oficiales publicos; Elo e historial usan solo partidos previos. Ranking FIFA, mercado, plantilla y fase exacta quedan vacios si no hay fuente real conectada."
20221124_Portugal_vs_Ghana,2022-11-24,FIFA World Cup,unknown_stage_from_source,Portugal,Ghana,3,2,1,,1925.439,1661.124,,,,,,,,0.566425,0.420417,Doha,Qatar,martj42/international_results,https://github.com/martj42/international_results,"Resultados oficiales publicos; Elo e historial usan solo partidos previos. Ranking FIFA, mercado, plantilla y fase exacta quedan vacios si no hay fuente real conectada."
20221125_Qatar_vs_Senegal,2022-11-25,FIFA World Cup,unknown_stage_from_source,Qatar,Senegal,1,3,0,,1717.278,1737.624,,,,,,,,0.102083,0.449444,Doha,Qatar,martj42/international_results,https://github.com/martj42/international_results,"Resultados oficiales publicos; Elo e historial usan solo partidos previos. Ranking FIFA, mercado, plantilla y fase exacta quedan vacios si no hay fuente real conectada."
20221125_Netherlands_vs_Ecuador,2022-11-25,FIFA World Cup,unknown_stage_from_source,Netherlands,Ecuador,1,1,1,,1958.732,1809.810,,,,,,,,0.620074,0.206496,Al Rayyan,Qatar,martj42/international_results,https://github.com/martj42/international_results,"Resultados oficiales publicos; Elo e historial usan solo partidos previos. Ranking FIFA, mercado, plantilla y fase exacta quedan vacios si no hay fuente real conectada."
20221125_Wales_vs_Iran,2022-11-25,FIFA World Cup,unknown_stage_from_source,Wales,Iran,0,2,1,,1770.008,1830.997,,,,,,,,0.485729,0.207396,Al Rayyan,Qatar,martj42/international_results,https://github.com/martj42/international_results,"Resultados oficiales publicos; Elo e historial usan solo partidos previos. Ranking FIFA, mercado, plantilla y fase exacta quedan vacios si no hay fuente real conectada."
20221125_England_vs_United_States,2022-11-25,FIFA World Cup,unknown_stage_from_source,England,United States,0,0,1,,1959.993,1838.421,,,,,,,,0.536466,0.311154,Al Khor,Qatar,martj42/international_results,https://github.com/martj42/international_results,"Resultados oficiales publicos; Elo e historial usan solo partidos previos. Ranking FIFA, mercado, plantilla y fase exacta quedan vacios si no hay fuente real conectada."
20221126_Poland_vs_Saudi_Arabia,2022-11-26,FIFA World Cup,unknown_stage_from_source,Poland,Saudi Arabia,2,0,1,,1791.297,1767.122,,,,,,,,0.460986,0.243627,Al Rayyan,Qatar,martj42/international_results,https://github.com/martj42/international_results,"Resultados oficiales publicos; Elo e historial usan solo partidos previos. Ranking FIFA, mercado, plantilla y fase exacta quedan vacios si no hay fuente real conectada."
20221126_Argentina_vs_Mexico,2022-11-26,FIFA World Cup,unknown_stage_from_source,Argentina,Mexico,2,0,1,,2006.571,1834.440,,,,,,,,0.688785,0.418522,Lusail,Qatar,martj42/international_results,https://github.com/martj42/international_results,"Resultados oficiales publicos; Elo e historial usan solo partidos previos. Ranking FIFA, mercado, plantilla y fase exacta quedan vacios si no hay fuente real conectada."
20221126_Tunisia_vs_Australia,2022-11-26,FIFA World Cup,unknown_stage_from_source,Tunisia,Australia,0,1,1,,1753.954,1771.754,,,,,,,,0.244167,0.195196,Al Wakrah,Qatar,martj42/international_results,https://github.com/martj42/international_results,"Resultados oficiales publicos; Elo e historial usan solo partidos previos. Ranking FIFA, mercado, plantilla y fase exacta quedan vacios si no hay fuente real conectada."
20221126_France_vs_Denmark,2022-11-26,FIFA World Cup,unknown_stage_from_source,France,Denmark,2,1,1,,1980.392,1886.311,,,,,,,,0.596167,0.435926,Doha,Qatar,martj42/international_results,https://github.com/martj42/international_results,"Resultados oficiales publicos; Elo e historial usan solo partidos previos. Ranking FIFA, mercado, plantilla y fase exacta quedan vacios si no hay fuente real conectada."
20221127_Japan_vs_Costa_Rica,2022-11-27,FIFA World Cup,unknown_stage_from_source,Japan,Costa Rica,0,1,1,,1871.997,1759.937,,,,,,,,0.316488,0.341019,Al Rayyan,Qatar,martj42/international_results,https://github.com/martj42/international_results,"Resultados oficiales publicos; Elo e historial usan solo partidos previos. Ranking FIFA, mercado, plantilla y fase exacta quedan vacios si no hay fuente real conectada."
20221127_Spain_vs_Germany,2022-11-27,FIFA World Cup,unknown_stage_from_source,Spain,Germany,1,1,1,,1998.318,1897.535,,,,,,,,0.576727,0.652178,Al Khor,Qatar,martj42/international_results,https://github.com/martj42/international_results,"Resultados oficiales publicos; Elo e historial usan solo partidos previos. Ranking FIFA, mercado, plantilla y fase exacta quedan vacios si no hay fuente real conectada."
20221127_Belgium_vs_Morocco,2022-11-27,FIFA World Cup,unknown_stage_from_source,Belgium,Morocco,0,2,1,,1983.396,1804.394,,,,,,,,0.501925,0.261765,Doha,Qatar,martj42/international_results,https://github.com/martj42/international_results,"Resultados oficiales publicos; Elo e historial usan solo partidos previos. Ranking FIFA, mercado, plantilla y fase exacta quedan vacios si no hay fuente real conectada."
20221127_Croatia_vs_Canada,2022-11-27,FIFA World Cup,unknown_stage_from_source,Croatia,Canada,4,1,1,,1854.404,1782.459,,,,,,,,0.522645,0.022500,Al Rayyan,Qatar,martj42/international_results,https://github.com/martj42/international_results,"Resultados oficiales publicos; Elo e historial usan solo partidos previos. Ranking FIFA, mercado, plantilla y fase exacta quedan vacios si no hay fuente real conectada."
20221128_Cameroon_vs_Serbia,2022-11-28,FIFA World Cup,unknown_stage_from_source,Cameroon,Serbia,3,3,1,,1689.081,1807.854,,,,,,,,0.257639,0.305648,Al Wakrah,Qatar,martj42/international_results,https://github.com/martj42/international_results,"Resultados oficiales publicos; Elo e historial usan solo partidos previos. Ranking FIFA, mercado, plantilla y fase exacta quedan vacios si no hay fuente real conectada."
20221128_Brazil_vs_Switzerland,2022-11-28,FIFA World Cup,unknown_stage_from_source,Brazil,Switzerland,1,0,1,,2087.671,1873.088,,,,,,,,0.689291,0.385506,Doha,Qatar,martj42/international_results,https://github.com/martj42/international_results,"Resultados oficiales publicos; Elo e historial usan solo partidos previos. Ranking FIFA, mercado, plantilla y fase exacta quedan vacios si no hay fuente real conectada."
20221128_South_Korea_vs_Ghana,2022-11-28,FIFA World Cup,unknown_stage_from_source,South Korea,Ghana,2,3,1,,1839.770,1653.596,,,,,,,,0.262381,0.391538,Al Rayyan,Qatar,martj42/international_results,https://github.com/martj42/international_results,"Resultados oficiales publicos; Elo e historial usan solo partidos previos. Ranking FIFA, mercado, plantilla y fase exacta quedan vacios si no hay fuente real conectada."
20221128_Portugal_vs_Uruguay,2022-11-28,FIFA World Cup,unknown_stage_from_source,Portugal,Uruguay,2,0,1,,1932.967,1882.599,,,,,,,,0.571976,0.601426,Lusail,Qatar,martj42/international_results,https://github.com/martj42/international_results,"Resultados oficiales publicos; Elo e historial usan solo partidos previos. Ranking FIFA, mercado, plantilla y fase exacta quedan vacios si no hay fuente real conectada."
20221129_Ecuador_vs_Senegal,2022-11-29,FIFA World Cup,unknown_stage_from_source,Ecuador,Senegal,1,2,1,,1818.298,1759.147,,,,,,,,0.207633,0.504500,Al Rayyan,Qatar,martj42/international_results,https://github.com/martj42/international_results,"Resultados oficiales publicos; Elo e historial usan solo partidos previos. Ranking FIFA, mercado, plantilla y fase exacta quedan vacios si no hay fuente real conectada."
20221129_Qatar_vs_Netherlands,2022-11-29,FIFA World Cup,unknown_stage_from_source,Qatar,Netherlands,0,2,0,,1695.756,1950.244,,,,,,,,0.081667,0.617253,Al Khor,Qatar,martj42/international_results,https://github.com/martj42/international_results,"Resultados oficiales publicos; Elo e historial usan solo partidos previos. Ranking FIFA, mercado, plantilla y fase exacta quedan vacios si no hay fuente real conectada."
20221129_Wales_vs_England,2022-11-29,FIFA World Cup,unknown_stage_from_source,Wales,England,0,3,1,,1751.460,1952.931,,,,,,,,0.457157,0.534878,Al Rayyan,Qatar,martj42/international_results,https://github.com/martj42/international_results,"Resultados oficiales publicos; Elo e historial usan solo partidos previos. Ranking FIFA, mercado, plantilla y fase exacta quedan vacios si no hay fuente real conectada."
20221129_Iran_vs_United_States,2022-11-29,FIFA World Cup,unknown_stage_from_source,Iran,United States,0,1,1,,1849.545,1845.484,,,,,,,,0.254020,0.312138,Doha,Qatar,martj42/international_results,https://github.com/martj42/international_results,"Resultados oficiales publicos; Elo e historial usan solo partidos previos. Ranking FIFA, mercado, plantilla y fase exacta quedan vacios si no hay fuente real conectada."
20221130_Poland_vs_Argentina,2022-11-30,FIFA World Cup,unknown_stage_from_source,Poland,Argentina,0,2,1,,1812.532,2018.157,,,,,,,,0.471767,0.689877,Doha,Qatar,martj42/international_results,https://github.com/martj42/international_results,"Resultados oficiales publicos; Elo e historial usan solo partidos previos. Ranking FIFA, mercado, plantilla y fase exacta quedan vacios si no hay fuente real conectada."
20221130_Saudi_Arabia_vs_Mexico,2022-11-30,FIFA World Cup,unknown_stage_from_source,Saudi Arabia,Mexico,1,2,1,,1745.887,1822.854,,,,,,,,0.230093,0.414611,Lusail,Qatar,martj42/international_results,https://github.com/martj42/international_results,"Resultados oficiales publicos; Elo e historial usan solo partidos previos. Ranking FIFA, mercado, plantilla y fase exacta quedan vacios si no hay fuente real conectada."
20221130_Australia_vs_Denmark,2022-11-30,FIFA World Cup,unknown_stage_from_source,Australia,Denmark,1,0,1,,1791.679,1870.863,,,,,,,,0.237407,0.428818,Al Wakrah,Qatar,martj42/international_results,https://github.com/martj42/international_results,"Resultados oficiales publicos; Elo e historial usan solo partidos previos. Ranking FIFA, mercado, plantilla y fase exacta quedan vacios si no hay fuente real conectada."
20221130_Tunisia_vs_France,2022-11-30,FIFA World Cup,unknown_stage_from_source,Tunisia,France,1,0,1,,1734.029,1995.840,,,,,,,,0.232451,0.599399,Al Rayyan,Qatar,martj42/international_results,https://github.com/martj42/international_results,"Resultados oficiales publicos; Elo e historial usan solo partidos previos. Ranking FIFA, mercado, plantilla y fase exacta quedan vacios si no hay fuente real conectada."
20221201_Japan_vs_Spain,2022-12-01,FIFA World Cup,unknown_stage_from_source,Japan,Spain,2,1,1,,1844.449,1992.392,,,,,,,,0.307126,0.574805,Al Rayyan,Qatar,martj42/international_results,https://github.com/martj42/international_results,"Resultados oficiales publicos; Elo e historial usan solo partidos previos. Ranking FIFA, mercado, plantilla y fase exacta quedan vacios si no hay fuente real conectada."
20221201_Costa_Rica_vs_Germany,2022-12-01,FIFA World Cup,unknown_stage_from_source,Costa Rica,Germany,2,4,1,,1787.485,1903.461,,,,,,,,0.357613,0.650417,Al Khor,Qatar,martj42/international_results,https://github.com/martj42/international_results,"Resultados oficiales publicos; Elo e historial usan solo partidos previos. Ranking FIFA, mercado, plantilla y fase exacta quedan vacios si no hay fuente real conectada."
20221201_Croatia_vs_Belgium,2022-12-01,FIFA World Cup,unknown_stage_from_source,Croatia,Belgium,0,0,1,,1876.839,1951.949,,,,,,,,0.533759,0.494954,Al Rayyan,Qatar,martj42/international_results,https://github.com/martj42/international_results,"Resultados oficiales publicos; Elo e historial usan solo partidos previos. Ranking FIFA, mercado, plantilla y fase exacta quedan vacios si no hay fuente real conectada."
20221201_Canada_vs_Morocco,2022-12-01,FIFA World Cup,unknown_stage_from_source,Canada,Morocco,1,2,1,,1760.025,1835.842,,,,,,,,0.009000,0.302778,Doha,Qatar,martj42/international_results,https://github.com/martj42/international_results,"Resultados oficiales publicos; Elo e historial usan solo partidos previos. Ranking FIFA, mercado, plantilla y fase exacta quedan vacios si no hay fuente real conectada."
20221202_Serbia_vs_Switzerland,2022-12-02,FIFA World Cup,unknown_stage_from_source,Serbia,Switzerland,2,3,1,,1800.942,1863.627,,,,,,,,0.308684,0.379532,Doha,Qatar,martj42/international_results,https://github.com/martj42/international_results,"Resultados oficiales publicos; Elo e historial usan solo partidos previos. Ranking FIFA, mercado, plantilla y fase exacta quedan vacios si no hay fuente real conectada."
20221202_Cameroon_vs_Brazil,2022-12-02,FIFA World Cup,unknown_stage_from_source,Cameroon,Brazil,1,0,1,,1695.993,2097.133,,,,,,,,0.261867,0.690171,Lusail,Qatar,martj42/international_results,https://github.com/martj42/international_results,"Resultados oficiales publicos; Elo e historial usan solo partidos previos. Ranking FIFA, mercado, plantilla y fase exacta quedan vacios si no hay fuente real conectada."
20221202_Ghana_vs_Uruguay,2022-12-02,FIFA World Cup,unknown_stage_from_source,Ghana,Uruguay,0,2,1,,1684.883,1863.292,,,,,,,,0.431786,0.599148,Al Wakrah,Qatar,martj42/international_results,https://github.com/martj42/international_results,"Resultados oficiales publicos; Elo e historial usan solo partidos previos. Ranking FIFA, mercado, plantilla y fase exacta quedan vacios si no hay fuente real conectada."
20221202_South_Korea_vs_Portugal,2022-12-02,FIFA World Cup,unknown_stage_from_source,South Korea,Portugal,2,1,1,,1808.483,1952.275,,,,,,,,0.256343,0.578005,Al Rayyan,Qatar,martj42/international_results,https://github.com/martj42/international_results,"Resultados oficiales publicos; Elo e historial usan solo partidos previos. Ranking FIFA, mercado, plantilla y fase exacta quedan vacios si no hay fuente real conectada."
20221203_Netherlands_vs_United_States,2022-12-03,FIFA World Cup,unknown_stage_from_source,Netherlands,United States,3,1,1,,1958.007,1866.729,,,,,,,,0.621413,0.324043,Al Rayyan,Qatar,martj42/international_results,https://github.com/martj42/international_results,"Resultados oficiales publicos; Elo e historial usan solo partidos previos. Ranking FIFA, mercado, plantilla y fase exacta quedan vacios si no hay fuente real conectada."
20221203_Argentina_vs_Australia,2022-12-03,FIFA World Cup,unknown_stage_from_source,Argentina,Australia,2,1,1,,2028.048,1817.384,,,,,,,,0.690962,0.275175,Al Rayyan,Qatar,martj42/international_results,https://github.com/martj42/international_results,"Resultados oficiales publicos; Elo e historial usan solo partidos previos. Ranking FIFA, mercado, plantilla y fase exacta quedan vacios si no hay fuente real conectada."
20221204_France_vs_Poland,2022-12-04,FIFA World Cup,unknown_stage_from_source,France,Poland,3,1,1,,1961.458,1802.641,,,,,,,,0.594449,0.462516,Doha,Qatar,martj42/international_results,https://github.com/martj42/international_results,"Resultados oficiales publicos; Elo e historial usan solo partidos previos. Ranking FIFA, mercado, plantilla y fase exacta quedan vacios si no hay fuente real conectada."
20221204_England_vs_Senegal,2022-12-04,FIFA World Cup,unknown_stage_from_source,England,Senegal,3,0,1,,1965.664,1783.688,,,,,,,,0.539515,0.545455,Al Khor,Qatar,martj42/international_results,https://github.com/martj42/international_results,"Resultados oficiales publicos; Elo e historial usan solo partidos previos. Ranking FIFA, mercado, plantilla y fase exacta quedan vacios si no hay fuente real conectada."
20221205_Japan_vs_Croatia,2022-12-05,FIFA World Cup,unknown_stage_from_source,Japan,Croatia,1,1,1,,1873.887,1881.310,,,,,,,,0.328722,0.530208,Al Wakrah,Qatar,martj42/international_results,https://github.com/martj42/international_results,"Resultados oficiales publicos; Elo e historial usan solo partidos previos. Ranking FIFA, mercado, plantilla y fase exacta quedan vacios si no hay fuente real conectada."
20221205_Brazil_vs_South_Korea,2022-12-05,FIFA World Cup,unknown_stage_from_source,Brazil,South Korea,4,1,1,,2058.928,1837.710,,,,,,,,0.688042,0.275225,Doha,Qatar,martj42/international_results,https://github.com/martj42/international_results,"Resultados oficiales publicos; Elo e historial usan solo partidos previos. Ranking FIFA, mercado, plantilla y fase exacta quedan vacios si no hay fuente real conectada."
20221206_Morocco_vs_Spain,2022-12-06,FIFA World Cup,unknown_stage_from_source,Morocco,Spain,0,0,1,,1852.331,1962.954,,,,,,,,0.337105,0.570074,Al Rayyan,Qatar,martj42/international_results,https://github.com/martj42/international_results,"Resultados oficiales publicos; Elo e historial usan solo partidos previos. Ranking FIFA, mercado, plantilla y fase exacta quedan vacios si no hay fuente real conectada."
20221206_Portugal_vs_Switzerland,2022-12-06,FIFA World Cup,unknown_stage_from_source,Portugal,Switzerland,6,1,1,,1923.048,1880.878,,,,,,,,0.570602,0.389454,Lusail,Qatar,martj42/international_results,https://github.com/martj42/international_results,"Resultados oficiales publicos; Elo e historial usan solo partidos previos. Ranking FIFA, mercado, plantilla y fase exacta quedan vacios si no hay fuente real conectada."
20221209_Croatia_vs_Brazil,2022-12-09,FIFA World Cup,unknown_stage_from_source,Croatia,Brazil,1,1,1,,1880.861,2070.497,,,,,,,,0.526803,0.689216,Al Rayyan,Qatar,martj42/international_results,https://github.com/martj42/international_results,"Resultados oficiales publicos; Elo e historial usan solo partidos previos. Ranking FIFA, mercado, plantilla y fase exacta quedan vacios si no hay fuente real conectada."
20221209_Netherlands_vs_Argentina,2022-12-09,FIFA World Cup,unknown_stage_from_source,Netherlands,Argentina,2,2,1,,1974.470,2037.675,,,,,,,,0.625484,0.691882,Lusail,Qatar,martj42/international_results,https://github.com/martj42/international_results,"Resultados oficiales publicos; Elo e historial usan solo partidos previos. Ranking FIFA, mercado, plantilla y fase exacta quedan vacios si no hay fuente real conectada."
20221210_Morocco_vs_Portugal,2022-12-10,FIFA World Cup,unknown_stage_from_source,Morocco,Portugal,1,0,1,,1858.800,1955.508,,,,,,,,0.338417,0.578333,Doha,Qatar,martj42/international_results,https://github.com/martj42/international_results,"Resultados oficiales publicos; Elo e historial usan solo partidos previos. Ranking FIFA, mercado, plantilla y fase exacta quedan vacios si no hay fuente real conectada."
20221210_England_vs_France,2022-12-10,FIFA World Cup,unknown_stage_from_source,England,France,1,2,1,,1979.629,1973.772,,,,,,,,0.544069,0.598038,Al Khor,Qatar,martj42/international_results,https://github.com/martj42/international_results,"Resultados oficiales publicos; Elo e historial usan solo partidos previos. Ranking FIFA, mercado, plantilla y fase exacta quedan vacios si no hay fuente real conectada."
20221213_Argentina_vs_Croatia,2022-12-13,FIFA World Cup,unknown_stage_from_source,Argentina,Croatia,3,0,1,,2033.897,1891.306,,,,,,,,0.690741,0.523533,Lusail,Qatar,martj42/international_results,https://github.com/martj42/international_results,"Resultados oficiales publicos; Elo e historial usan solo partidos previos. Ranking FIFA, mercado, plantilla y fase exacta quedan vacios si no hay fuente real conectada."
20221214_France_vs_Morocco,2022-12-14,FIFA World Cup,unknown_stage_from_source,France,Morocco,2,0,1,,1995.126,1885.499,,,,,,,,0.601170,0.367778,Al Khor,Qatar,martj42/international_results,https://github.com/martj42/international_results,"Resultados oficiales publicos; Elo e historial usan solo partidos previos. Ranking FIFA, mercado, plantilla y fase exacta quedan vacios si no hay fuente real conectada."
20221217_Croatia_vs_Morocco,2022-12-17,FIFA World Cup,unknown_stage_from_source,Croatia,Morocco,2,1,1,,1874.596,1870.236,,,,,,,,0.512386,0.351061,Al Rayyan,Qatar,martj42/international_results,https://github.com/martj42/international_results,"Resultados oficiales publicos; Elo e historial usan solo partidos previos. Ranking FIFA, mercado, plantilla y fase exacta quedan vacios si no hay fuente real conectada."
20221218_Argentina_vs_France,2022-12-18,FIFA World Cup,unknown_stage_from_source,Argentina,France,3,3,1,,2050.606,2010.389,,,,,,,,0.691967,0.604638,Lusail,Qatar,martj42/international_results,https://github.com/martj42/international_results,"Resultados oficiales publicos; Elo e historial usan solo partidos previos. Ranking FIFA, mercado, plantilla y fase exacta quedan vacios si no hay fuente real conectada."
20240614_Germany_vs_Scotland,2024-06-14,UEFA Euro,unknown_stage_from_source,Germany,Scotland,5,1,0,,1903.973,1730.932,,,,,,,,0.652535,0.291094,Munich,Germany,martj42/international_results,https://github.com/martj42/international_results,"Resultados oficiales publicos; Elo e historial usan solo partidos previos. Ranking FIFA, mercado, plantilla y fase exacta quedan vacios si no hay fuente real conectada."
20240615_Hungary_vs_Switzerland,2024-06-15,UEFA Euro,unknown_stage_from_source,Hungary,Switzerland,1,3,1,,1777.009,1793.823,,,,,,,,0.483798,0.380565,Cologne,Germany,martj42/international_results,https://github.com/martj42/international_results,"Resultados oficiales publicos; Elo e historial usan solo partidos previos. Ranking FIFA, mercado, plantilla y fase exacta quedan vacios si no hay fuente real conectada."
20240615_Spain_vs_Croatia,2024-06-15,UEFA Euro,unknown_stage_from_source,Spain,Croatia,3,0,1,,1968.943,1888.733,,,,,,,,0.568245,0.520897,Berlin,Germany,martj42/international_results,https://github.com/martj42/international_results,"Resultados oficiales publicos; Elo e historial usan solo partidos previos. Ranking FIFA, mercado, plantilla y fase exacta quedan vacios si no hay fuente real conectada."
20240615_Italy_vs_Albania,2024-06-15,UEFA Euro,unknown_stage_from_source,Italy,Albania,2,1,1,,1916.728,1601.266,,,,,,,,0.621406,0.333333,Dortmund,Germany,martj42/international_results,https://github.com/martj42/international_results,"Resultados oficiales publicos; Elo e historial usan solo partidos previos. Ranking FIFA, mercado, plantilla y fase exacta quedan vacios si no hay fuente real conectada."
20240616_Slovenia_vs_Denmark,2024-06-16,UEFA Euro,unknown_stage_from_source,Slovenia,Denmark,1,1,1,,1687.770,1826.517,,,,,,,,0.242222,0.421964,Stuttgart,Germany,martj42/international_results,https://github.com/martj42/international_results,"Resultados oficiales publicos; Elo e historial usan solo partidos previos. Ranking FIFA, mercado, plantilla y fase exacta quedan vacios si no hay fuente real conectada."
20240616_Serbia_vs_England,2024-06-16,UEFA Euro,unknown_stage_from_source,Serbia,England,0,1,1,,1760.508,1967.698,,,,,,,,0.295500,0.539613,Gelsenkirchen,Germany,martj42/international_results,https://github.com/martj42/international_results,"Resultados oficiales publicos; Elo e historial usan solo partidos previos. Ranking FIFA, mercado, plantilla y fase exacta quedan vacios si no hay fuente real conectada."
20240616_Poland_vs_Netherlands,2024-06-16,UEFA Euro,unknown_stage_from_source,Poland,Netherlands,1,2,1,,1748.423,1946.762,,,,,,,,0.453622,0.622695,Hamburg,Germany,martj42/international_results,https://github.com/martj42/international_results,"Resultados oficiales publicos; Elo e historial usan solo partidos previos. Ranking FIFA, mercado, plantilla y fase exacta quedan vacios si no hay fuente real conectada."
20240617_Austria_vs_France,2024-06-17,UEFA Euro,unknown_stage_from_source,Austria,France,0,1,1,,1785.428,2027.160,,,,,,,,0.416026,0.602557,Düsseldorf,Germany,martj42/international_results,https://github.com/martj42/international_results,"Resultados oficiales publicos; Elo e historial usan solo partidos previos. Ranking FIFA, mercado, plantilla y fase exacta quedan vacios si no hay fuente real conectada."
20240617_Romania_vs_Ukraine,2024-06-17,UEFA Euro,unknown_stage_from_source,Romania,Ukraine,3,0,1,,1668.083,1792.558,,,,,,,,0.347523,0.326771,Munich,Germany,martj42/international_results,https://github.com/martj42/international_results,"Resultados oficiales publicos; Elo e historial usan solo partidos previos. Ranking FIFA, mercado, plantilla y fase exacta quedan vacios si no hay fuente real conectada."
20240617_Belgium_vs_Slovakia,2024-06-17,UEFA Euro,unknown_stage_from_source,Belgium,Slovakia,0,1,1,,1960.985,1669.578,,,,,,,,0.493151,0.322424,Frankfurt,Germany,martj42/international_results,https://github.com/martj42/international_results,"Resultados oficiales publicos; Elo e historial usan solo partidos previos. Ranking FIFA, mercado, plantilla y fase exacta quedan vacios si no hay fuente real conectada."
20240618_Turkey_vs_Georgia,2024-06-18,UEFA Euro,unknown_stage_from_source,Turkey,Georgia,3,1,1,,1726.522,1632.825,,,,,,,,0.361964,,Dortmund,Germany,martj42/international_results,https://github.com/martj42/international_results,"Resultados oficiales publicos; Elo e historial usan solo partidos previos. Ranking FIFA, mercado, plantilla y fase exacta quedan vacios si no hay fuente real conectada."
20240618_Portugal_vs_Czech_Republic,2024-06-18,UEFA Euro,unknown_stage_from_source,Portugal,Czech Republic,2,1,1,,1950.023,1734.455,,,,,,,,0.571126,0.454479,Leipzig,Germany,martj42/international_results,https://github.com/martj42/international_results,"Resultados oficiales publicos; Elo e historial usan solo partidos previos. Ranking FIFA, mercado, plantilla y fase exacta quedan vacios si no hay fuente real conectada."
20240619_Germany_vs_Hungary,2024-06-19,UEFA Euro,unknown_stage_from_source,Germany,Hungary,2,0,0,,1920.875,1755.220,,,,,,,,0.655171,0.472803,Stuttgart,Germany,martj42/international_results,https://github.com/martj42/international_results,"Resultados oficiales publicos; Elo e historial usan solo partidos previos. Ranking FIFA, mercado, plantilla y fase exacta quedan vacios si no hay fuente real conectada."
20240619_Scotland_vs_Switzerland,2024-06-19,UEFA Euro,unknown_stage_from_source,Scotland,Switzerland,1,1,1,,1714.030,1815.612,,,,,,,,0.279545,0.390889,Cologne,Germany,martj42/international_results,https://github.com/martj42/international_results,"Resultados oficiales publicos; Elo e historial usan solo partidos previos. Ranking FIFA, mercado, plantilla y fase exacta quedan vacios si no hay fuente real conectada."
20240619_Croatia_vs_Albania,2024-06-19,UEFA Euro,unknown_stage_from_source,Croatia,Albania,2,2,1,,1867.016,1595.389,,,,,,,,0.510220,0.261250,Hamburg,Germany,martj42/international_results,https://github.com/martj42/international_results,"Resultados oficiales publicos; Elo e historial usan solo partidos previos. Ranking FIFA, mercado, plantilla y fase exacta quedan vacios si no hay fuente real conectada."
20240620_Spain_vs_Italy,2024-06-20,UEFA Euro,unknown_stage_from_source,Spain,Italy,1,0,1,,1990.660,1922.605,,,,,,,,0.572427,0.623992,Gelsenkirchen,Germany,martj42/international_results,https://github.com/martj42/international_results,"Resultados oficiales publicos; Elo e historial usan solo partidos previos. Ranking FIFA, mercado, plantilla y fase exacta quedan vacios si no hay fuente real conectada."
20240620_Slovenia_vs_Serbia,2024-06-20,UEFA Euro,unknown_stage_from_source,Slovenia,Serbia,1,1,1,,1695.737,1750.731,,,,,,,,0.254333,0.283571,Munich,Germany,martj42/international_results,https://github.com/martj42/international_results,"Resultados oficiales publicos; Elo e historial usan solo partidos previos. Ranking FIFA, mercado, plantilla y fase exacta quedan vacios si no hay fuente real conectada."
20240620_Denmark_vs_England,2024-06-20,UEFA Euro,unknown_stage_from_source,Denmark,England,1,1,1,,1818.550,1977.475,,,,,,,,0.420936,0.543289,Frankfurt,Germany,martj42/international_results,https://github.com/martj42/international_results,"Resultados oficiales publicos; Elo e historial usan solo partidos previos. Ranking FIFA, mercado, plantilla y fase exacta quedan vacios si no hay fuente real conectada."
20240620_Argentina_vs_Canada,2024-06-20,Copa América,unknown_stage_from_source,Argentina,Canada,2,0,1,,2064.829,1750.000,,,,,,,,0.690833,0.015000,Atlanta,United States,martj42/international_results,https://github.com/martj42/international_results,"Resultados oficiales publicos; Elo e historial usan solo partidos previos. Ranking FIFA, mercado, plantilla y fase exacta quedan vacios si no hay fuente real conectada."
20240621_Poland_vs_Austria,2024-06-21,UEFA Euro,unknown_stage_from_source,Poland,Austria,1,3,1,,1738.259,1777.063,,,,,,,,0.445912,0.406750,Berlin,Germany,martj42/international_results,https://github.com/martj42/international_results,"Resultados oficiales publicos; Elo e historial usan solo partidos previos. Ranking FIFA, mercado, plantilla y fase exacta quedan vacios si no hay fuente real conectada."
20240621_Netherlands_vs_France,2024-06-21,UEFA Euro,unknown_stage_from_source,Netherlands,France,0,0,1,,1956.926,2035.525,,,,,,,,0.626193,0.605570,Leipzig,Germany,martj42/international_results,https://github.com/martj42/international_results,"Resultados oficiales publicos; Elo e historial usan solo partidos previos. Ranking FIFA, mercado, plantilla y fase exacta quedan vacios si no hay fuente real conectada."
20240621_Slovakia_vs_Ukraine,2024-06-21,UEFA Euro,unknown_stage_from_source,Slovakia,Ukraine,1,2,1,,1704.966,1755.535,,,,,,,,0.375139,0.304902,Düsseldorf,Germany,martj42/international_results,https://github.com/martj42/international_results,"Resultados oficiales publicos; Elo e historial usan solo partidos previos. Ranking FIFA, mercado, plantilla y fase exacta quedan vacios si no hay fuente real conectada."
20240621_Peru_vs_Chile,2024-06-21,Copa América,unknown_stage_from_source,Peru,Chile,0,0,1,,1763.190,1730.725,,,,,,,,0.430382,0.420724,Arlington,United States,martj42/international_results,https://github.com/martj42/international_results,"Resultados oficiales publicos; Elo e historial usan solo partidos previos. Ranking FIFA, mercado, plantilla y fase exacta quedan vacios si no hay fuente real conectada."
20240622_Belgium_vs_Romania,2024-06-22,UEFA Euro,unknown_stage_from_source,Belgium,Romania,2,0,1,,1925.597,1705.106,,,,,,,,0.487095,0.365877,Cologne,Germany,martj42/international_results,https://github.com/martj42/international_results,"Resultados oficiales publicos; Elo e historial usan solo partidos previos. Ranking FIFA, mercado, plantilla y fase exacta quedan vacios si no hay fuente real conectada."
20240622_Georgia_vs_Czech_Republic,2024-06-22,UEFA Euro,unknown_stage_from_source,Georgia,Czech Republic,1,1,1,,1616.523,1725.035,,,,,,,,0.000000,0.442071,Hamburg,Germany,martj42/international_results,https://github.com/martj42/international_results,"Resultados oficiales publicos; Elo e historial usan solo partidos previos. Ranking FIFA, mercado, plantilla y fase exacta quedan vacios si no hay fuente real conectada."
20240622_Turkey_vs_Portugal,2024-06-22,UEFA Euro,unknown_stage_from_source,Turkey,Portugal,0,3,1,,1742.824,1959.443,,,,,,,,0.383966,0.576244,Dortmund,Germany,martj42/international_results,https://github.com/martj42/international_results,"Resultados oficiales publicos; Elo e historial usan solo partidos previos. Ranking FIFA, mercado, plantilla y fase exacta quedan vacios si no hay fuente real conectada."
20240622_Ecuador_vs_Venezuela,2024-06-22,Copa América,unknown_stage_from_source,Ecuador,Venezuela,1,2,1,,1831.787,1732.428,,,,,,,,0.206463,0.167810,Santa Clara,United States,martj42/international_results,https://github.com/martj42/international_results,"Resultados oficiales publicos; Elo e historial usan solo partidos previos. Ranking FIFA, mercado, plantilla y fase exacta quedan vacios si no hay fuente real conectada."
20240622_Mexico_vs_Jamaica,2024-06-22,Copa América,unknown_stage_from_source,Mexico,Jamaica,1,0,1,,1822.279,1681.372,,,,,,,,0.419614,0.106111,Houston,United States,martj42/international_results,https://github.com/martj42/international_results,"Resultados oficiales publicos; Elo e historial usan solo partidos previos. Ranking FIFA, mercado, plantilla y fase exacta quedan vacios si no hay fuente real conectada."
20240623_Germany_vs_Switzerland,2024-06-23,UEFA Euro,unknown_stage_from_source,Germany,Switzerland,1,1,0,,1932.811,1809.641,,,,,,,,0.657236,0.390437,Frankfurt,Germany,martj42/international_results,https://github.com/martj42/international_results,"Resultados oficiales publicos; Elo e historial usan solo partidos previos. Ranking FIFA, mercado, plantilla y fase exacta quedan vacios si no hay fuente real conectada."
20240623_Scotland_vs_Hungary,2024-06-23,UEFA Euro,unknown_stage_from_source,Scotland,Hungary,0,1,1,,1720.001,1743.284,,,,,,,,0.282010,0.462296,Stuttgart,Germany,martj42/international_results,https://github.com/martj42/international_results,"Resultados oficiales publicos; Elo e historial usan solo partidos previos. Ranking FIFA, mercado, plantilla y fase exacta quedan vacios si no hay fuente real conectada."
20240623_United_States_vs_Bolivia,2024-06-23,Copa América,unknown_stage_from_source,United States,Bolivia,2,0,0,,1858.127,1573.054,,,,,,,,0.318152,0.207187,Arlington,United States,martj42/international_results,https://github.com/martj42/international_results,"Resultados oficiales publicos; Elo e historial usan solo partidos previos. Ranking FIFA, mercado, plantilla y fase exacta quedan vacios si no hay fuente real conectada."
20240623_Uruguay_vs_Panama,2024-06-23,Copa América,unknown_stage_from_source,Uruguay,Panama,3,1,1,,1913.551,1741.595,,,,,,,,0.600660,0.114167,Miami Gardens,United States,martj42/international_results,https://github.com/martj42/international_results,"Resultados oficiales publicos; Elo e historial usan solo partidos previos. Ranking FIFA, mercado, plantilla y fase exacta quedan vacios si no hay fuente real conectada."
20240624_Albania_vs_Spain,2024-06-24,UEFA Euro,unknown_stage_from_source,Albania,Spain,0,1,1,,1609.117,2007.598,,,,,,,,0.281667,0.575754,Düsseldorf,Germany,martj42/international_results,https://github.com/martj42/international_results,"Resultados oficiales publicos; Elo e historial usan solo partidos previos. Ranking FIFA, mercado, plantilla y fase exacta quedan vacios si no hay fuente real conectada."
20240624_Croatia_vs_Italy,2024-06-24,UEFA Euro,unknown_stage_from_source,Croatia,Italy,1,1,1,,1853.288,1905.667,,,,,,,,0.507500,0.619538,Leipzig,Germany,martj42/international_results,https://github.com/martj42/international_results,"Resultados oficiales publicos; Elo e historial usan solo partidos previos. Ranking FIFA, mercado, plantilla y fase exacta quedan vacios si no hay fuente real conectada."
20240624_Colombia_vs_Paraguay,2024-06-24,Copa América,unknown_stage_from_source,Colombia,Paraguay,2,1,1,,1934.447,1692.160,,,,,,,,0.448071,0.437377,Houston,United States,martj42/international_results,https://github.com/martj42/international_results,"Resultados oficiales publicos; Elo e historial usan solo partidos previos. Ranking FIFA, mercado, plantilla y fase exacta quedan vacios si no hay fuente real conectada."
20240624_Brazil_vs_Costa_Rica,2024-06-24,Copa América,unknown_stage_from_source,Brazil,Costa Rica,0,0,1,,1990.391,1720.376,,,,,,,,0.688148,0.348202,Inglewood,United States,martj42/international_results,https://github.com/martj42/international_results,"Resultados oficiales publicos; Elo e historial usan solo partidos previos. Ranking FIFA, mercado, plantilla y fase exacta quedan vacios si no hay fuente real conectada."
20240625_England_vs_Slovenia,2024-06-25,UEFA Euro,unknown_stage_from_source,England,Slovenia,0,0,1,,1968.487,1699.033,,,,,,,,0.541711,0.264242,Cologne,Germany,martj42/international_results,https://github.com/martj42/international_results,"Resultados oficiales publicos; Elo e historial usan solo partidos previos. Ranking FIFA, mercado, plantilla y fase exacta quedan vacios si no hay fuente real conectada."
20240625_Denmark_vs_Serbia,2024-06-25,UEFA Euro,unknown_stage_from_source,Denmark,Serbia,0,0,1,,1827.537,1747.434,,,,,,,,0.419943,0.287197,Munich,Germany,martj42/international_results,https://github.com/martj42/international_results,"Resultados oficiales publicos; Elo e historial usan solo partidos previos. Ranking FIFA, mercado, plantilla y fase exacta quedan vacios si no hay fuente real conectada."
20240625_Netherlands_vs_Austria,2024-06-25,UEFA Euro,unknown_stage_from_source,Netherlands,Austria,2,3,1,,1961.597,1797.213,,,,,,,,0.623455,0.421220,Berlin,Germany,martj42/international_results,https://github.com/martj42/international_results,"Resultados oficiales publicos; Elo e historial usan solo partidos previos. Ranking FIFA, mercado, plantilla y fase exacta quedan vacios si no hay fuente real conectada."
20240625_France_vs_Poland,2024-06-25,UEFA Euro,unknown_stage_from_source,France,Poland,1,1,1,,2030.854,1718.109,,,,,,,,0.603517,0.437654,Dortmund,Germany,martj42/international_results,https://github.com/martj42/international_results,"Resultados oficiales publicos; Elo e historial usan solo partidos previos. Ranking FIFA, mercado, plantilla y fase exacta quedan vacios si no hay fuente real conectada."
20240625_Peru_vs_Canada,2024-06-25,Copa América,unknown_stage_from_source,Peru,Canada,0,1,1,,1761.233,1744.335,,,,,,,,0.430009,0.012857,Kansas City,United States,martj42/international_results,https://github.com/martj42/international_results,"Resultados oficiales publicos; Elo e historial usan solo partidos previos. Ranking FIFA, mercado, plantilla y fase exacta quedan vacios si no hay fuente real conectada."
20240625_Chile_vs_Argentina,2024-06-25,Copa América,unknown_stage_from_source,Chile,Argentina,0,1,1,,1732.681,2070.495,,,,,,,,0.420465,0.691896,East Rutherford,United States,martj42/international_results,https://github.com/martj42/international_results,"Resultados oficiales publicos; Elo e historial usan solo partidos previos. Ranking FIFA, mercado, plantilla y fase exacta quedan vacios si no hay fuente real conectada."
20240626_Slovakia_vs_Romania,2024-06-26,UEFA Euro,unknown_stage_from_source,Slovakia,Romania,1,1,1,,1687.001,1695.905,,,,,,,,0.349744,0.356496,Frankfurt,Germany,martj42/international_results,https://github.com/martj42/international_results,"Resultados oficiales publicos; Elo e historial usan solo partidos previos. Ranking FIFA, mercado, plantilla y fase exacta quedan vacios si no hay fuente real conectada."
20240626_Ukraine_vs_Belgium,2024-06-26,UEFA Euro,unknown_stage_from_source,Ukraine,Belgium,0,0,1,,1773.500,1934.798,,,,,,,,0.341019,0.493933,Stuttgart,Germany,martj42/international_results,https://github.com/martj42/international_results,"Resultados oficiales publicos; Elo e historial usan solo partidos previos. Ranking FIFA, mercado, plantilla y fase exacta quedan vacios si no hay fuente real conectada."
20240626_Georgia_vs_Portugal,2024-06-26,UEFA Euro,unknown_stage_from_source,Georgia,Portugal,2,0,1,,1622.877,1971.275,,,,,,,,0.181667,0.582412,Gelsenkirchen,Germany,martj42/international_results,https://github.com/martj42/international_results,"Resultados oficiales publicos; Elo e historial usan solo partidos previos. Ranking FIFA, mercado, plantilla y fase exacta quedan vacios si no hay fuente real conectada."
20240626_Czech_Republic_vs_Turkey,2024-06-26,UEFA Euro,unknown_stage_from_source,Czech Republic,Turkey,1,2,1,,1718.681,1730.992,,,,,,,,0.439755,0.369667,Hamburg,Germany,martj42/international_results,https://github.com/martj42/international_results,"Resultados oficiales publicos; Elo e historial usan solo partidos previos. Ranking FIFA, mercado, plantilla y fase exacta quedan vacios si no hay fuente real conectada."
20240626_Ecuador_vs_Jamaica,2024-06-26,Copa América,unknown_stage_from_source,Ecuador,Jamaica,3,1,1,,1804.940,1668.451,,,,,,,,0.205310,0.100000,Las Vegas,United States,martj42/international_results,https://github.com/martj42/international_results,"Resultados oficiales publicos; Elo e historial usan solo partidos previos. Ranking FIFA, mercado, plantilla y fase exacta quedan vacios si no hay fuente real conectada."
20240626_Venezuela_vs_Mexico,2024-06-26,Copa América,unknown_stage_from_source,Venezuela,Mexico,1,0,1,,1759.275,1835.200,,,,,,,,0.178897,0.424526,Inglewood,United States,martj42/international_results,https://github.com/martj42/international_results,"Resultados oficiales publicos; Elo e historial usan solo partidos previos. Ranking FIFA, mercado, plantilla y fase exacta quedan vacios si no hay fuente real conectada."
20240627_United_States_vs_Panama,2024-06-27,Copa América,unknown_stage_from_source,United States,Panama,1,2,0,,1864.757,1730.000,,,,,,,,0.330327,0.097857,Atlanta,United States,martj42/international_results,https://github.com/martj42/international_results,"Resultados oficiales publicos; Elo e historial usan solo partidos previos. Ranking FIFA, mercado, plantilla y fase exacta quedan vacios si no hay fuente real conectada."
20240627_Uruguay_vs_Bolivia,2024-06-27,Copa América,unknown_stage_from_source,Uruguay,Bolivia,5,0,1,,1925.147,1566.424,,,,,,,,0.602162,0.205542,East Rutherford,United States,martj42/international_results,https://github.com/martj42/international_results,"Resultados oficiales publicos; Elo e historial usan solo partidos previos. Ranking FIFA, mercado, plantilla y fase exacta quedan vacios si no hay fuente real conectada."
20240628_Colombia_vs_Costa_Rica,2024-06-28,Copa América,unknown_stage_from_source,Colombia,Costa Rica,3,0,1,,1942.790,1734.048,,,,,,,,0.451519,0.348590,Glendale,United States,martj42/international_results,https://github.com/martj42/international_results,"Resultados oficiales publicos; Elo e historial usan solo partidos previos. Ranking FIFA, mercado, plantilla y fase exacta quedan vacios si no hay fuente real conectada."
20240628_Paraguay_vs_Brazil,2024-06-28,Copa América,unknown_stage_from_source,Paraguay,Brazil,1,4,1,,1683.817,1976.718,,,,,,,,0.435463,0.687086,Las Vegas,United States,martj42/international_results,https://github.com/martj42/international_results,"Resultados oficiales publicos; Elo e historial usan solo partidos previos. Ranking FIFA, mercado, plantilla y fase exacta quedan vacios si no hay fuente real conectada."
20240629_Switzerland_vs_Italy,2024-06-29,UEFA Euro,unknown_stage_from_source,Switzerland,Italy,2,0,1,,1816.789,1902.524,,,,,,,,0.390000,0.617583,Berlin,Germany,martj42/international_results,https://github.com/martj42/international_results,"Resultados oficiales publicos; Elo e historial usan solo partidos previos. Ranking FIFA, mercado, plantilla y fase exacta quedan vacios si no hay fuente real conectada."
20240629_Germany_vs_Denmark,2024-06-29,UEFA Euro,unknown_stage_from_source,Germany,Denmark,2,0,0,,1925.663,1822.780,,,,,,,,0.655486,0.418983,Dortmund,Germany,martj42/international_results,https://github.com/martj42/international_results,"Resultados oficiales publicos; Elo e historial usan solo partidos previos. Ranking FIFA, mercado, plantilla y fase exacta quedan vacios si no hay fuente real conectada."
20240629_Argentina_vs_Peru,2024-06-29,Copa América,unknown_stage_from_source,Argentina,Peru,2,0,1,,2075.751,1739.213,,,,,,,,0.692797,0.427882,Miami Gardens,United States,martj42/international_results,https://github.com/martj42/international_results,"Resultados oficiales publicos; Elo e historial usan solo partidos previos. Ranking FIFA, mercado, plantilla y fase exacta quedan vacios si no hay fuente real conectada."
20240629_Canada_vs_Chile,2024-06-29,Copa América,unknown_stage_from_source,Canada,Chile,0,0,1,,1766.355,1727.425,,,,,,,,0.130625,0.418782,Orlando,United States,martj42/international_results,https://github.com/martj42/international_results,"Resultados oficiales publicos; Elo e historial usan solo partidos previos. Ranking FIFA, mercado, plantilla y fase exacta quedan vacios si no hay fuente real conectada."
20240630_England_vs_Slovakia,2024-06-30,UEFA Euro,unknown_stage_from_source,England,Slovakia,2,1,1,,1954.834,1687.539,,,,,,,,0.540159,0.350714,Gelsenkirchen,Germany,martj42/international_results,https://github.com/martj42/international_results,"Resultados oficiales publicos; Elo e historial usan solo partidos previos. Ranking FIFA, mercado, plantilla y fase exacta quedan vacios si no hay fuente real conectada."
20240630_Spain_vs_Georgia,2024-06-30,UEFA Euro,unknown_stage_from_source,Spain,Georgia,4,1,1,,2011.447,1657.985,,,,,,,,0.579023,0.454444,Cologne,Germany,martj42/international_results,https://github.com/martj42/international_results,"Resultados oficiales publicos; Elo e historial usan solo partidos previos. Ranking FIFA, mercado, plantilla y fase exacta quedan vacios si no hay fuente real conectada."
20240630_Mexico_vs_Ecuador,2024-06-30,Copa América,unknown_stage_from_source,Mexico,Ecuador,0,0,1,,1809.683,1818.543,,,,,,,,0.421076,0.210946,Glendale,United States,martj42/international_results,https://github.com/martj42/international_results,"Resultados oficiales publicos; Elo e historial usan solo partidos previos. Ranking FIFA, mercado, plantilla y fase exacta quedan vacios si no hay fuente real conectada."
20240630_Jamaica_vs_Venezuela,2024-06-30,Copa América,unknown_stage_from_source,Jamaica,Venezuela,0,3,1,,1654.848,1784.792,,,,,,,,0.090909,0.189676,Austin,United States,martj42/international_results,https://github.com/martj42/international_results,"Resultados oficiales publicos; Elo e historial usan solo partidos previos. Ranking FIFA, mercado, plantilla y fase exacta quedan vacios si no hay fuente real conectada."
20240701_France_vs_Belgium,2024-07-01,UEFA Euro,unknown_stage_from_source,France,Belgium,1,0,1,,2015.810,1925.694,,,,,,,,0.601499,0.492215,Düsseldorf,Germany,martj42/international_results,https://github.com/martj42/international_results,"Resultados oficiales publicos; Elo e historial usan solo partidos previos. Ranking FIFA, mercado, plantilla y fase exacta quedan vacios si no hay fuente real conectada."
20240701_Portugal_vs_Slovenia,2024-07-01,UEFA Euro,unknown_stage_from_source,Portugal,Slovenia,0,0,1,,1936.167,1712.687,,,,,,,,0.574848,0.272500,Frankfurt,Germany,martj42/international_results,https://github.com/martj42/international_results,"Resultados oficiales publicos; Elo e historial usan solo partidos previos. Ranking FIFA, mercado, plantilla y fase exacta quedan vacios si no hay fuente real conectada."
20240701_United_States_vs_Uruguay,2024-07-01,Copa América,unknown_stage_from_source,United States,Uruguay,0,1,0,,1835.998,1932.429,,,,,,,,0.325322,0.604157,Kansas City,United States,martj42/international_results,https://github.com/martj42/international_results,"Resultados oficiales publicos; Elo e historial usan solo partidos previos. Ranking FIFA, mercado, plantilla y fase exacta quedan vacios si no hay fuente real conectada."
20240701_Bolivia_vs_Panama,2024-07-01,Copa América,unknown_stage_from_source,Bolivia,Panama,1,3,1,,1559.141,1758.759,,,,,,,,0.202861,0.205000,Orlando,United States,martj42/international_results,https://github.com/martj42/international_results,"Resultados oficiales publicos; Elo e historial usan solo partidos previos. Ranking FIFA, mercado, plantilla y fase exacta quedan vacios si no hay fuente real conectada."
20240702_Romania_vs_Netherlands,2024-07-02,UEFA Euro,unknown_stage_from_source,Romania,Netherlands,0,3,1,,1695.367,1931.342,,,,,,,,0.356667,0.617491,Munich,Germany,martj42/international_results,https://github.com/martj42/international_results,"Resultados oficiales publicos; Elo e historial usan solo partidos previos. Ranking FIFA, mercado, plantilla y fase exacta quedan vacios si no hay fuente real conectada."
20240702_Austria_vs_Turkey,2024-07-02,UEFA Euro,unknown_stage_from_source,Austria,Turkey,1,2,1,,1827.468,1751.248,,,,,,,,0.433929,0.388548,Leipzig,Germany,martj42/international_results,https://github.com/martj42/international_results,"Resultados oficiales publicos; Elo e historial usan solo partidos previos. Ranking FIFA, mercado, plantilla y fase exacta quedan vacios si no hay fuente real conectada."
20240702_Brazil_vs_Colombia,2024-07-02,Copa América,unknown_stage_from_source,Brazil,Colombia,1,1,1,,1984.749,1955.085,,,,,,,,0.688252,0.455529,Santa Clara,United States,martj42/international_results,https://github.com/martj42/international_results,"Resultados oficiales publicos; Elo e historial usan solo partidos previos. Ranking FIFA, mercado, plantilla y fase exacta quedan vacios si no hay fuente real conectada."
20240702_Costa_Rica_vs_Paraguay,2024-07-02,Copa América,unknown_stage_from_source,Costa Rica,Paraguay,2,1,1,,1721.754,1675.786,,,,,,,,0.338750,0.433131,Austin,United States,martj42/international_results,https://github.com/martj42/international_results,"Resultados oficiales publicos; Elo e historial usan solo partidos previos. Ranking FIFA, mercado, plantilla y fase exacta quedan vacios si no hay fuente real conectada."
20240704_Argentina_vs_Ecuador,2024-07-04,Copa América,unknown_stage_from_source,Argentina,Ecuador,1,1,1,,2080.791,1818.008,,,,,,,,0.693845,0.212019,Houston,United States,martj42/international_results,https://github.com/martj42/international_results,"Resultados oficiales publicos; Elo e historial usan solo partidos previos. Ranking FIFA, mercado, plantilla y fase exacta quedan vacios si no hay fuente real conectada."
20240705_Germany_vs_Spain,2024-07-05,UEFA Euro,unknown_stage_from_source,Germany,Spain,1,2,0,,1941.361,2017.246,,,,,,,,0.657525,0.583006,Stuttgart,Germany,martj42/international_results,https://github.com/martj42/international_results,"Resultados oficiales publicos; Elo e historial usan solo partidos previos. Ranking FIFA, mercado, plantilla y fase exacta quedan vacios si no hay fuente real conectada."
20240705_Portugal_vs_France,2024-07-05,UEFA Euro,unknown_stage_from_source,Portugal,France,0,0,1,,1924.258,2031.482,,,,,,,,0.572137,0.604444,Hamburg,Germany,martj42/international_results,https://github.com/martj42/international_results,"Resultados oficiales publicos; Elo e historial usan solo partidos previos. Ranking FIFA, mercado, plantilla y fase exacta quedan vacios si no hay fuente real conectada."
20240705_Venezuela_vs_Canada,2024-07-05,Copa América,unknown_stage_from_source,Venezuela,Canada,1,1,1,,1802.454,1764.012,,,,,,,,0.201393,0.156481,Arlington,United States,martj42/international_results,https://github.com/martj42/international_results,"Resultados oficiales publicos; Elo e historial usan solo partidos previos. Ranking FIFA, mercado, plantilla y fase exacta quedan vacios si no hay fuente real conectada."
20240706_England_vs_Switzerland,2024-07-06,UEFA Euro,unknown_stage_from_source,England,Switzerland,1,1,1,,1962.257,1844.366,,,,,,,,0.543736,0.399683,Düsseldorf,Germany,martj42/international_results,https://github.com/martj42/international_results,"Resultados oficiales publicos; Elo e historial usan solo partidos previos. Ranking FIFA, mercado, plantilla y fase exacta quedan vacios si no hay fuente real conectada."
20240706_Netherlands_vs_Turkey,2024-07-06,UEFA Euro,unknown_stage_from_source,Netherlands,Turkey,2,1,1,,1942.096,1776.782,,,,,,,,0.621854,0.406250,Berlin,Germany,martj42/international_results,https://github.com/martj42/international_results,"Resultados oficiales publicos; Elo e historial usan solo partidos previos. Ranking FIFA, mercado, plantilla y fase exacta quedan vacios si no hay fuente real conectada."
20240706_Uruguay_vs_Brazil,2024-07-06,Copa América,unknown_stage_from_source,Uruguay,Brazil,0,0,1,,1947.745,1982.961,,,,,,,,0.605466,0.687197,Las Vegas,United States,martj42/international_results,https://github.com/martj42/international_results,"Resultados oficiales publicos; Elo e historial usan solo partidos previos. Ranking FIFA, mercado, plantilla y fase exacta quedan vacios si no hay fuente real conectada."
20240706_Colombia_vs_Panama,2024-07-06,Copa América,unknown_stage_from_source,Colombia,Panama,5,0,1,,1956.873,1768.940,,,,,,,,0.454911,0.293333,Glendale,United States,martj42/international_results,https://github.com/martj42/international_results,"Resultados oficiales publicos; Elo e historial usan solo partidos previos. Ranking FIFA, mercado, plantilla y fase exacta quedan vacios si no hay fuente real conectada."
20240709_Spain_vs_France,2024-07-09,UEFA Euro,unknown_stage_from_source,Spain,France,2,1,1,,2033.731,2025.199,,,,,,,,0.586158,0.602452,Munich,Germany,martj42/international_results,https://github.com/martj42/international_results,"Resultados oficiales publicos; Elo e historial usan solo partidos previos. Ranking FIFA, mercado, plantilla y fase exacta quedan vacios si no hay fuente real conectada."
20240709_Argentina_vs_Canada,2024-07-09,Copa América,unknown_stage_from_source,Argentina,Canada,2,0,1,,2067.374,1766.326,,,,,,,,0.692721,0.177167,East Rutherford,United States,martj42/international_results,https://github.com/martj42/international_results,"Resultados oficiales publicos; Elo e historial usan solo partidos previos. Ranking FIFA, mercado, plantilla y fase exacta quedan vacios si no hay fuente real conectada."
20240710_Netherlands_vs_England,2024-07-10,UEFA Euro,unknown_stage_from_source,Netherlands,England,1,2,1,,1953.795,1955.392,,,,,,,,0.625219,0.542194,Dortmund,Germany,martj42/international_results,https://github.com/martj42/international_results,"Resultados oficiales publicos; Elo e historial usan solo partidos previos. Ranking FIFA, mercado, plantilla y fase exacta quedan vacios si no hay fuente real conectada."
20240710_Uruguay_vs_Colombia,2024-07-10,Copa América,unknown_stage_from_source,Uruguay,Colombia,0,1,1,,1949.867,1974.425,,,,,,,,0.604566,0.459444,Charlotte,United States,martj42/international_results,https://github.com/martj42/international_results,"Resultados oficiales publicos; Elo e historial usan solo partidos previos. Ranking FIFA, mercado, plantilla y fase exacta quedan vacios si no hay fuente real conectada."
20240713_Canada_vs_Uruguay,2024-07-13,Copa América,unknown_stage_from_source,Canada,Uruguay,2,2,1,,1760.229,1930.349,,,,,,,,0.161061,0.602494,Charlotte,United States,martj42/international_results,https://github.com/martj42/international_results,"Resultados oficiales publicos; Elo e historial usan solo partidos previos. Ranking FIFA, mercado, plantilla y fase exacta quedan vacios si no hay fuente real conectada."
20240714_Spain_vs_England,2024-07-14,UEFA Euro,unknown_stage_from_source,Spain,England,2,1,1,,2054.215,1976.296,,,,,,,,0.589258,0.545692,Berlin,Germany,martj42/international_results,https://github.com/martj42/international_results,"Resultados oficiales publicos; Elo e historial usan solo partidos previos. Ranking FIFA, mercado, plantilla y fase exacta quedan vacios si no hay fuente real conectada."
20240714_Argentina_vs_Colombia,2024-07-14,Copa América,unknown_stage_from_source,Argentina,Colombia,1,0,1,,2073.470,1993.943,,,,,,,,0.693763,0.462726,Miami Gardens,United States,martj42/international_results,https://github.com/martj42/international_results,"Resultados oficiales publicos; Elo e historial usan solo partidos previos. Ranking FIFA, mercado, plantilla y fase exacta quedan vacios si no hay fuente real conectada."
